2026-07-30 19:48:44.661 Uvicorn server started on :::8501

  You can now view your Streamlit app in your browser.

  Local URL: http://localhost:8501
  Network URL: http://192.168.1.7:8501
  External URL: http://122.164.203.54:8501

INFO  [alembic.runtime.migration] Context impl SQLiteImpl.
INFO  [alembic.runtime.migration] Will assume non-transactional DDL.
[ WARN:0@29.667] global cap.cpp:344 cv::VideoCapture::open VIDEOIO(DSHOW): backend is generally available but can't be used to capture by index
[ WARN:0@29.672] global cap.cpp:344 cv::VideoCapture::open VIDEOIO(DSHOW): backend is generally available but can't be used to capture by index
[ WARN:0@29.675] global cap.cpp:344 cv::VideoCapture::open VIDEOIO(DSHOW): backend is generally available but can't be used to capture by index
[ WARN:0@29.678] global cap.cpp:344 cv::VideoCapture::open VIDEOIO(DSHOW): backend is generally available but can't be used to capture by index
[ModelCache] Loading shared AI models (YOLO, InsightFace, FAISS, AMFR)...
Applied providers: ['CPUExecutionProvider'], with options: {'CPUExecutionProvider': {}}
find model: C:\Users\gokul krishana\OneDrive\Desktop\FaceRecognitionAI\models\.insightface\models\buffalo_l\1k3d68.onnx landmark_3d_68 ['None', 3, 192, 192] 0.0 1.0
Applied providers: ['CPUExecutionProvider'], with options: {'CPUExecutionProvider': {}}
find model: C:\Users\gokul krishana\OneDrive\Desktop\FaceRecognitionAI\models\.insightface\models\buffalo_l\2d106det.onnx landmark_2d_106 ['None', 3, 192, 192] 0.0 1.0
Applied providers: ['CPUExecutionProvider'], with options: {'CPUExecutionProvider': {}}
find model: C:\Users\gokul krishana\OneDrive\Desktop\FaceRecognitionAI\models\.insightface\models\buffalo_l\det_10g.onnx detection [1, 3, '?', '?'] 127.5 128.0
Applied providers: ['CPUExecutionProvider'], with options: {'CPUExecutionProvider': {}}
find model: C:\Users\gokul krishana\OneDrive\Desktop\FaceRecognitionAI\models\.insightface\models\buffalo_l\genderage.onnx genderage ['None', 3, 96, 96] 0.0 1.0
Applied providers: ['CPUExecutionProvider'], with options: {'CPUExecutionProvider': {}}
find model: C:\Users\gokul krishana\OneDrive\Desktop\FaceRecognitionAI\models\.insightface\models\buffalo_l\w600k_r50.onnx recognition ['None', 3, 112, 112] 127.5 127.5
set det-size: (640, 640)
[ModelCache] Models loaded — 100100 enrolled faces
INFO  [alembic.runtime.migration] Context impl SQLiteImpl.
INFO  [alembic.runtime.migration] Will assume non-transactional DDL.
INFO  [alembic.runtime.migration] Context impl SQLiteImpl.
INFO  [alembic.runtime.migration] Will assume non-transactional DDL.
[ WARN:1@77.410] global cap.cpp:344 cv::VideoCapture::open VIDEOIO(DSHOW): backend is generally available but can't be used to capture by index
[ WARN:1@77.412] global cap.cpp:344 cv::VideoCapture::open VIDEOIO(DSHOW): backend is generally available but can't be used to capture by index
[ WARN:1@77.414] global cap.cpp:344 cv::VideoCapture::open VIDEOIO(DSHOW): backend is generally available but can't be used to capture by index
[ WARN:1@77.416] global cap.cpp:344 cv::VideoCapture::open VIDEOIO(DSHOW): backend is generally available but can't be used to capture by index
INFO  [alembic.runtime.migration] Context impl SQLiteImpl.
INFO  [alembic.runtime.migration] Will assume non-transactional DDL.
C:\Users\gokul krishana\OneDrive\Desktop\FaceRecognitionAI\dashboard\pages\05_Attendance.py:342: DeprecationWarning: The argument video_transformer_factory is deprecated. Use video_processor_factory instead.
See https://github.com/whitphx/streamlit-webrtc#for-users-since-versions-020
  webrtc_ctx = webrtc_streamer(
C:\Users\gokul krishana\OneDrive\Desktop\FaceRecognitionAI\dashboard\pages\05_Attendance.py:342: DeprecationWarning: The argument video_transformer_factory is deprecated. Use video_processor_factory instead.
See https://github.com/whitphx/streamlit-webrtc#for-users-since-versions-020
  webrtc_ctx = webrtc_streamer(
C:\Users\gokul krishana\OneDrive\Desktop\FaceRecognitionAI\dashboard\pages\05_Attendance.py:342: DeprecationWarning: The argument video_transformer_factory is deprecated. Use video_processor_factory instead.
See https://github.com/whitphx/streamlit-webrtc#for-users-since-versions-020
  webrtc_ctx = webrtc_streamer(
C:\Users\gokul krishana\OneDrive\Desktop\FaceRecognitionAI\dashboard\pages\05_Attendance.py:342: DeprecationWarning: The argument video_transformer_factory is deprecated. Use video_processor_factory instead.
See https://github.com/whitphx/streamlit-webrtc#for-users-since-versions-020
  webrtc_ctx = webrtc_streamer(
C:\Users\gokul krishana\OneDrive\Desktop\FaceRecognitionAI\dashboard\pages\05_Attendance.py:342: DeprecationWarning: The argument video_transformer_factory is deprecated. Use video_processor_factory instead.
See https://github.com/whitphx/streamlit-webrtc#for-users-since-versions-020
  webrtc_ctx = webrtc_streamer(
C:\Users\gokul krishana\OneDrive\Desktop\FaceRecognitionAI\dashboard\pages\05_Attendance.py:342: DeprecationWarning: The argument video_transformer_factory is deprecated. Use video_processor_factory instead.
See https://github.com/whitphx/streamlit-webrtc#for-users-since-versions-020
  webrtc_ctx = webrtc_streamer(
C:\Users\gokul krishana\OneDrive\Desktop\FaceRecognitionAI\dashboard\pages\05_Attendance.py:342: DeprecationWarning: The argument video_transformer_factory is deprecated. Use video_processor_factory instead.
See https://github.com/whitphx/streamlit-webrtc#for-users-since-versions-020
  webrtc_ctx = webrtc_streamer(
C:\Users\gokul krishana\OneDrive\Desktop\FaceRecognitionAI\dashboard\pages\05_Attendance.py:342: DeprecationWarning: The argument video_transformer_factory is deprecated. Use video_processor_factory instead.
See https://github.com/whitphx/streamlit-webrtc#for-users-since-versions-020
  webrtc_ctx = webrtc_streamer(
C:\Users\gokul krishana\OneDrive\Desktop\FaceRecognitionAI\dashboard\pages\05_Attendance.py:342: DeprecationWarning: The argument video_transformer_factory is deprecated. Use video_processor_factory instead.
See https://github.com/whitphx/streamlit-webrtc#for-users-since-versions-020
  webrtc_ctx = webrtc_streamer(
C:\Users\gokul krishana\OneDrive\Desktop\FaceRecognitionAI\dashboard\pages\05_Attendance.py:342: DeprecationWarning: The argument video_transformer_factory is deprecated. Use video_processor_factory instead.
See https://github.com/whitphx/streamlit-webrtc#for-users-since-versions-020
  webrtc_ctx = webrtc_streamer(
C:\Users\gokul krishana\OneDrive\Desktop\FaceRecognitionAI\dashboard\pages\05_Attendance.py:342: DeprecationWarning: The argument video_transformer_factory is deprecated. Use video_processor_factory instead.
See https://github.com/whitphx/streamlit-webrtc#for-users-since-versions-020
  webrtc_ctx = webrtc_streamer(
C:\Users\gokul krishana\OneDrive\Desktop\FaceRecognitionAI\dashboard\pages\05_Attendance.py:342: DeprecationWarning: The argument video_transformer_factory is deprecated. Use video_processor_factory instead.
See https://github.com/whitphx/streamlit-webrtc#for-users-since-versions-020
  webrtc_ctx = webrtc_streamer(
WARNI [streamlit_webrtc.models] transform() is deprecated. Implement recv() instead.
WARNI [streamlit_webrtc.models] transform() is deprecated. Implement recv() instead.
C:\Users\gokul krishana\AppData\Local\Programs\Python\Python312\Lib\site-packages\insightface\utils\face_align.py:23: FutureWarning: `estimate` is deprecated since version 0.26 and will be removed in version 2.2. Please use `SimilarityTransform.from_estimate` class constructor instead.
  tform.estimate(lmk, dst)
C:\Users\gokul krishana\OneDrive\Desktop\FaceRecognitionAI\dashboard\pages\05_Attendance.py:342: DeprecationWarning: The argument video_transformer_factory is deprecated. Use video_processor_factory instead.
See https://github.com/whitphx/streamlit-webrtc#for-users-since-versions-020
  webrtc_ctx = webrtc_streamer(
ERROR [app.deep_liveness] Failed to download deep liveness model: HTTP Error 404: Not Found
WARNI [app.deep_liveness] Could not download ONNX model. Falling back to lightweight CNN.
WARNI [streamlit_webrtc.models] transform() is deprecated. Implement recv() instead.
C:\Users\gokul krishana\OneDrive\Desktop\FaceRecognitionAI\dashboard\pages\05_Attendance.py:342: DeprecationWarning: The argument video_transformer_factory is deprecated. Use video_processor_factory instead.
See https://github.com/whitphx/streamlit-webrtc#for-users-since-versions-020
  webrtc_ctx = webrtc_streamer(
C:\Users\gokul krishana\OneDrive\Desktop\FaceRecognitionAI\dashboard\pages\05_Attendance.py:342: DeprecationWarning: The argument video_transformer_factory is deprecated. Use video_processor_factory instead.
See https://github.com/whitphx/streamlit-webrtc#for-users-since-versions-020
  webrtc_ctx = webrtc_streamer(
WARNI [streamlit_webrtc.models] transform() is deprecated. Implement recv() instead.
C:\Users\gokul krishana\OneDrive\Desktop\FaceRecognitionAI\dashboard\pages\05_Attendance.py:342: DeprecationWarning: The argument video_transformer_factory is deprecated. Use video_processor_factory instead.
See https://github.com/whitphx/streamlit-webrtc#for-users-since-versions-020
  webrtc_ctx = webrtc_streamer(
WARNI [streamlit_webrtc.models] transform() is deprecated. Implement recv() instead.
WARNI [streamlit_webrtc.models] transform() is deprecated. Implement recv() instead.
WARNI [streamlit_webrtc.models] transform() is deprecated. Implement recv() instead.
WARNI [streamlit_webrtc.models] transform() is deprecated. Implement recv() instead.
WARNI [streamlit_webrtc.models] transform() is deprecated. Implement recv() instead.
WARNI [streamlit_webrtc.models] transform() is deprecated. Implement recv() instead.
WARNI [streamlit_webrtc.models] transform() is deprecated. Implement recv() instead.
WARNI [streamlit_webrtc.models] transform() is deprecated. Implement recv() instead.
WARNI [streamlit_webrtc.models] transform() is deprecated. Implement recv() instead.
WARNI [streamlit_webrtc.models] transform() is deprecated. Implement recv() instead.
WARNI [streamlit_webrtc.models] transform() is deprecated. Implement recv() instead.
WARNI [streamlit_webrtc.models] transform() is deprecated. Implement recv() instead.
C:\Users\gokul krishana\OneDrive\Desktop\FaceRecognitionAI\dashboard\pages\05_Attendance.py:342: DeprecationWarning: The argument video_transformer_factory is deprecated. Use video_processor_factory instead.
See https://github.com/whitphx/streamlit-webrtc#for-users-since-versions-020
  webrtc_ctx = webrtc_streamer(
WARNI [streamlit_webrtc.models] transform() is deprecated. Implement recv() instead.
WARNI [streamlit_webrtc.models] transform() is deprecated. Implement recv() instead.
C:\Users\gokul krishana\OneDrive\Desktop\FaceRecognitionAI\dashboard\pages\05_Attendance.py:342: DeprecationWarning: The argument video_transformer_factory is deprecated. Use video_processor_factory instead.
See https://github.com/whitphx/streamlit-webrtc#for-users-since-versions-020
  webrtc_ctx = webrtc_streamer(
C:\Users\gokul krishana\OneDrive\Desktop\FaceRecognitionAI\dashboard\pages\05_Attendance.py:342: DeprecationWarning: The argument video_transformer_factory is deprecated. Use video_processor_factory instead.
See https://github.com/whitphx/streamlit-webrtc#for-users-since-versions-020
  webrtc_ctx = webrtc_streamer(
C:\Users\gokul krishana\OneDrive\Desktop\FaceRecognitionAI\dashboard\pages\05_Attendance.py:342: DeprecationWarning: The argument video_transformer_factory is deprecated. Use video_processor_factory instead.
See https://github.com/whitphx/streamlit-webrtc#for-users-since-versions-020
  webrtc_ctx = webrtc_streamer(
C:\Users\gokul krishana\OneDrive\Desktop\FaceRecognitionAI\dashboard\pages\05_Attendance.py:342: DeprecationWarning: The argument video_transformer_factory is deprecated. Use video_processor_factory instead.
See https://github.com/whitphx/streamlit-webrtc#for-users-since-versions-020
  webrtc_ctx = webrtc_streamer(
C:\Users\gokul krishana\OneDrive\Desktop\FaceRecognitionAI\dashboard\pages\05_Attendance.py:342: DeprecationWarning: The argument video_transformer_factory is deprecated. Use video_processor_factory instead.
See https://github.com/whitphx/streamlit-webrtc#for-users-since-versions-020
  webrtc_ctx = webrtc_streamer(
C:\Users\gokul krishana\OneDrive\Desktop\FaceRecognitionAI\dashboard\pages\05_Attendance.py:342: DeprecationWarning: The argument video_transformer_factory is deprecated. Use video_processor_factory instead.
See https://github.com/whitphx/streamlit-webrtc#for-users-since-versions-020
  webrtc_ctx = webrtc_streamer(
C:\Users\gokul krishana\OneDrive\Desktop\FaceRecognitionAI\dashboard\pages\05_Attendance.py:342: DeprecationWarning: The argument video_transformer_factory is deprecated. Use video_processor_factory instead.
See https://github.com/whitphx/streamlit-webrtc#for-users-since-versions-020
  webrtc_ctx = webrtc_streamer(
C:\Users\gokul krishana\OneDrive\Desktop\FaceRecognitionAI\dashboard\pages\05_Attendance.py:342: DeprecationWarning: The argument video_transformer_factory is deprecated. Use video_processor_factory instead.
See https://github.com/whitphx/streamlit-webrtc#for-users-since-versions-020
  webrtc_ctx = webrtc_streamer(
C:\Users\gokul krishana\OneDrive\Desktop\FaceRecognitionAI\dashboard\pages\05_Attendance.py:342: DeprecationWarning: The argument video_transformer_factory is deprecated. Use video_processor_factory instead.
See https://github.com/whitphx/streamlit-webrtc#for-users-since-versions-020
  webrtc_ctx = webrtc_streamer(
C:\Users\gokul krishana\OneDrive\Desktop\FaceRecognitionAI\dashboard\pages\05_Attendance.py:342: DeprecationWarning: The argument video_transformer_factory is deprecated. Use video_processor_factory instead.
See https://github.com/whitphx/streamlit-webrtc#for-users-since-versions-020
  webrtc_ctx = webrtc_streamer(
C:\Users\gokul krishana\OneDrive\Desktop\FaceRecognitionAI\dashboard\pages\05_Attendance.py:342: DeprecationWarning: The argument video_transformer_factory is deprecated. Use video_processor_factory instead.
See https://github.com/whitphx/streamlit-webrtc#for-users-since-versions-020
  webrtc_ctx = webrtc_streamer(
C:\Users\gokul krishana\OneDrive\Desktop\FaceRecognitionAI\dashboard\pages\05_Attendance.py:342: DeprecationWarning: The argument video_transformer_factory is deprecated. Use video_processor_factory instead.
See https://github.com/whitphx/streamlit-webrtc#for-users-since-versions-020
  webrtc_ctx = webrtc_streamer(
C:\Users\gokul krishana\OneDrive\Desktop\FaceRecognitionAI\dashboard\pages\05_Attendance.py:342: DeprecationWarning: The argument video_transformer_factory is deprecated. Use video_processor_factory instead.
See https://github.com/whitphx/streamlit-webrtc#for-users-since-versions-020
  webrtc_ctx = webrtc_streamer(
C:\Users\gokul krishana\OneDrive\Desktop\FaceRecognitionAI\dashboard\pages\05_Attendance.py:342: DeprecationWarning: The argument video_transformer_factory is deprecated. Use video_processor_factory instead.
See https://github.com/whitphx/streamlit-webrtc#for-users-since-versions-020
  webrtc_ctx = webrtc_streamer(
C:\Users\gokul krishana\OneDrive\Desktop\FaceRecognitionAI\dashboard\pages\05_Attendance.py:342: DeprecationWarning: The argument video_transformer_factory is deprecated. Use video_processor_factory instead.
See https://github.com/whitphx/streamlit-webrtc#for-users-since-versions-020
  webrtc_ctx = webrtc_streamer(
C:\Users\gokul krishana\OneDrive\Desktop\FaceRecognitionAI\dashboard\pages\05_Attendance.py:342: DeprecationWarning: The argument video_transformer_factory is deprecated. Use video_processor_factory instead.
See https://github.com/whitphx/streamlit-webrtc#for-users-since-versions-020
  webrtc_ctx = webrtc_streamer(
C:\Users\gokul krishana\OneDrive\Desktop\FaceRecognitionAI\dashboard\pages\05_Attendance.py:342: DeprecationWarning: The argument video_transformer_factory is deprecated. Use video_processor_factory instead.
See https://github.com/whitphx/streamlit-webrtc#for-users-since-versions-020
  webrtc_ctx = webrtc_streamer(
[ WARN:2@365.648] global cap.cpp:344 cv::VideoCapture::open VIDEOIO(DSHOW): backend is generally available but can't be used to capture by index
[ WARN:2@365.837] global cap.cpp:344 cv::VideoCapture::open VIDEOIO(DSHOW): backend is generally available but can't be used to capture by index
[ WARN:2@365.840] global cap.cpp:344 cv::VideoCapture::open VIDEOIO(DSHOW): backend is generally available but can't be used to capture by index
[ WARN:2@365.842] global cap.cpp:344 cv::VideoCapture::open VIDEOIO(DSHOW): backend is generally available but can't be used to capture by index
C:\Users\gokul krishana\OneDrive\Desktop\FaceRecognitionAI\dashboard\pages\05_Attendance.py:342: DeprecationWarning: The argument video_transformer_factory is deprecated. Use video_processor_factory instead.
See https://github.com/whitphx/streamlit-webrtc#for-users-since-versions-020
  webrtc_ctx = webrtc_streamer(
[ WARN:3@369.365] global cap.cpp:344 cv::VideoCapture::open VIDEOIO(DSHOW): backend is generally available but can't be used to capture by index
[ WARN:3@369.367] global cap.cpp:344 cv::VideoCapture::open VIDEOIO(DSHOW): backend is generally available but can't be used to capture by index
[ WARN:3@369.371] global cap.cpp:344 cv::VideoCapture::open VIDEOIO(DSHOW): backend is generally available but can't be used to capture by index
[ WARN:3@369.374] global cap.cpp:344 cv::VideoCapture::open VIDEOIO(DSHOW): backend is generally available but can't be used to capture by index
[ModelCache] Loading shared AI models (YOLO, InsightFace, FAISS, AMFR)...
Applied providers: ['CPUExecutionProvider'], with options: {'CPUExecutionProvider': {}}
find model: C:\Users\gokul krishana\OneDrive\Desktop\FaceRecognitionAI\models\.insightface\models\buffalo_l\1k3d68.onnx landmark_3d_68 ['None', 3, 192, 192] 0.0 1.0
Applied providers: ['CPUExecutionProvider'], with options: {'CPUExecutionProvider': {}}
find model: C:\Users\gokul krishana\OneDrive\Desktop\FaceRecognitionAI\models\.insightface\models\buffalo_l\2d106det.onnx landmark_2d_106 ['None', 3, 192, 192] 0.0 1.0
Applied providers: ['CPUExecutionProvider'], with options: {'CPUExecutionProvider': {}}
find model: C:\Users\gokul krishana\OneDrive\Desktop\FaceRecognitionAI\models\.insightface\models\buffalo_l\det_10g.onnx detection [1, 3, '?', '?'] 127.5 128.0
Applied providers: ['CPUExecutionProvider'], with options: {'CPUExecutionProvider': {}}
find model: C:\Users\gokul krishana\OneDrive\Desktop\FaceRecognitionAI\models\.insightface\models\buffalo_l\genderage.onnx genderage ['None', 3, 96, 96] 0.0 1.0
Applied providers: ['CPUExecutionProvider'], with options: {'CPUExecutionProvider': {}}
find model: C:\Users\gokul krishana\OneDrive\Desktop\FaceRecognitionAI\models\.insightface\models\buffalo_l\w600k_r50.onnx recognition ['None', 3, 112, 112] 127.5 127.5
set det-size: (640, 640)
[ModelCache] Models loaded — 100100 enrolled faces
Applied providers: ['CPUExecutionProvider'], with options: {'CPUExecutionProvider': {}}
find model: C:\Users\gokul krishana\OneDrive\Desktop\FaceRecognitionAI\models\.insightface\models\buffalo_l\1k3d68.onnx landmark_3d_68 ['None', 3, 192, 192] 0.0 1.0
Applied providers: ['CPUExecutionProvider'], with options: {'CPUExecutionProvider': {}}
find model: C:\Users\gokul krishana\OneDrive\Desktop\FaceRecognitionAI\models\.insightface\models\buffalo_l\2d106det.onnx landmark_2d_106 ['None', 3, 192, 192] 0.0 1.0
Applied providers: ['CPUExecutionProvider'], with options: {'CPUExecutionProvider': {}}
find model: C:\Users\gokul krishana\OneDrive\Desktop\FaceRecognitionAI\models\.insightface\models\buffalo_l\det_10g.onnx detection [1, 3, '?', '?'] 127.5 128.0
Applied providers: ['CPUExecutionProvider'], with options: {'CPUExecutionProvider': {}}
find model: C:\Users\gokul krishana\OneDrive\Desktop\FaceRecognitionAI\models\.insightface\models\buffalo_l\genderage.onnx genderage ['None', 3, 96, 96] 0.0 1.0
Applied providers: ['CPUExecutionProvider'], with options: {'CPUExecutionProvider': {}}
find model: C:\Users\gokul krishana\OneDrive\Desktop\FaceRecognitionAI\models\.insightface\models\buffalo_l\w600k_r50.onnx recognition ['None', 3, 112, 112] 127.5 127.5
set det-size: (640, 640)
  ❌ AMFR UNKNOWN | risk=29.62% | quality=78.57%
  Saved unknown face: unknown_20260730_195428_584506.jpg
  ❌ AMFR UNKNOWN | risk=29.57% | quality=83.31%
  Saved unknown face: unknown_20260730_195434_702276.jpg
  ❌ AMFR UNKNOWN | risk=29.42% | quality=75.07%
  ❌ AMFR UNKNOWN | risk=30.17% | quality=80.26%
  ❌ AMFR UNKNOWN | risk=30.06% | quality=77.82%
  ❌ AMFR UNKNOWN | risk=29.85% | quality=77.90%
  ❌ AMFR UNKNOWN | risk=29.82% | quality=78.51%
  Saved unknown face: unknown_20260730_195438_422438.jpg
  ❌ AMFR UNKNOWN | risk=29.56% | quality=81.95%
  ❌ AMFR UNKNOWN | risk=29.69% | quality=80.47%
Applied providers: ['CPUExecutionProvider'], with options: {'CPUExecutionProvider': {}}
find model: C:\Users\gokul krishana\OneDrive\Desktop\FaceRecognitionAI\models\.insightface\models\buffalo_l\1k3d68.onnx landmark_3d_68 ['None', 3, 192, 192] 0.0 1.0
Applied providers: ['CPUExecutionProvider'], with options: {'CPUExecutionProvider': {}}
find model: C:\Users\gokul krishana\OneDrive\Desktop\FaceRecognitionAI\models\.insightface\models\buffalo_l\2d106det.onnx landmark_2d_106 ['None', 3, 192, 192] 0.0 1.0
Applied providers: ['CPUExecutionProvider'], with options: {'CPUExecutionProvider': {}}
find model: C:\Users\gokul krishana\OneDrive\Desktop\FaceRecognitionAI\models\.insightface\models\buffalo_l\det_10g.onnx detection [1, 3, '?', '?'] 127.5 128.0
Applied providers: ['CPUExecutionProvider'], with options: {'CPUExecutionProvider': {}}
find model: C:\Users\gokul krishana\OneDrive\Desktop\FaceRecognitionAI\models\.insightface\models\buffalo_l\genderage.onnx genderage ['None', 3, 96, 96] 0.0 1.0
Applied providers: ['CPUExecutionProvider'], with options: {'CPUExecutionProvider': {}}
find model: C:\Users\gokul krishana\OneDrive\Desktop\FaceRecognitionAI\models\.insightface\models\buffalo_l\w600k_r50.onnx recognition ['None', 3, 112, 112] 127.5 127.5
set det-size: (640, 640)
Applied providers: ['CPUExecutionProvider'], with options: {'CPUExecutionProvider': {}}
find model: C:\Users\gokul krishana\OneDrive\Desktop\FaceRecognitionAI\models\.insightface\models\buffalo_l\1k3d68.onnx landmark_3d_68 ['None', 3, 192, 192] 0.0 1.0
Applied providers: ['CPUExecutionProvider'], with options: {'CPUExecutionProvider': {}}
find model: C:\Users\gokul krishana\OneDrive\Desktop\FaceRecognitionAI\models\.insightface\models\buffalo_l\2d106det.onnx landmark_2d_106 ['None', 3, 192, 192] 0.0 1.0
Applied providers: ['CPUExecutionProvider'], with options: {'CPUExecutionProvider': {}}
find model: C:\Users\gokul krishana\OneDrive\Desktop\FaceRecognitionAI\models\.insightface\models\buffalo_l\det_10g.onnx detection [1, 3, '?', '?'] 127.5 128.0
Applied providers: ['CPUExecutionProvider'], with options: {'CPUExecutionProvider': {}}
find model: C:\Users\gokul krishana\OneDrive\Desktop\FaceRecognitionAI\models\.insightface\models\buffalo_l\genderage.onnx genderage ['None', 3, 96, 96] 0.0 1.0
Applied providers: ['CPUExecutionProvider'], with options: {'CPUExecutionProvider': {}}
find model: C:\Users\gokul krishana\OneDrive\Desktop\FaceRecognitionAI\models\.insightface\models\buffalo_l\w600k_r50.onnx recognition ['None', 3, 112, 112] 127.5 127.5
set det-size: (640, 640)
[ModelCache] Loading shared AI models (YOLO, InsightFace, FAISS, AMFR)...
Applied providers: ['CPUExecutionProvider'], with options: {'CPUExecutionProvider': {}}
find model: C:\Users\gokul krishana\OneDrive\Desktop\FaceRecognitionAI\models\.insightface\models\buffalo_l\1k3d68.onnx landmark_3d_68 ['None', 3, 192, 192] 0.0 1.0
Applied providers: ['CPUExecutionProvider'], with options: {'CPUExecutionProvider': {}}
find model: C:\Users\gokul krishana\OneDrive\Desktop\FaceRecognitionAI\models\.insightface\models\buffalo_l\2d106det.onnx landmark_2d_106 ['None', 3, 192, 192] 0.0 1.0
Applied providers: ['CPUExecutionProvider'], with options: {'CPUExecutionProvider': {}}
find model: C:\Users\gokul krishana\OneDrive\Desktop\FaceRecognitionAI\models\.insightface\models\buffalo_l\det_10g.onnx detection [1, 3, '?', '?'] 127.5 128.0
Applied providers: ['CPUExecutionProvider'], with options: {'CPUExecutionProvider': {}}
find model: C:\Users\gokul krishana\OneDrive\Desktop\FaceRecognitionAI\models\.insightface\models\buffalo_l\genderage.onnx genderage ['None', 3, 96, 96] 0.0 1.0
Applied providers: ['CPUExecutionProvider'], with options: {'CPUExecutionProvider': {}}
find model: C:\Users\gokul krishana\OneDrive\Desktop\FaceRecognitionAI\models\.insightface\models\buffalo_l\w600k_r50.onnx recognition ['None', 3, 112, 112] 127.5 127.5
set det-size: (640, 640)
[ModelCache] Models loaded — 100101 enrolled faces
[ModelCache] Loading shared AI models (YOLO, InsightFace, FAISS, AMFR)...
Applied providers: ['CPUExecutionProvider'], with options: {'CPUExecutionProvider': {}}
find model: C:\Users\gokul krishana\OneDrive\Desktop\FaceRecognitionAI\models\.insightface\models\buffalo_l\1k3d68.onnx landmark_3d_68 ['None', 3, 192, 192] 0.0 1.0
Applied providers: ['CPUExecutionProvider'], with options: {'CPUExecutionProvider': {}}
find model: C:\Users\gokul krishana\OneDrive\Desktop\FaceRecognitionAI\models\.insightface\models\buffalo_l\2d106det.onnx landmark_2d_106 ['None', 3, 192, 192] 0.0 1.0
Applied providers: ['CPUExecutionProvider'], with options: {'CPUExecutionProvider': {}}
find model: C:\Users\gokul krishana\OneDrive\Desktop\FaceRecognitionAI\models\.insightface\models\buffalo_l\det_10g.onnx detectionC:\Users\gokul krishana\OneDrive\Desktop\FaceRecognitionAI\dashboard\pages\05_Attendance.py:342: DeprecationWarning: The argument video_transformer_factory is deprecated. Use video_processor_factory instead.
See https://github.com/whitphx/streamlit-webrtc#for-users-since-versions-020
  webrtc_ctx = webrtc_streamer(
C:\Users\gokul krishana\AppData\Local\Programs\Python\Python312\Lib\site-packages\insightface\utils\face_align.py:23: FutureWarning: `estimate` is deprecated since version 0.26 and will be removed in version 2.2. Please use `SimilarityTransform.from_estimate` class constructor instead.
  tform.estimate(lmk, dst)
C:\Users\gokul krishana\OneDrive\Desktop\FaceRecognitionAI\dashboard\pages\05_Attendance.py:342: DeprecationWarning: The argument video_transformer_factory is deprecated. Use video_processor_factory instead.
See https://github.com/whitphx/streamlit-webrtc#for-users-since-versions-020
  webrtc_ctx = webrtc_streamer(
C:\Users\gokul krishana\AppData\Local\Programs\Python\Python312\Lib\site-packages\insightface\utils\face_align.py:23: FutureWarning: `estimate` is deprecated since version 0.26 and will be removed in version 2.2. Please use `SimilarityTransform.from_estimate` class constructor instead.
  tform.estimate(lmk, dst)
C:\Users\gokul krishana\OneDrive\Desktop\FaceRecognitionAI\dashboard\pages\05_Attendance.py:342: DeprecationWarning: The argument video_transformer_factory is deprecated. Use video_processor_factory instead.
See https://github.com/whitphx/streamlit-webrtc#for-users-since-versions-020
  webrtc_ctx = webrtc_streamer(
C:\Users\gokul krishana\AppData\Local\Programs\Python\Python312\Lib\site-packages\insightface\utils\face_align.py:23: FutureWarning: `estimate` is deprecated since version 0.26 and will be removed in version 2.2. Please use `SimilarityTransform.from_estimate` class constructor instead.
  tform.estimate(lmk, dst)
C:\Users\gokul krishana\OneDrive\Desktop\FaceRecognitionAI\dashboard\pages\05_Attendance.py:342: DeprecationWarning: The argument video_transformer_factory is deprecated. Use video_processor_factory instead.
See https://github.com/whitphx/streamlit-webrtc#for-users-since-versions-020
  webrtc_ctx = webrtc_streamer(
C:\Users\gokul krishana\AppData\Local\Programs\Python\Python312\Lib\site-packages\insightface\utils\face_align.py:23: FutureWarning: `estimate` is deprecated since version 0.26 and will be removed in version 2.2. Please use `SimilarityTransform.from_estimate` class constructor instead.
  tform.estimate(lmk, dst)
 [1, 3, '?', '?'] 127.5 128.0
Applied providers: ['CPUExecutionProvider'], with options: {'CPUExecutionProvider': {}}
find model: C:\Users\gokul krishana\OneDrive\Desktop\FaceRecognitionAI\models\.insightface\models\buffalo_l\genderage.onnx genderage ['None', 3, 96, 96] 0.0 1.0
Applied providers: ['CPUExecutionProvider'], with options: {'CPUExecutionProvider': {}}
find model: C:\Users\gokul krishana\OneDrive\Desktop\FaceRecognitionAI\models\.insightface\models\buffalo_l\w600k_r50.onnx recognition ['None', 3, 112, 112] 127.5 127.5
set det-size: (640, 640)
[ModelCache] Models loaded — 100101 enrolled faces
[Webcam] Opened camera #0 via DirectShow
[ModelCache] Loading shared AI models (YOLO, InsightFace, FAISS, AMFR)...
Applied providers: ['CPUExecutionProvider'], with options: {'CPUExecutionProvider': {}}
find model: C:\Users\gokul krishana\OneDrive\Desktop\FaceRecognitionAI\models\.insightface\models\buffalo_l\1k3d68.onnx landmark_3d_68 ['None', 3, 192, 192] 0.0 1.0
Applied providers: ['CPUExecutionProvider'], with options: {'CPUExecutionProvider': {}}
find model: C:\Users\gokul krishana\OneDrive\Desktop\FaceRecognitionAI\models\.insightface\models\buffalo_l\2d106det.onnx landmark_2d_106 ['None', 3, 192, 192] 0.0 1.0
Applied providers: ['CPUExecutionProvider'], with options: {'CPUExecutionProvider': {}}
find model: C:\Users\gokul krishana\OneDrive\Desktop\FaceRecognitionAI\models\.insightface\models\buffalo_l\det_10g.onnx detection [1, 3, '?', '?'] 127.5 128.0
Applied providers: ['CPUExecutionProvider'], with options: {'CPUExecutionProvider': {}}
find model: C:\Users\gokul krishana\OneDrive\Desktop\FaceRecognitionAI\models\.insightface\models\buffalo_l\genderage.onnx genderage ['None', 3, 96, 96] 0.0 1.0
Applied providers: ['CPUExecutionProvider'], with options: {'CPUExecutionProvider': {}}
find model: C:\Users\gokul krishana\OneDrive\Desktop\FaceRecognitionAI\models\.insightface\models\buffalo_l\w600k_r50.onnx recognition ['None', 3, 112, 112] 127.5 127.5
set det-size: (640, 640)
[ModelCache] Models loaded — 100101 enrolled faces
[ModelCache] Loading shared AI models (YOLO, InsightFace, FAISS, AMFR)...
Applied providers: ['CPUExecutionProvider'], with options: {'CPUExecutionProvider': {}}
find model: C:\Users\gokul krishana\OneDrive\Desktop\FaceRecognitionAI\models\.insightface\models\buffalo_l\1k3d68.onnx landmark_3d_68 ['None', 3, 192, 192] 0.0 1.0
Applied providers: ['CPUExecutionProvider'], with options: {'CPUExecutionProvider': {}}
find model: C:\Users\gokul krishana\OneDrive\Desktop\FaceRecognitionAI\models\.insightface\models\buffalo_l\2d106det.onnx landmark_2d_106 ['None', 3, 192, 192] 0.0 1.0
Applied providers: ['CPUExecutionProvider'], with options: {'CPUExecutionProvider': {}}
find model: C:\Users\gokul krishana\OneDrive\Desktop\FaceRecognitionAI\models\.insightface\models\buffalo_l\det_10g.onnx detection [1, 3, '?', '?'] 127.5 128.0
Applied providers: ['CPUExecutionProvider'], with options: {'CPUExecutionProvider': {}}
find model: C:\Users\gokul krishana\OneDrive\Desktop\FaceRecognitionAI\models\.insightface\models\buffalo_l\genderage.onnx genderage ['None', 3, 96, 96] 0.0 1.0
Applied providers: ['CPUExecutionProvider'], with options: {'CPUExecutionProvider': {}}
find model: C:\Users\gokul krishana\OneDrive\Desktop\FaceRecognitionAI\models\.insightface\models\buffalo_l\w600k_r50.onnx recognition ['None', 3, 112, 112] 127.5 127.5
set det-size: (640, 640)
[ModelCache] Models loaded — 100101 enrolled faces
[ModelCache] Loading shared AI models (YOLO, InsightFace, FAISS, AMFR)...
Applied providers: ['CPUExecutionProvider'], with options: {'CPUExecutionProvider': {}}
find model: C:\Users\gokul krishana\OneDrive\Desktop\FaceRecognitionAI\models\.insightface\models\buffalo_l\1k3d68.onnx landmark_3d_68 ['None', 3, 192, 192] 0.0 1.0
Applied providers: ['CPUExecutionProvider'], with options: {'CPUExecutionProvider': {}}
find model: C:\Users\gokul krishana\OneDrive\Desktop\FaceRecognitionAI\models\.insightface\models\buffalo_l\2d106det.onnx landmark_2d_106 ['None', 3, 192, 192] 0.0 1.0
Applied providers: ['CPUExecutionProvider'], with options: {'CPUExecutionProvider': {}}
find model: C:\Users\gokul krishana\OneDrive\Desktop\FaceRecognitionAI\models\.insightface\models\buffalo_l\det_10g.onnx detection [1, 3, '?', '?'] 127.5 128.0
Applied providers: ['CPUExecutionProvider'], with options: {'CPUExecutionProvider': {}}
find model: C:\Users\gokul krishana\OneDrive\Desktop\FaceRecognitionAI\models\.insightface\models\buffalo_l\genderage.onnx genderage ['None', 3, 96, 96] 0.0 1.0
Applied providers: ['CPUExecutionProvider'], with options: {'CPUExecutionProvider': {}}
find model: C:\Users\gokul krishana\OneDrive\Desktop\FaceRecognitionAI\models\.insightface\models\buffalo_l\w600k_r50.onnx recognition ['None', 3, 112, 112] 127.5 127.5
set det-size: (640, 640)
[ModelCache] Models loaded — 100101 enrolled faces
[ModelCache] Loading shared AI models (YOLO, InsightFace, FAISS, AMFR)...
Applied providers: ['CPUExecutionProvider'], with options: {'CPUExecutionProvider': {}}
find model: C:\Users\gokul krishana\OneDrive\Desktop\FaceRecognitionAI\models\.insightface\models\buffalo_l\1k3d68.onnx landmark_3d_68 ['None', 3, 192, 192] 0.0 1.0
Applied providers: ['CPUExecutionProvider'], with options: {'CPUExecutionProvider': {}}
find model: C:\Users\gokul krishana\OneDrive\Desktop\FaceRecognitionAI\models\.insightface\models\buffalo_l\2d106det.onnx landmark_2d_106 ['None', 3, 192, 192] 0.0 1.0
Applied providers: ['CPUExecutionProvider'], with options: {'CPUExecutionProvider': {}}
find model: C:\Users\gokul krishana\OneDrive\Desktop\FaceRecognitionAI\models\.insightface\models\buffalo_l\det_10g.onnx detection [1, 3, '?', '?'] 127.5 128.0
Applied providers: ['CPUExecutionProvider'], with options: {'CPUExecutionProvider': {}}
find model: C:\Users\gokul krishana\OneDrive\Desktop\FaceRecognitionAI\models\.insightface\models\buffalo_l\genderage.onnx genderage ['None', 3, 96, 96] 0.0 1.0
Applied providers: ['CPUExecutionProvider'], with options: {'CPUExecutionProvider': {}}
find model: C:\Users\gokul krishana\OneDrive\Desktop\FaceRecognitionAI\models\.insightface\models\buffalo_l\w600k_r50.onnx recognition ['None', 3, 112, 112] 127.5 127.5
set det-size: (640, 640)
[ModelCache] Models loaded — 100101 enrolled faces
[ModelCache] Loading shared AI models (YOLO, InsightFace, FAISS, AMFR)...
Applied providers: ['CPUExecutionProvider'], with options: {'CPUExecutionProvider': {}}
find model: C:\Users\gokul krishana\OneDrive\Desktop\FaceRecognitionAI\models\.insightface\models\buffalo_l\1k3d68.onnx landmark_3d_68 ['None', 3, 192, 192] 0.0 1.0
Applied providers: ['CPUExecutionProvider'], with options: {'CPUExecutionProvider': {}}
find model: C:\Users\gokul krishana\OneDrive\Desktop\FaceRecognitionAI\models\.insightface\models\buffalo_l\2d106det.onnx landmark_2d_106 ['None', 3, 192, 192] 0.0 1.0
Applied providers: ['CPUExecutionProvider'], with options: {'CPUExecutionProvider': {}}
find model: C:\Users\gokul krishana\OneDrive\Desktop\FaceRecognitionAI\models\.insightface\models\buffalo_l\det_10g.onnx detection [1, 3, '?', '?'] 127.5 128.0
Applied providers: ['CPUExecutionProvider'], with options: {'CPUExecutionProvider': {}}
find model: C:\Users\gokul krishana\OneDrive\Desktop\FaceRecognitionAI\models\.insightface\models\buffalo_l\genderage.onnx genderage ['None', 3, 96, 96] 0.0 1.0
Applied providers: ['CPUExecutionProvider'], with options: {'CPUExecutionProvider': {}}
find model: C:\Users\gokul krishana\OneDrive\Desktop\FaceRecognitionAI\models\.insightface\models\buffalo_l\w600k_r50.onnx recognition ['None', 3, 112, 112] 127.5 127.5
set det-size: (640, 640)
[ModelCache] Models loaded — 100101 enrolled faces
[ModelCache] Loading shared AI models (YOLO, InsightFace, FAISS, AMFR)...
Applied providers: ['CPUExecutionProvider'], with options: {'CPUExecutionProvider': {}}
find model: C:\Users\gokul krishana\OneDrive\Desktop\FaceRecognitionAI\models\.insightface\models\buffalo_l\1k3d68.onnx landmark_3d_68 ['None', 3, 192, 192] 0.0 1.0
Applied providers: ['CPUExecutionProvider'], with options: {'CPUExecutionProvider': {}}C:\Users\gokul krishana\OneDrive\Desktop\FaceRecognitionAI\dashboard\pages\05_Attendance.py:342: DeprecationWarning: The argument video_transformer_factory is deprecated. Use video_processor_factory instead.
See https://github.com/whitphx/streamlit-webrtc#for-users-since-versions-020
  webrtc_ctx = webrtc_streamer(
C:\Users\gokul krishana\AppData\Local\Programs\Python\Python312\Lib\site-packages\insightface\utils\face_align.py:23: FutureWarning: `estimate` is deprecated since version 0.26 and will be removed in version 2.2. Please use `SimilarityTransform.from_estimate` class constructor instead.
  tform.estimate(lmk, dst)
C:\Users\gokul krishana\OneDrive\Desktop\FaceRecognitionAI\dashboard\pages\05_Attendance.py:342: DeprecationWarning: The argument video_transformer_factory is deprecated. Use video_processor_factory instead.
See https://github.com/whitphx/streamlit-webrtc#for-users-since-versions-020
  webrtc_ctx = webrtc_streamer(
C:\Users\gokul krishana\AppData\Local\Programs\Python\Python312\Lib\site-packages\insightface\utils\face_align.py:23: FutureWarning: `estimate` is deprecated since version 0.26 and will be removed in version 2.2. Please use `SimilarityTransform.from_estimate` class constructor instead.
  tform.estimate(lmk, dst)
C:\Users\gokul krishana\OneDrive\Desktop\FaceRecognitionAI\dashboard\pages\05_Attendance.py:342: DeprecationWarning: The argument video_transformer_factory is deprecated. Use video_processor_factory instead.
See https://github.com/whitphx/streamlit-webrtc#for-users-since-versions-020
  webrtc_ctx = webrtc_streamer(
C:\Users\gokul krishana\AppData\Local\Programs\Python\Python312\Lib\site-packages\insightface\utils\face_align.py:23: FutureWarning: `estimate` is deprecated since version 0.26 and will be removed in version 2.2. Please use `SimilarityTransform.from_estimate` class constructor instead.
  tform.estimate(lmk, dst)
C:\Users\gokul krishana\OneDrive\Desktop\FaceRecognitionAI\dashboard\pages\05_Attendance.py:342: DeprecationWarning: The argument video_transformer_factory is deprecated. Use video_processor_factory instead.
See https://github.com/whitphx/streamlit-webrtc#for-users-since-versions-020
  webrtc_ctx = webrtc_streamer(

find model: C:\Users\gokul krishana\OneDrive\Desktop\FaceRecognitionAI\models\.insightface\models\buffalo_l\2d106det.onnx landmark_2d_106 ['None', 3, 192, 192] 0.0 1.0
Applied providers: ['CPUExecutionProvider'], with options: {'CPUExecutionProvider': {}}
find model: C:\Users\gokul krishana\OneDrive\Desktop\FaceRecognitionAI\models\.insightface\models\buffalo_l\det_10g.onnx detection [1, 3, '?', '?'] 127.5 128.0
Applied providers: ['CPUExecutionProvider'], with options: {'CPUExecutionProvider': {}}
find model: C:\Users\gokul krishana\OneDrive\Desktop\FaceRecognitionAI\models\.insightface\models\buffalo_l\genderage.onnx genderage ['None', 3, 96, 96] 0.0 1.0
Applied providers: ['CPUExecutionProvider'], with options: {'CPUExecutionProvider': {}}
find model: C:\Users\gokul krishana\OneDrive\Desktop\FaceRecognitionAI\models\.insightface\models\buffalo_l\w600k_r50.onnx recognition ['None', 3, 112, 112] 127.5 127.5
set det-size: (640, 640)
[ModelCache] Models loaded — 100101 enrolled faces
[ModelCache] Loading shared AI models (YOLO, InsightFace, FAISS, AMFR)...
Applied providers: ['CPUExecutionProvider'], with options: {'CPUExecutionProvider': {}}
find model: C:\Users\gokul krishana\OneDrive\Desktop\FaceRecognitionAI\models\.insightface\models\buffalo_l\1k3d68.onnx landmark_3d_68 ['None', 3, 192, 192] 0.0 1.0
Applied providers: ['CPUExecutionProvider'], with options: {'CPUExecutionProvider': {}}
find model: C:\Users\gokul krishana\OneDrive\Desktop\FaceRecognitionAI\models\.insightface\models\buffalo_l\2d106det.onnx landmark_2d_106 ['None', 3, 192, 192] 0.0 1.0
Applied providers: ['CPUExecutionProvider'], with options: {'CPUExecutionProvider': {}}
find model: C:\Users\gokul krishana\OneDrive\Desktop\FaceRecognitionAI\models\.insightface\models\buffalo_l\det_10g.onnx detection [1, 3, '?', '?'] 127.5 128.0
Applied providers: ['CPUExecutionProvider'], with options: {'CPUExecutionProvider': {}}
find model: C:\Users\gokul krishana\OneDrive\Desktop\FaceRecognitionAI\models\.insightface\models\buffalo_l\genderage.onnx genderage ['None', 3, 96, 96] 0.0 1.0
Applied providers: ['CPUExecutionProvider'], with options: {'CPUExecutionProvider': {}}
find model: C:\Users\gokul krishana\OneDrive\Desktop\FaceRecognitionAI\models\.insightface\models\buffalo_l\w600k_r50.onnx recognition ['None', 3, 112, 112] 127.5 127.5
set det-size: (640, 640)
[ModelCache] Models loaded — 100101 enrolled faces
[ModelCache] Loading shared AI models (YOLO, InsightFace, FAISS, AMFR)...
Applied providers: ['CPUExecutionProvider'], with options: {'CPUExecutionProvider': {}}
find model: C:\Users\gokul krishana\OneDrive\Desktop\FaceRecognitionAI\models\.insightface\models\buffalo_l\1k3d68.onnx landmark_3d_68 ['None', 3, 192, 192] 0.0 1.0
Applied providers: ['CPUExecutionProvider'], with options: {'CPUExecutionProvider': {}}
find model: C:\Users\gokul krishana\OneDrive\Desktop\FaceRecognitionAI\models\.insightface\models\buffalo_l\2d106det.onnx landmark_2d_106 ['None', 3, 192, 192] 0.0 1.0
Applied providers: ['CPUExecutionProvider'], with options: {'CPUExecutionProvider': {}}
find model: C:\Users\gokul krishana\OneDrive\Desktop\FaceRecognitionAI\models\.insightface\models\buffalo_l\det_10g.onnx detection [1, 3, '?', '?'] 127.5 128.0
Applied providers: ['CPUExecutionProvider'], with options: {'CPUExecutionProvider': {}}
find model: C:\Users\gokul krishana\OneDrive\Desktop\FaceRecognitionAI\models\.insightface\models\buffalo_l\genderage.onnx genderage ['None', 3, 96, 96] 0.0 1.0
Applied providers: ['CPUExecutionProvider'], with options: {'CPUExecutionProvider': {}}
find model: C:\Users\gokul krishana\OneDrive\Desktop\FaceRecognitionAI\models\.insightface\models\buffalo_l\w600k_r50.onnx recognition ['None', 3, 112, 112] 127.5 127.5
set det-size: (640, 640)
[ModelCache] Models loaded — 100101 enrolled faces
[ModelCache] Loading shared AI models (YOLO, InsightFace, FAISS, AMFR)...
Applied providers: ['CPUExecutionProvider'], with options: {'CPUExecutionProvider': {}}
find model: C:\Users\gokul krishana\OneDrive\Desktop\FaceRecognitionAI\models\.insightface\models\buffalo_l\1k3d68.onnx landmark_3d_68 ['None', 3, 192, 192] 0.0 1.0
Applied providers: ['CPUExecutionProvider'], with options: {'CPUExecutionProvider': {}}
find model: C:\Users\gokul krishana\OneDrive\Desktop\FaceRecognitionAI\models\.insightface\models\buffalo_l\2d106det.onnx landmark_2d_106 ['None', 3, 192, 192] 0.0 1.0
Applied providers: ['CPUExecutionProvider'], with options: {'CPUExecutionProvider': {}}
find model: C:\Users\gokul krishana\OneDrive\Desktop\FaceRecognitionAI\models\.insightface\models\buffalo_l\det_10g.onnx detection [1, 3, '?', '?'] 127.5 128.0
Applied providers: ['CPUExecutionProvider'], with options: {'CPUExecutionProvider': {}}
find model: C:\Users\gokul krishana\OneDrive\Desktop\FaceRecognitionAI\models\.insightface\models\buffalo_l\genderage.onnx genderage ['None', 3, 96, 96] 0.0 1.0
Applied providers: ['CPUExecutionProvider'], with options: {'CPUExecutionProvider': {}}
find model: C:\Users\gokul krishana\OneDrive\Desktop\FaceRecognitionAI\models\.insightface\models\buffalo_l\w600k_r50.onnx recognition ['None', 3, 112, 112] 127.5 127.5
set det-size: (640, 640)
[ModelCache] Models loaded — 100101 enrolled faces
[ModelCache] Loading shared AI models (YOLO, InsightFace, FAISS, AMFR)...
Applied providers: ['CPUExecutionProvider'], with options: {'CPUExecutionProvider': {}}
find model: C:\Users\gokul krishana\OneDrive\Desktop\FaceRecognitionAI\models\.insightface\models\buffalo_l\1k3d68.onnx landmark_3d_68 ['None', 3, 192, 192] 0.0 1.0
Applied providers: ['CPUExecutionProvider'], with options: {'CPUExecutionProvider': {}}
find model: C:\Users\gokul krishana\OneDrive\Desktop\FaceRecognitionAI\models\.insightface\models\buffalo_l\2d106det.onnx landmark_2d_106 ['None', 3, 192, 192] 0.0 1.0
Applied providers: ['CPUExecutionProvider'], with options: {'CPUExecutionProvider': {}}
find model: C:\Users\gokul krishana\OneDrive\Desktop\FaceRecognitionAI\models\.insightface\models\buffalo_l\det_10g.onnx detection [1, 3, '?', '?'] 127.5 128.0
Applied providers: ['CPUExecutionProvider'], with options: {'CPUExecutionProvider': {}}
find model: C:\Users\gokul krishana\OneDrive\Desktop\FaceRecognitionAI\models\.insightface\models\buffalo_l\genderage.onnx genderage ['None', 3, 96, 96] 0.0 1.0
Applied providers: ['CPUExecutionProvider'], with options: {'CPUExecutionProvider': {}}
find model: C:\Users\gokul krishana\OneDrive\Desktop\FaceRecognitionAI\models\.insightface\models\buffalo_l\w600k_r50.onnx recognition ['None', 3, 112, 112] 127.5 127.5
set det-size: (640, 640)
[ModelCache] Models loaded — 100101 enrolled faces
[ModelCache] Loading shared AI models (YOLO, InsightFace, FAISS, AMFR)...
Applied providers: ['CPUExecutionProvider'], with options: {'CPUExecutionProvider': {}}
find model: C:\Users\gokul krishana\OneDrive\Desktop\FaceRecognitionAI\models\.insightface\models\buffalo_l\1k3d68.onnx landmark_3d_68 ['None', 3, 192, 192] 0.0 1.0
Applied providers: ['CPUExecutionProvider'], with options: {'CPUExecutionProvider': {}}
find model: C:\Users\gokul krishana\OneDrive\Desktop\FaceRecognitionAI\models\.insightface\models\buffalo_l\2d106det.onnx landmark_2d_106 ['None', 3, 192, 192] 0.0 1.0
Applied providers: ['CPUExecutionProvider'], with options: {'CPUExecutionProvider': {}}
find model: C:\Users\gokul krishana\OneDrive\Desktop\FaceRecognitionAI\models\.insightface\models\buffalo_l\det_10g.onnx detection [1, 3, '?', '?'] 127.5 128.0
Applied providers: ['CPUExecutionProvider'], with options: {'CPUExecutionProvider': {}}
find model: C:\Users\gokul krishana\OneDrive\Desktop\FaceRecognitionAI\models\.insightface\models\buffalo_l\genderage.onnx genderage ['None', 3, 96, 96] 0.0 1.0
Applied providers: ['CPUExecutionProvider'], with options: {'CPUExecutionProvider': {}}
find model: C:\Users\gokul krishana\OneDrive\Desktop\FaceRecognitionAI\models\.insightface\models\buffalo_l\w600k_r50.onnx recognition ['None', 3, 112, 112] 127.5 127.5
set det-size: (640, 640)
[ModelCache] Models loaded — 100101 enrolled faces
[ModelCache] Loading shared AI models (YOLO, InsightFace, FAISS, AMFR)...C:\Users\gokul krishana\AppData\Local\Programs\Python\Python312\Lib\site-packages\insightface\utils\face_align.py:23: FutureWarning: `estimate` is deprecated since version 0.26 and will be removed in version 2.2. Please use `SimilarityTransform.from_estimate` class constructor instead.
  tform.estimate(lmk, dst)
C:\Users\gokul krishana\OneDrive\Desktop\FaceRecognitionAI\dashboard\pages\05_Attendance.py:342: DeprecationWarning: The argument video_transformer_factory is deprecated. Use video_processor_factory instead.
See https://github.com/whitphx/streamlit-webrtc#for-users-since-versions-020
  webrtc_ctx = webrtc_streamer(
C:\Users\gokul krishana\AppData\Local\Programs\Python\Python312\Lib\site-packages\insightface\utils\face_align.py:23: FutureWarning: `estimate` is deprecated since version 0.26 and will be removed in version 2.2. Please use `SimilarityTransform.from_estimate` class constructor instead.
  tform.estimate(lmk, dst)
C:\Users\gokul krishana\OneDrive\Desktop\FaceRecognitionAI\dashboard\pages\05_Attendance.py:342: DeprecationWarning: The argument video_transformer_factory is deprecated. Use video_processor_factory instead.
See https://github.com/whitphx/streamlit-webrtc#for-users-since-versions-020
  webrtc_ctx = webrtc_streamer(
C:\Users\gokul krishana\AppData\Local\Programs\Python\Python312\Lib\site-packages\insightface\utils\face_align.py:23: FutureWarning: `estimate` is deprecated since version 0.26 and will be removed in version 2.2. Please use `SimilarityTransform.from_estimate` class constructor instead.
  tform.estimate(lmk, dst)

Applied providers: ['CPUExecutionProvider'], with options: {'CPUExecutionProvider': {}}
find model: C:\Users\gokul krishana\OneDrive\Desktop\FaceRecognitionAI\models\.insightface\models\buffalo_l\1k3d68.onnx landmark_3d_68 ['None', 3, 192, 192] 0.0 1.0
Applied providers: ['CPUExecutionProvider'], with options: {'CPUExecutionProvider': {}}
find model: C:\Users\gokul krishana\OneDrive\Desktop\FaceRecognitionAI\models\.insightface\models\buffalo_l\2d106det.onnx landmark_2d_106 ['None', 3, 192, 192] 0.0 1.0
Applied providers: ['CPUExecutionProvider'], with options: {'CPUExecutionProvider': {}}
find model: C:\Users\gokul krishana\OneDrive\Desktop\FaceRecognitionAI\models\.insightface\models\buffalo_l\det_10g.onnx detection [1, 3, '?', '?'] 127.5 128.0
Applied providers: ['CPUExecutionProvider'], with options: {'CPUExecutionProvider': {}}
find model: C:\Users\gokul krishana\OneDrive\Desktop\FaceRecognitionAI\models\.insightface\models\buffalo_l\genderage.onnx genderage ['None', 3, 96, 96] 0.0 1.0
Applied providers: ['CPUExecutionProvider'], with options: {'CPUExecutionProvider': {}}
find model: C:\Users\gokul krishana\OneDrive\Desktop\FaceRecognitionAI\models\.insightface\models\buffalo_l\w600k_r50.onnx recognition ['None', 3, 112, 112] 127.5 127.5
set det-size: (640, 640)
[ModelCache] Models loaded — 100101 enrolled faces
[ModelCache] Loading shared AI models (YOLO, InsightFace, FAISS, AMFR)...
Applied providers: ['CPUExecutionProvider'], with options: {'CPUExecutionProvider': {}}
find model: C:\Users\gokul krishana\OneDrive\Desktop\FaceRecognitionAI\models\.insightface\models\buffalo_l\1k3d68.onnx landmark_3d_68 ['None', 3, 192, 192] 0.0 1.0
Applied providers: ['CPUExecutionProvider'], with options: {'CPUExecutionProvider': {}}
find model: C:\Users\gokul krishana\OneDrive\Desktop\FaceRecognitionAI\models\.insightface\models\buffalo_l\2d106det.onnx landmark_2d_106 ['None', 3, 192, 192] 0.0 1.0
Applied providers: ['CPUExecutionProvider'], with options: {'CPUExecutionProvider': {}}
find model: C:\Users\gokul krishana\OneDrive\Desktop\FaceRecognitionAI\models\.insightface\models\buffalo_l\det_10g.onnx detection [1, 3, '?', '?'] 127.5 128.0
Applied providers: ['CPUExecutionProvider'], with options: {'CPUExecutionProvider': {}}
find model: C:\Users\gokul krishana\OneDrive\Desktop\FaceRecognitionAI\models\.insightface\models\buffalo_l\genderage.onnx genderage ['None', 3, 96, 96] 0.0 1.0
Applied providers: ['CPUExecutionProvider'], with options: {'CPUExecutionProvider': {}}
find model: C:\Users\gokul krishana\OneDrive\Desktop\FaceRecognitionAI\models\.insightface\models\buffalo_l\w600k_r50.onnx recognition ['None', 3, 112, 112] 127.5 127.5
set det-size: (640, 640)
[ModelCache] Models loaded — 100101 enrolled faces
[ModelCache] Loading shared AI models (YOLO, InsightFace, FAISS, AMFR)...
Applied providers: ['CPUExecutionProvider'], with options: {'CPUExecutionProvider': {}}
find model: C:\Users\gokul krishana\OneDrive\Desktop\FaceRecognitionAI\models\.insightface\models\buffalo_l\1k3d68.onnx landmark_3d_68 ['None', 3, 192, 192] 0.0 1.0
Applied providers: ['CPUExecutionProvider'], with options: {'CPUExecutionProvider': {}}
find model: C:\Users\gokul krishana\OneDrive\Desktop\FaceRecognitionAI\models\.insightface\models\buffalo_l\2d106det.onnx landmark_2d_106 ['None', 3, 192, 192] 0.0 1.0
Applied providers: ['CPUExecutionProvider'], with options: {'CPUExecutionProvider': {}}
find model: C:\Users\gokul krishana\OneDrive\Desktop\FaceRecognitionAI\models\.insightface\models\buffalo_l\det_10g.onnx detection [1, 3, '?', '?'] 127.5 128.0
Applied providers: ['CPUExecutionProvider'], with options: {'CPUExecutionProvider': {}}
find model: C:\Users\gokul krishana\OneDrive\Desktop\FaceRecognitionAI\models\.insightface\models\buffalo_l\genderage.onnx genderage ['None', 3, 96, 96] 0.0 1.0
Applied providers: ['CPUExecutionProvider'], with options: {'CPUExecutionProvider': {}}
find model: C:\Users\gokul krishana\OneDrive\Desktop\FaceRecognitionAI\models\.insightface\models\buffalo_l\w600k_r50.onnx recognition ['None', 3, 112, 112] 127.5 127.5
set det-size: (640, 640)
[ModelCache] Models loaded — 100101 enrolled faces
[ModelCache] Loading shared AI models (YOLO, InsightFace, FAISS, AMFR)...
Applied providers: ['CPUExecutionProvider'], with options: {'CPUExecutionProvider': {}}
find model: C:\Users\gokul krishana\OneDrive\Desktop\FaceRecognitionAI\models\.insightface\models\buffalo_l\1k3d68.onnx landmark_3d_68 ['None', 3, 192, 192] 0.0 1.0
Applied providers: ['CPUExecutionProvider'], with options: {'CPUExecutionProvider': {}}
find model: C:\Users\gokul krishana\OneDrive\Desktop\FaceRecognitionAI\models\.insightface\models\buffalo_l\2d106det.onnx landmark_2d_106 ['None', 3, 192, 192] 0.0 1.0
Applied providers: ['CPUExecutionProvider'], with options: {'CPUExecutionProvider': {}}
find model: C:\Users\gokul krishana\OneDrive\Desktop\FaceRecognitionAI\models\.insightface\models\buffalo_l\det_10g.onnx detection [1, 3, '?', '?'] 127.5 128.0
Applied providers: ['CPUExecutionProvider'], with options: {'CPUExecutionProvider': {}}
find model: C:\Users\gokul krishana\OneDrive\Desktop\FaceRecognitionAI\models\.insightface\models\buffalo_l\genderage.onnx genderage ['None', 3, 96, 96] 0.0 1.0
Applied providers: ['CPUExecutionProvider'], with options: {'CPUExecutionProvider': {}}
find model: C:\Users\gokul krishana\OneDrive\Desktop\FaceRecognitionAI\models\.insightface\models\buffalo_l\w600k_r50.onnx recognition ['None', 3, 112, 112] 127.5 127.5
set det-size: (640, 640)
[ModelCache] Models loaded — 100101 enrolled faces
[ModelCache] Loading shared AI models (YOLO, InsightFace, FAISS, AMFR)...
Applied providers: ['CPUExecutionProvider'], with options: {'CPUExecutionProvider': {}}
find model: C:\Users\gokul krishana\OneDrive\Desktop\FaceRecognitionAI\models\.insightface\models\buffalo_l\1k3d68.onnx landmark_3d_68 ['None', 3, 192, 192] 0.0 1.0
Applied providers: ['CPUExecutionProvider'], with options: {'CPUExecutionProvider': {}}
find model: C:\Users\gokul krishana\OneDrive\Desktop\FaceRecognitionAI\models\.insightface\models\buffalo_l\2d106det.onnx landmark_2d_106 ['None', 3, 192, 192] 0.0 1.0
Applied providers: ['CPUExecutionProvider'], with options: {'CPUExecutionProvider': {}}
find model: C:\Users\gokul krishana\OneDrive\Desktop\FaceRecognitionAI\models\.insightface\models\buffalo_l\det_10g.onnx detection [1, 3, '?', '?'] 127.5 128.0
Applied providers: ['CPUExecutionProvider'], with options: {'CPUExecutionProvider': {}}
find model: C:\Users\gokul krishana\OneDrive\Desktop\FaceRecognitionAI\models\.insightface\models\buffalo_l\genderage.onnx genderage ['None', 3, 96, 96] 0.0 1.0
Applied providers: ['CPUExecutionProvider'], with options: {'CPUExecutionProvider': {}}
find model: C:\Users\gokul krishana\OneDrive\Desktop\FaceRecognitionAI\models\.insightface\models\buffalo_l\w600k_r50.onnx recognition ['None', 3, 112, 112] 127.5 127.5
set det-size: (640, 640)
[ModelCache] Models loaded — 100101 enrolled faces
[ModelCache] Loading shared AI models (YOLO, InsightFace, FAISS, AMFR)...
Applied providers: ['CPUExecutionProvider'], with options: {'CPUExecutionProvider': {}}
find model: C:\Users\gokul krishana\OneDrive\Desktop\FaceRecognitionAI\models\.insightface\models\buffalo_l\1k3d68.onnx landmark_3d_68 ['None', 3, 192, 192] 0.0 1.0
Applied providers: ['CPUExecutionProvider'], with options: {'CPUExecutionProvider': {}}
find model: C:\Users\gokul krishana\OneDrive\Desktop\FaceRecognitionAI\models\.insightface\models\buffalo_l\2d106det.onnx landmark_2d_106 ['None', 3, 192, 192] 0.0 1.0
Applied providers: ['CPUExecutionProvider'], with options: {'CPUExecutionProvider': {}}
find model: C:\Users\gokul krishana\OneDrive\Desktop\FaceRecognitionAI\models\.insightface\models\buffalo_l\det_10g.onnx detection [1, 3, '?', '?'] 127.5 128.0
Applied providers: ['CPUExecutionProvider'], with options: {'CPUExecutionProvider': {}}
find model: C:\Users\gokul krishana\OneDrive\Desktop\FaceRecognitionAI\models\.insightface\models\buffalo_l\genderage.onnx genderage ['None', 3, 96, 96] 0.0 1.0
Applied providers: ['CPUExecutionProvider'], with options: {'CPUExecutionProvider': {}}C:\Users\gokul krishana\OneDrive\Desktop\FaceRecognitionAI\dashboard\pages\05_Attendance.py:342: DeprecationWarning: The argument video_transformer_factory is deprecated. Use video_processor_factory instead.
See https://github.com/whitphx/streamlit-webrtc#for-users-since-versions-020
  webrtc_ctx = webrtc_streamer(
C:\Users\gokul krishana\AppData\Local\Programs\Python\Python312\Lib\site-packages\insightface\utils\face_align.py:23: FutureWarning: `estimate` is deprecated since version 0.26 and will be removed in version 2.2. Please use `SimilarityTransform.from_estimate` class constructor instead.
  tform.estimate(lmk, dst)
C:\Users\gokul krishana\OneDrive\Desktop\FaceRecognitionAI\dashboard\pages\05_Attendance.py:342: DeprecationWarning: The argument video_transformer_factory is deprecated. Use video_processor_factory instead.
See https://github.com/whitphx/streamlit-webrtc#for-users-since-versions-020
  webrtc_ctx = webrtc_streamer(
C:\Users\gokul krishana\AppData\Local\Programs\Python\Python312\Lib\site-packages\insightface\utils\face_align.py:23: FutureWarning: `estimate` is deprecated since version 0.26 and will be removed in version 2.2. Please use `SimilarityTransform.from_estimate` class constructor instead.
  tform.estimate(lmk, dst)
C:\Users\gokul krishana\OneDrive\Desktop\FaceRecognitionAI\dashboard\pages\05_Attendance.py:342: DeprecationWarning: The argument video_transformer_factory is deprecated. Use video_processor_factory instead.
See https://github.com/whitphx/streamlit-webrtc#for-users-since-versions-020
  webrtc_ctx = webrtc_streamer(
C:\Users\gokul krishana\AppData\Local\Programs\Python\Python312\Lib\site-packages\insightface\utils\face_align.py:23: FutureWarning: `estimate` is deprecated since version 0.26 and will be removed in version 2.2. Please use `SimilarityTransform.from_estimate` class constructor instead.
  tform.estimate(lmk, dst)
[ WARN:4@440.474] global cap.cpp:344 cv::VideoCapture::open VIDEOIO(DSHOW): backend is generally available but can't be used to capture by index
[ WARN:4@440.478] global cap.cpp:344 cv::VideoCapture::open VIDEOIO(DSHOW): backend is generally available but can't be used to capture by index
[ WARN:4@440.482] global cap.cpp:344 cv::VideoCapture::open VIDEOIO(DSHOW): backend is generally available but can't be used to capture by index
[ WARN:4@440.486] global cap.cpp:344 cv::VideoCapture::open VIDEOIO(DSHOW): backend is generally available but can't be used to capture by index
C:\Users\gokul krishana\OneDrive\Desktop\FaceRecognitionAI\dashboard\pages\05_Attendance.py:342: DeprecationWarning: The argument video_transformer_factory is deprecated. Use video_processor_factory instead.
See https://github.com/whitphx/streamlit-webrtc#for-users-since-versions-020
  webrtc_ctx = webrtc_streamer(
C:\Users\gokul krishana\OneDrive\Desktop\FaceRecognitionAI\dashboard\pages\05_Attendance.py:342: DeprecationWarning: The argument video_transformer_factory is deprecated. Use video_processor_factory instead.
See https://github.com/whitphx/streamlit-webrtc#for-users-since-versions-020
  webrtc_ctx = webrtc_streamer(
C:\Users\gokul krishana\OneDrive\Desktop\FaceRecognitionAI\dashboard\pages\05_Attendance.py:342: DeprecationWarning: The argument video_transformer_factory is deprecated. Use video_processor_factory instead.
See https://github.com/whitphx/streamlit-webrtc#for-users-since-versions-020
  webrtc_ctx = webrtc_streamer(
C:\Users\gokul krishana\OneDrive\Desktop\FaceRecognitionAI\dashboard\pages\05_Attendance.py:342: DeprecationWarning: The argument video_transformer_factory is deprecated. Use video_processor_factory instead.
See https://github.com/whitphx/streamlit-webrtc#for-users-since-versions-020
  webrtc_ctx = webrtc_streamer(
C:\Users\gokul krishana\OneDrive\Desktop\FaceRecognitionAI\dashboard\pages\05_Attendance.py:342: DeprecationWarning: The argument video_transformer_factory is deprecated. Use video_processor_factory instead.
See https://github.com/whitphx/streamlit-webrtc#for-users-since-versions-020
  webrtc_ctx = webrtc_streamer(
C:\Users\gokul krishana\OneDrive\Desktop\FaceRecognitionAI\dashboard\pages\05_Attendance.py:342: DeprecationWarning: The argument video_transformer_factory is deprecated. Use video_processor_factory instead.
See https://github.com/whitphx/streamlit-webrtc#for-users-since-versions-020
  webrtc_ctx = webrtc_streamer(
C:\Users\gokul krishana\OneDrive\Desktop\FaceRecognitionAI\dashboard\pages\05_Attendance.py:342: DeprecationWarning: The argument video_transformer_factory is deprecated. Use video_processor_factory instead.
See https://github.com/whitphx/streamlit-webrtc#for-users-since-versions-020
  webrtc_ctx = webrtc_streamer(
C:\Users\gokul krishana\OneDrive\Desktop\FaceRecognitionAI\dashboard\pages\05_Attendance.py:342: DeprecationWarning: The argument video_transformer_factory is deprecated. Use video_processor_factory instead.
See https://github.com/whitphx/streamlit-webrtc#for-users-since-versions-020
  webrtc_ctx = webrtc_streamer(
C:\Users\gokul krishana\OneDrive\Desktop\FaceRecognitionAI\dashboard\pages\05_Attendance.py:342: DeprecationWarning: The argument video_transformer_factory is deprecated. Use video_processor_factory instead.
See https://github.com/whitphx/streamlit-webrtc#for-users-since-versions-020
  webrtc_ctx = webrtc_streamer(
C:\Users\gokul krishana\OneDrive\Desktop\FaceRecognitionAI\dashboard\pages\05_Attendance.py:342: DeprecationWarning: The argument video_transformer_factory is deprecated. Use video_processor_factory instead.
See https://github.com/whitphx/streamlit-webrtc#for-users-since-versions-020
  webrtc_ctx = webrtc_streamer(
C:\Users\gokul krishana\OneDrive\Desktop\FaceRecognitionAI\dashboard\pages\05_Attendance.py:342: DeprecationWarning: The argument video_transformer_factory is deprecated. Use video_processor_factory instead.
See https://github.com/whitphx/streamlit-webrtc#for-users-since-versions-020
  webrtc_ctx = webrtc_streamer(
C:\Users\gokul krishana\OneDrive\Desktop\FaceRecognitionAI\dashboard\pages\05_Attendance.py:342: DeprecationWarning: The argument video_transformer_factory is deprecated. Use video_processor_factory instead.
See https://github.com/whitphx/streamlit-webrtc#for-users-since-versions-020
  webrtc_ctx = webrtc_streamer(
WARNI [streamlit_webrtc.models] transform() is deprecated. Implement recv() instead.
WARNI [streamlit_webrtc.models] transform() is deprecated. Implement recv() instead.
C:\Users\gokul krishana\AppData\Local\Programs\Python\Python312\Lib\site-packages\insightface\utils\face_align.py:23: FutureWarning: `estimate` is deprecated since version 0.26 and will be removed in version 2.2. Please use `SimilarityTransform.from_estimate` class constructor instead.
  tform.estimate(lmk, dst)
WARNI [streamlit_webrtc.models] transform() is deprecated. Implement recv() instead.
WARNI [streamlit_webrtc.models] transform() is deprecated. Implement recv() instead.
WARNI [streamlit_webrtc.models] transform() is deprecated. Implement recv() instead.
WARNI [streamlit_webrtc.models] transform() is deprecated. Implement recv() instead.
WARNI [streamlit_webrtc.models] transform() is deprecated. Implement recv() instead.
WARNI [streamlit_webrtc.models] transform() is deprecated. Implement recv() instead.
C:\Users\gokul krishana\OneDrive\Desktop\FaceRecognitionAI\dashboard\pages\05_Attendance.py:342: DeprecationWarning: The argument video_transformer_factory is deprecated. Use video_processor_factory instead.
See https://github.com/whitphx/streamlit-webrtc#for-users-since-versions-020
  webrtc_ctx = webrtc_streamer(
C:\Users\gokul krishana\AppData\Local\Programs\Python\Python312\Lib\site-packages\insightface\utils\face_align.py:23: FutureWarning: `estimate` is deprecated since version 0.26 and will be removed in version 2.2. Please use `SimilarityTransform.from_estimate` class constructor instead.
  tform.estimate(lmk, dst)
WARNI [streamlit_webrtc.models] transform() is deprecated. Implement recv() instead.
WARNI [streamlit_webrtc.models] transform() is deprecated. Implement recv() instead.
WARNI [streamlit_webrtc.models] transform() is deprecated. Implement recv() instead.
WARNI [streamlit_webrtc.models] transform() is deprecated. Implement recv() instead.
WARNI [streamlit_webrtc.models] transform() is deprecated. Implement recv() instead.
C:\Users\gokul krishana\OneDrive\Desktop\FaceRecognitionAI\dashboard\pages\05_Attendance.py:342: DeprecationWarning: The argument video_transformer_factory is deprecated. Use video_processor_factory instead.
See https://github.com/whitphx/streamlit-webrtc#for-users-since-versions-020
  webrtc_ctx = webrtc_streamer(
WARNI [streamlit_webrtc.models] transform() is deprecated. Implement recv() instead.
C:\Users\gokul krishana\AppData\Local\Programs\Python\Python312\Lib\site-packages\insightface\utils\face_align.py:23: FutureWarning: `estimate` is deprecated since version 0.26 and will be removed in version 2.2. Please use `SimilarityTransform.from_estimate` class constructor instead.
  tform.estimate(lmk, dst)
C:\Users\gokul krishana\OneDrive\Desktop\FaceRecognitionAI\dashboard\pages\05_Attendance.py:342: DeprecationWarning: The argument video_transformer_factory is deprecated. Use video_processor_factory instead.
See https://github.com/whitphx/streamlit-webrtc#for-users-since-versions-020
  webrtc_ctx = webrtc_streamer(
C:\Users\gokul krishana\OneDrive\Desktop\FaceRecognitionAI\dashboard\pages\05_Attendance.py:342: DeprecationWarning: The argument video_transformer_factory is deprecated. Use video_processor_factory instead.
See https://github.com/whitphx/streamlit-webrtc#for-users-since-versions-020
  webrtc_ctx = webrtc_streamer(
C:\Users\gokul krishana\OneDrive\Desktop\FaceRecognitionAI\dashboard\pages\05_Attendance.py:342: DeprecationWarning: The argument video_transformer_factory is deprecated. Use video_processor_factory instead.
See https://github.com/whitphx/streamlit-webrtc#for-users-since-versions-020
  webrtc_ctx = webrtc_streamer(
C:\Users\gokul krishana\OneDrive\Desktop\FaceRecognitionAI\dashboard\pages\05_Attendance.py:342: DeprecationWarning: The argument video_transformer_factory is deprecated. Use video_processor_factory instead.
See https://github.com/whitphx/streamlit-webrtc#for-users-since-versions-020
  webrtc_ctx = webrtc_streamer(
C:\Users\gokul krishana\OneDrive\Desktop\FaceRecognitionAI\dashboard\pages\05_Attendance.py:342: DeprecationWarning: The argument video_transformer_factory is deprecated. Use video_processor_factory instead.
See https://github.com/whitphx/streamlit-webrtc#for-users-since-versions-020
  webrtc_ctx = webrtc_streamer(
C:\Users\gokul krishana\OneDrive\Desktop\FaceRecognitionAI\dashboard\pages\05_Attendance.py:342: DeprecationWarning: The argument video_transformer_factory is deprecated. Use video_processor_factory instead.
See https://github.com/whitphx/streamlit-webrtc#for-users-since-versions-020
  webrtc_ctx = webrtc_streamer(
C:\Users\gokul krishana\OneDrive\Desktop\FaceRecognitionAI\dashboard\pages\05_Attendance.py:342: DeprecationWarning: The argument video_transformer_factory is deprecated. Use video_processor_factory instead.
See https://github.com/whitphx/streamlit-webrtc#for-users-since-versions-020
  webrtc_ctx = webrtc_streamer(
C:\Users\gokul krishana\OneDrive\Desktop\FaceRecognitionAI\dashboard\pages\05_Attendance.py:342: DeprecationWarning: The argument video_transformer_factory is deprecated. Use video_processor_factory instead.
See https://github.com/whitphx/streamlit-webrtc#for-users-since-versions-020
  webrtc_ctx = webrtc_streamer(
C:\Users\gokul krishana\OneDrive\Desktop\FaceRecognitionAI\dashboard\pages\05_Attendance.py:342: DeprecationWarning: The argument video_transformer_factory is deprecated. Use video_processor_factory instead.
See https://github.com/whitphx/streamlit-webrtc#for-users-since-versions-020
  webrtc_ctx = webrtc_streamer(
C:\Users\gokul krishana\OneDrive\Desktop\FaceRecognitionAI\dashboard\pages\05_Attendance.py:342: DeprecationWarning: The argument video_transformer_factory is deprecated. Use video_processor_factory instead.
See https://github.com/whitphx/streamlit-webrtc#for-users-since-versions-020
  webrtc_ctx = webrtc_streamer(
C:\Users\gokul krishana\OneDrive\Desktop\FaceRecognitionAI\dashboard\pages\05_Attendance.py:342: DeprecationWarning: The argument video_transformer_factory is deprecated. Use video_processor_factory instead.
See https://github.com/whitphx/streamlit-webrtc#for-users-since-versions-020
  webrtc_ctx = webrtc_streamer(
C:\Users\gokul krishana\OneDrive\Desktop\FaceRecognitionAI\dashboard\pages\05_Attendance.py:342: DeprecationWarning: The argument video_transformer_factory is deprecated. Use video_processor_factory instead.
See https://github.com/whitphx/streamlit-webrtc#for-users-since-versions-020
  webrtc_ctx = webrtc_streamer(
C:\Users\gokul krishana\OneDrive\Desktop\FaceRecognitionAI\dashboard\pages\05_Attendance.py:342: DeprecationWarning: The argument video_transformer_factory is deprecated. Use video_processor_factory instead.
See https://github.com/whitphx/streamlit-webrtc#for-users-since-versions-020
  webrtc_ctx = webrtc_streamer(
C:\Users\gokul krishana\OneDrive\Desktop\FaceRecognitionAI\dashboard\pages\05_Attendance.py:342: DeprecationWarning: The argument video_transformer_factory is deprecated. Use video_processor_factory instead.
See https://github.com/whitphx/streamlit-webrtc#for-users-since-versions-020
  webrtc_ctx = webrtc_streamer(
C:\Users\gokul krishana\OneDrive\Desktop\FaceRecognitionAI\dashboard\pages\05_Attendance.py:342: DeprecationWarning: The argument video_transformer_factory is deprecated. Use video_processor_factory instead.
See https://github.com/whitphx/streamlit-webrtc#for-users-since-versions-020
  webrtc_ctx = webrtc_streamer(
C:\Users\gokul krishana\OneDrive\Desktop\FaceRecognitionAI\dashboard\pages\05_Attendance.py:342: DeprecationWarning: The argument video_transformer_factory is deprecated. Use video_processor_factory instead.
See https://github.com/whitphx/streamlit-webrtc#for-users-since-versions-020
  webrtc_ctx = webrtc_streamer(
C:\Users\gokul krishana\OneDrive\Desktop\FaceRecognitionAI\dashboard\pages\05_Attendance.py:342: DeprecationWarning: The argument video_transformer_factory is deprecated. Use video_processor_factory instead.
See https://github.com/whitphx/streamlit-webrtc#for-users-since-versions-020
  webrtc_ctx = webrtc_streamer(
C:\Users\gokul krishana\OneDrive\Desktop\FaceRecognitionAI\dashboard\pages\05_Attendance.py:342: DeprecationWarning: The argument video_transformer_factory is deprecated. Use video_processor_factory instead.
See https://github.com/whitphx/streamlit-webrtc#for-users-since-versions-020
  webrtc_ctx = webrtc_streamer(
C:\Users\gokul krishana\OneDrive\Desktop\FaceRecognitionAI\dashboard\pages\05_Attendance.py:342: DeprecationWarning: The argument video_transformer_factory is deprecated. Use video_processor_factory instead.
See https://github.com/whitphx/streamlit-webrtc#for-users-since-versions-020
  webrtc_ctx = webrtc_streamer(
C:\Users\gokul krishana\OneDrive\Desktop\FaceRecognitionAI\dashboard\pages\05_Attendance.py:342: DeprecationWarning: The argument video_transformer_factory is deprecated. Use video_processor_factory instead.
See https://github.com/whitphx/streamlit-webrtc#for-users-since-versions-020
  webrtc_ctx = webrtc_streamer(
C:\Users\gokul krishana\OneDrive\Desktop\FaceRecognitionAI\dashboard\pages\05_Attendance.py:342: DeprecationWarning: The argument video_transformer_factory is deprecated. Use video_processor_factory instead.
See https://github.com/whitphx/streamlit-webrtc#for-users-since-versions-020
  webrtc_ctx = webrtc_streamer(
C:\Users\gokul krishana\OneDrive\Desktop\FaceRecognitionAI\dashboard\pages\05_Attendance.py:342: DeprecationWarning: The argument video_transformer_factory is deprecated. Use video_processor_factory instead.
See https://github.com/whitphx/streamlit-webrtc#for-users-since-versions-020
  webrtc_ctx = webrtc_streamer(
C:\Users\gokul krishana\OneDrive\Desktop\FaceRecognitionAI\dashboard\pages\05_Attendance.py:342: DeprecationWarning: The argument video_transformer_factory is deprecated. Use video_processor_factory instead.
See https://github.com/whitphx/streamlit-webrtc#for-users-since-versions-020
  webrtc_ctx = webrtc_streamer(
C:\Users\gokul krishana\OneDrive\Desktop\FaceRecognitionAI\dashboard\pages\05_Attendance.py:342: DeprecationWarning: The argument video_transformer_factory is deprecated. Use video_processor_factory instead.
See https://github.com/whitphx/streamlit-webrtc#for-users-since-versions-020
  webrtc_ctx = webrtc_streamer(
C:\Users\gokul krishana\OneDrive\Desktop\FaceRecognitionAI\dashboard\pages\05_Attendance.py:342: DeprecationWarning: The argument video_transformer_factory is deprecated. Use video_processor_factory instead.
See https://github.com/whitphx/streamlit-webrtc#for-users-since-versions-020
  webrtc_ctx = webrtc_streamer(
C:\Users\gokul krishana\OneDrive\Desktop\FaceRecognitionAI\dashboard\pages\05_Attendance.py:342: DeprecationWarning: The argument video_transformer_factory is deprecated. Use video_processor_factory instead.
See https://github.com/whitphx/streamlit-webrtc#for-users-since-versions-020
  webrtc_ctx = webrtc_streamer(
C:\Users\gokul krishana\OneDrive\Desktop\FaceRecognitionAI\dashboard\pages\05_Attendance.py:342: DeprecationWarning: The argument video_transformer_factory is deprecated. Use video_processor_factory instead.
See https://github.com/whitphx/streamlit-webrtc#for-users-since-versions-020
  webrtc_ctx = webrtc_streamer(
C:\Users\gokul krishana\OneDrive\Desktop\FaceRecognitionAI\dashboard\pages\05_Attendance.py:342: DeprecationWarning: The argument video_transformer_factory is deprecated. Use video_processor_factory instead.
See https://github.com/whitphx/streamlit-webrtc#for-users-since-versions-020
  webrtc_ctx = webrtc_streamer(
C:\Users\gokul krishana\OneDrive\Desktop\FaceRecognitionAI\dashboard\pages\05_Attendance.py:342: DeprecationWarning: The argument video_transformer_factory is deprecated. Use video_processor_factory instead.
See https://github.com/whitphx/streamlit-webrtc#for-users-since-versions-020
  webrtc_ctx = webrtc_streamer(
C:\Users\gokul krishana\OneDrive\Desktop\FaceRecognitionAI\dashboard\pages\05_Attendance.py:342: DeprecationWarning: The argument video_transformer_factory is deprecated. Use video_processor_factory instead.
See https://github.com/whitphx/streamlit-webrtc#for-users-since-versions-020
  webrtc_ctx = webrtc_streamer(
C:\Users\gokul krishana\OneDrive\Desktop\FaceRecognitionAI\dashboard\pages\05_Attendance.py:342: DeprecationWarning: The argument video_transformer_factory is deprecated. Use video_processor_factory instead.
See https://github.com/whitphx/streamlit-webrtc#for-users-since-versions-020
  webrtc_ctx = webrtc_streamer(
C:\Users\gokul krishana\OneDrive\Desktop\FaceRecognitionAI\dashboard\pages\05_Attendance.py:342: DeprecationWarning: The argument video_transformer_factory is deprecated. Use video_processor_factory instead.
See https://github.com/whitphx/streamlit-webrtc#for-users-since-versions-020
  webrtc_ctx = webrtc_streamer(
C:\Users\gokul krishana\OneDrive\Desktop\FaceRecognitionAI\dashboard\pages\05_Attendance.py:342: DeprecationWarning: The argument video_transformer_factory is deprecated. Use video_processor_factory instead.
See https://github.com/whitphx/streamlit-webrtc#for-users-since-versions-020
  webrtc_ctx = webrtc_streamer(
C:\Users\gokul krishana\OneDrive\Desktop\FaceRecognitionAI\dashboard\pages\05_Attendance.py:342: DeprecationWarning: The argument video_transformer_factory is deprecated. Use video_processor_factory instead.
See https://github.com/whitphx/streamlit-webrtc#for-users-since-versions-020
  webrtc_ctx = webrtc_streamer(
C:\Users\gokul krishana\OneDrive\Desktop\FaceRecognitionAI\dashboard\pages\05_Attendance.py:342: DeprecationWarning: The argument video_transformer_factory is deprecated. Use video_processor_factory instead.
See https://github.com/whitphx/streamlit-webrtc#for-users-since-versions-020
  webrtc_ctx = webrtc_streamer(
C:\Users\gokul krishana\OneDrive\Desktop\FaceRecognitionAI\dashboard\pages\05_Attendance.py:342: DeprecationWarning: The argument video_transformer_factory is deprecated. Use video_processor_factory instead.
See https://github.com/whitphx/streamlit-webrtc#for-users-since-versions-020
  webrtc_ctx = webrtc_streamer(
C:\Users\gokul krishana\OneDrive\Desktop\FaceRecognitionAI\dashboard\pages\05_Attendance.py:342: DeprecationWarning: The argument video_transformer_factory is deprecated. Use video_processor_factory instead.
See https://github.com/whitphx/streamlit-webrtc#for-users-since-versions-020
  webrtc_ctx = webrtc_streamer(
C:\Users\gokul krishana\OneDrive\Desktop\FaceRecognitionAI\dashboard\pages\05_Attendance.py:342: DeprecationWarning: The argument video_transformer_factory is deprecated. Use video_processor_factory instead.
See https://github.com/whitphx/streamlit-webrtc#for-users-since-versions-020
  webrtc_ctx = webrtc_streamer(
C:\Users\gokul krishana\OneDrive\Desktop\FaceRecognitionAI\dashboard\pages\05_Attendance.py:342: DeprecationWarning: The argument video_transformer_factory is deprecated. Use video_processor_factory instead.
See https://github.com/whitphx/streamlit-webrtc#for-users-since-versions-020
  webrtc_ctx = webrtc_streamer(
C:\Users\gokul krishana\OneDrive\Desktop\FaceRecognitionAI\dashboard\pages\05_Attendance.py:342: DeprecationWarning: The argument video_transformer_factory is deprecated. Use video_processor_factory instead.
See https://github.com/whitphx/streamlit-webrtc#for-users-since-versions-020
  webrtc_ctx = webrtc_streamer(
C:\Users\gokul krishana\OneDrive\Desktop\FaceRecognitionAI\dashboard\pages\05_Attendance.py:342: DeprecationWarning: The argument video_transformer_factory is deprecated. Use video_processor_factory instead.
See https://github.com/whitphx/streamlit-webrtc#for-users-since-versions-020
  webrtc_ctx = webrtc_streamer(
C:\Users\gokul krishana\OneDrive\Desktop\FaceRecognitionAI\dashboard\pages\05_Attendance.py:342: DeprecationWarning: The argument video_transformer_factory is deprecated. Use video_processor_factory instead.
See https://github.com/whitphx/streamlit-webrtc#for-users-since-versions-020
  webrtc_ctx = webrtc_streamer(
C:\Users\gokul krishana\OneDrive\Desktop\FaceRecognitionAI\dashboard\pages\05_Attendance.py:342: DeprecationWarning: The argument video_transformer_factory is deprecated. Use video_processor_factory instead.
See https://github.com/whitphx/streamlit-webrtc#for-users-since-versions-020
  webrtc_ctx = webrtc_streamer(
C:\Users\gokul krishana\OneDrive\Desktop\FaceRecognitionAI\dashboard\pages\05_Attendance.py:342: DeprecationWarning: The argument video_transformer_factory is deprecated. Use video_processor_factory instead.
See https://github.com/whitphx/streamlit-webrtc#for-users-since-versions-020
  webrtc_ctx = webrtc_streamer(
C:\Users\gokul krishana\OneDrive\Desktop\FaceRecognitionAI\dashboard\pages\05_Attendance.py:342: DeprecationWarning: The argument video_transformer_factory is deprecated. Use video_processor_factory instead.
See https://github.com/whitphx/streamlit-webrtc#for-users-since-versions-020
  webrtc_ctx = webrtc_streamer(
C:\Users\gokul krishana\OneDrive\Desktop\FaceRecognitionAI\dashboard\pages\05_Attendance.py:342: DeprecationWarning: The argument video_transformer_factory is deprecated. Use video_processor_factory instead.
See https://github.com/whitphx/streamlit-webrtc#for-users-since-versions-020
  webrtc_ctx = webrtc_streamer(
C:\Users\gokul krishana\OneDrive\Desktop\FaceRecognitionAI\dashboard\pages\05_Attendance.py:342: DeprecationWarning: The argument video_transformer_factory is deprecated. Use video_processor_factory instead.
See https://github.com/whitphx/streamlit-webrtc#for-users-since-versions-020
  webrtc_ctx = webrtc_streamer(
C:\Users\gokul krishana\OneDrive\Desktop\FaceRecognitionAI\dashboard\pages\05_Attendance.py:342: DeprecationWarning: The argument video_transformer_factory is deprecated. Use video_processor_factory instead.
See https://github.com/whitphx/streamlit-webrtc#for-users-since-versions-020
  webrtc_ctx = webrtc_streamer(
C:\Users\gokul krishana\OneDrive\Desktop\FaceRecognitionAI\dashboard\pages\05_Attendance.py:342: DeprecationWarning: The argument video_transformer_factory is deprecated. Use video_processor_factory instead.
See https://github.com/whitphx/streamlit-webrtc#for-users-since-versions-020
  webrtc_ctx = webrtc_streamer(
C:\Users\gokul krishana\OneDrive\Desktop\FaceRecognitionAI\dashboard\pages\05_Attendance.py:342: DeprecationWarning: The argument video_transformer_factory is deprecated. Use video_processor_factory instead.
See https://github.com/whitphx/streamlit-webrtc#for-users-since-versions-020
  webrtc_ctx = webrtc_streamer(
C:\Users\gokul krishana\OneDrive\Desktop\FaceRecognitionAI\dashboard\pages\05_Attendance.py:342: DeprecationWarning: The argument video_transformer_factory is deprecated. Use video_processor_factory instead.
See https://github.com/whitphx/streamlit-webrtc#for-users-since-versions-020
  webrtc_ctx = webrtc_streamer(
C:\Users\gokul krishana\OneDrive\Desktop\FaceRecognitionAI\dashboard\pages\05_Attendance.py:342: DeprecationWarning: The argument video_transformer_factory is deprecated. Use video_processor_factory instead.
See https://github.com/whitphx/streamlit-webrtc#for-users-since-versions-020
  webrtc_ctx = webrtc_streamer(
C:\Users\gokul krishana\OneDrive\Desktop\FaceRecognitionAI\dashboard\pages\05_Attendance.py:342: DeprecationWarning: The argument video_transformer_factory is deprecated. Use video_processor_factory instead.
See https://github.com/whitphx/streamlit-webrtc#for-users-since-versions-020
  webrtc_ctx = webrtc_streamer(
C:\Users\gokul krishana\OneDrive\Desktop\FaceRecognitionAI\dashboard\pages\05_Attendance.py:342: DeprecationWarning: The argument video_transformer_factory is deprecated. Use video_processor_factory instead.
See https://github.com/whitphx/streamlit-webrtc#for-users-since-versions-020
  webrtc_ctx = webrtc_streamer(
C:\Users\gokul krishana\OneDrive\Desktop\FaceRecognitionAI\dashboard\pages\05_Attendance.py:342: DeprecationWarning: The argument video_transformer_factory is deprecated. Use video_processor_factory instead.
See https://github.com/whitphx/streamlit-webrtc#for-users-since-versions-020
  webrtc_ctx = webrtc_streamer(
C:\Users\gokul krishana\OneDrive\Desktop\FaceRecognitionAI\dashboard\pages\05_Attendance.py:342: DeprecationWarning: The argument video_transformer_factory is deprecated. Use video_processor_factory instead.
See https://github.com/whitphx/streamlit-webrtc#for-users-since-versions-020
  webrtc_ctx = webrtc_streamer(
C:\Users\gokul krishana\OneDrive\Desktop\FaceRecognitionAI\dashboard\pages\05_Attendance.py:342: DeprecationWarning: The argument video_transformer_factory is deprecated. Use video_processor_factory instead.
See https://github.com/whitphx/streamlit-webrtc#for-users-since-versions-020
  webrtc_ctx = webrtc_streamer(
C:\Users\gokul krishana\OneDrive\Desktop\FaceRecognitionAI\dashboard\pages\05_Attendance.py:342: DeprecationWarning: The argument video_transformer_factory is deprecated. Use video_processor_factory instead.
See https://github.com/whitphx/streamlit-webrtc#for-users-since-versions-020
  webrtc_ctx = webrtc_streamer(
C:\Users\gokul krishana\OneDrive\Desktop\FaceRecognitionAI\dashboard\pages\05_Attendance.py:342: DeprecationWarning: The argument video_transformer_factory is deprecated. Use video_processor_factory instead.
See https://github.com/whitphx/streamlit-webrtc#for-users-since-versions-020
  webrtc_ctx = webrtc_streamer(
C:\Users\gokul krishana\OneDrive\Desktop\FaceRecognitionAI\dashboard\pages\05_Attendance.py:342: DeprecationWarning: The argument video_transformer_factory is deprecated. Use video_processor_factory instead.
See https://github.com/whitphx/streamlit-webrtc#for-users-since-versions-020
  webrtc_ctx = webrtc_streamer(
C:\Users\gokul krishana\OneDrive\Desktop\FaceRecognitionAI\dashboard\pages\05_Attendance.py:342: DeprecationWarning: The argument video_transformer_factory is deprecated. Use video_processor_factory instead.
See https://github.com/whitphx/streamlit-webrtc#for-users-since-versions-020
  webrtc_ctx = webrtc_streamer(
C:\Users\gokul krishana\OneDrive\Desktop\FaceRecognitionAI\dashboard\pages\05_Attendance.py:342: DeprecationWarning: The argument video_transformer_factory is deprecated. Use video_processor_factory instead.
See https://github.com/whitphx/streamlit-webrtc#for-users-since-versions-020
  webrtc_ctx = webrtc_streamer(
C:\Users\gokul krishana\OneDrive\Desktop\FaceRecognitionAI\dashboard\pages\05_Attendance.py:342: DeprecationWarning: The argument video_transformer_factory is deprecated. Use video_processor_factory instead.
See https://github.com/whitphx/streamlit-webrtc#for-users-since-versions-020
  webrtc_ctx = webrtc_streamer(
C:\Users\gokul krishana\OneDrive\Desktop\FaceRecognitionAI\dashboard\pages\05_Attendance.py:342: DeprecationWarning: The argument video_transformer_factory is deprecated. Use video_processor_factory instead.
See https://github.com/whitphx/streamlit-webrtc#for-users-since-versions-020
  webrtc_ctx = webrtc_streamer(
C:\Users\gokul krishana\OneDrive\Desktop\FaceRecognitionAI\dashboard\pages\05_Attendance.py:342: DeprecationWarning: The argument video_transformer_factory is deprecated. Use video_processor_factory instead.
See https://github.com/whitphx/streamlit-webrtc#for-users-since-versions-020
  webrtc_ctx = webrtc_streamer(
C:\Users\gokul krishana\OneDrive\Desktop\FaceRecognitionAI\dashboard\pages\05_Attendance.py:342: DeprecationWarning: The argument video_transformer_factory is deprecated. Use video_processor_factory instead.
See https://github.com/whitphx/streamlit-webrtc#for-users-since-versions-020
  webrtc_ctx = webrtc_streamer(
C:\Users\gokul krishana\OneDrive\Desktop\FaceRecognitionAI\dashboard\pages\05_Attendance.py:342: DeprecationWarning: The argument video_transformer_factory is deprecated. Use video_processor_factory instead.
See https://github.com/whitphx/streamlit-webrtc#for-users-since-versions-020
  webrtc_ctx = webrtc_streamer(
C:\Users\gokul krishana\OneDrive\Desktop\FaceRecognitionAI\dashboard\pages\05_Attendance.py:342: DeprecationWarning: The argument video_transformer_factory is deprecated. Use video_processor_factory instead.
See https://github.com/whitphx/streamlit-webrtc#for-users-since-versions-020
  webrtc_ctx = webrtc_streamer(
C:\Users\gokul krishana\OneDrive\Desktop\FaceRecognitionAI\dashboard\pages\05_Attendance.py:342: DeprecationWarning: The argument video_transformer_factory is deprecated. Use video_processor_factory instead.
See https://github.com/whitphx/streamlit-webrtc#for-users-since-versions-020
  webrtc_ctx = webrtc_streamer(
C:\Users\gokul krishana\OneDrive\Desktop\FaceRecognitionAI\dashboard\pages\05_Attendance.py:342: DeprecationWarning: The argument video_transformer_factory is deprecated. Use video_processor_factory instead.
See https://github.com/whitphx/streamlit-webrtc#for-users-since-versions-020
  webrtc_ctx = webrtc_streamer(
C:\Users\gokul krishana\OneDrive\Desktop\FaceRecognitionAI\dashboard\pages\05_Attendance.py:342: DeprecationWarning: The argument video_transformer_factory is deprecated. Use video_processor_factory instead.
See https://github.com/whitphx/streamlit-webrtc#for-users-since-versions-020
  webrtc_ctx = webrtc_streamer(
C:\Users\gokul krishana\OneDrive\Desktop\FaceRecognitionAI\dashboard\pages\05_Attendance.py:342: DeprecationWarning: The argument video_transformer_factory is deprecated. Use video_processor_factory instead.
See https://github.com/whitphx/streamlit-webrtc#for-users-since-versions-020
  webrtc_ctx = webrtc_streamer(
C:\Users\gokul krishana\OneDrive\Desktop\FaceRecognitionAI\dashboard\pages\05_Attendance.py:342: DeprecationWarning: The argument video_transformer_factory is deprecated. Use video_processor_factory instead.
See https://github.com/whitphx/streamlit-webrtc#for-users-since-versions-020
  webrtc_ctx = webrtc_streamer(
C:\Users\gokul krishana\OneDrive\Desktop\FaceRecognitionAI\dashboard\pages\05_Attendance.py:342: DeprecationWarning: The argument video_transformer_factory is deprecated. Use video_processor_factory instead.
See https://github.com/whitphx/streamlit-webrtc#for-users-since-versions-020
  webrtc_ctx = webrtc_streamer(
C:\Users\gokul krishana\OneDrive\Desktop\FaceRecognitionAI\dashboard\pages\05_Attendance.py:342: DeprecationWarning: The argument video_transformer_factory is deprecated. Use video_processor_factory instead.
See https://github.com/whitphx/streamlit-webrtc#for-users-since-versions-020
  webrtc_ctx = webrtc_streamer(
C:\Users\gokul krishana\OneDrive\Desktop\FaceRecognitionAI\dashboard\pages\05_Attendance.py:342: DeprecationWarning: The argument video_transformer_factory is deprecated. Use video_processor_factory instead.
See https://github.com/whitphx/streamlit-webrtc#for-users-since-versions-020
  webrtc_ctx = webrtc_streamer(
C:\Users\gokul krishana\OneDrive\Desktop\FaceRecognitionAI\dashboard\pages\05_Attendance.py:342: DeprecationWarning: The argument video_transformer_factory is deprecated. Use video_processor_factory instead.
See https://github.com/whitphx/streamlit-webrtc#for-users-since-versions-020
  webrtc_ctx = webrtc_streamer(
C:\Users\gokul krishana\OneDrive\Desktop\FaceRecognitionAI\dashboard\pages\05_Attendance.py:342: DeprecationWarning: The argument video_transformer_factory is deprecated. Use video_processor_factory instead.
See https://github.com/whitphx/streamlit-webrtc#for-users-since-versions-020
  webrtc_ctx = webrtc_streamer(
C:\Users\gokul krishana\OneDrive\Desktop\FaceRecognitionAI\dashboard\pages\05_Attendance.py:342: DeprecationWarning: The argument video_transformer_factory is deprecated. Use video_processor_factory instead.
See https://github.com/whitphx/streamlit-webrtc#for-users-since-versions-020
  webrtc_ctx = webrtc_streamer(
C:\Users\gokul krishana\OneDrive\Desktop\FaceRecognitionAI\dashboard\pages\05_Attendance.py:342: DeprecationWarning: The argument video_transformer_factory is deprecated. Use video_processor_factory instead.
See https://github.com/whitphx/streamlit-webrtc#for-users-since-versions-020
  webrtc_ctx = webrtc_streamer(
C:\Users\gokul krishana\OneDrive\Desktop\FaceRecognitionAI\dashboard\pages\05_Attendance.py:342: DeprecationWarning: The argument video_transformer_factory is deprecated. Use video_processor_factory instead.
See https://github.com/whitphx/streamlit-webrtc#for-users-since-versions-020
  webrtc_ctx = webrtc_streamer(
C:\Users\gokul krishana\OneDrive\Desktop\FaceRecognitionAI\dashboard\pages\05_Attendance.py:342: DeprecationWarning: The argument video_transformer_factory is deprecated. Use video_processor_factory instead.
See https://github.com/whitphx/streamlit-webrtc#for-users-since-versions-020
  webrtc_ctx = webrtc_streamer(
C:\Users\gokul krishana\OneDrive\Desktop\FaceRecognitionAI\dashboard\pages\05_Attendance.py:342: DeprecationWarning: The argument video_transformer_factory is deprecated. Use video_processor_factory instead.
See https://github.com/whitphx/streamlit-webrtc#for-users-since-versions-020
  webrtc_ctx = webrtc_streamer(
C:\Users\gokul krishana\OneDrive\Desktop\FaceRecognitionAI\dashboard\pages\05_Attendance.py:342: DeprecationWarning: The argument video_transformer_factory is deprecated. Use video_processor_factory instead.
See https://github.com/whitphx/streamlit-webrtc#for-users-since-versions-020
  webrtc_ctx = webrtc_streamer(
C:\Users\gokul krishana\OneDrive\Desktop\FaceRecognitionAI\dashboard\pages\05_Attendance.py:342: DeprecationWarning: The argument video_transformer_factory is deprecated. Use video_processor_factory instead.
See https://github.com/whitphx/streamlit-webrtc#for-users-since-versions-020
  webrtc_ctx = webrtc_streamer(
C:\Users\gokul krishana\OneDrive\Desktop\FaceRecognitionAI\dashboard\pages\05_Attendance.py:342: DeprecationWarning: The argument video_transformer_factory is deprecated. Use video_processor_factory instead.
See https://github.com/whitphx/streamlit-webrtc#for-users-since-versions-020
  webrtc_ctx = webrtc_streamer(
C:\Users\gokul krishana\OneDrive\Desktop\FaceRecognitionAI\dashboard\pages\05_Attendance.py:342: DeprecationWarning: The argument video_transformer_factory is deprecated. Use video_processor_factory instead.
See https://github.com/whitphx/streamlit-webrtc#for-users-since-versions-020
  webrtc_ctx = webrtc_streamer(
C:\Users\gokul krishana\OneDrive\Desktop\FaceRecognitionAI\dashboard\pages\05_Attendance.py:342: DeprecationWarning: The argument video_transformer_factory is deprecated. Use video_processor_factory instead.
See https://github.com/whitphx/streamlit-webrtc#for-users-since-versions-020
  webrtc_ctx = webrtc_streamer(
C:\Users\gokul krishana\OneDrive\Desktop\FaceRecognitionAI\dashboard\pages\05_Attendance.py:342: DeprecationWarning: The argument video_transformer_factory is deprecated. Use video_processor_factory instead.
See https://github.com/whitphx/streamlit-webrtc#for-users-since-versions-020
  webrtc_ctx = webrtc_streamer(
C:\Users\gokul krishana\OneDrive\Desktop\FaceRecognitionAI\dashboard\pages\05_Attendance.py:342: DeprecationWarning: The argument video_transformer_factory is deprecated. Use video_processor_factory instead.
See https://github.com/whitphx/streamlit-webrtc#for-users-since-versions-020
  webrtc_ctx = webrtc_streamer(
C:\Users\gokul krishana\OneDrive\Desktop\FaceRecognitionAI\dashboard\pages\05_Attendance.py:342: DeprecationWarning: The argument video_transformer_factory is deprecated. Use video_processor_factory instead.
See https://github.com/whitphx/streamlit-webrtc#for-users-since-versions-020
  webrtc_ctx = webrtc_streamer(
C:\Users\gokul krishana\OneDrive\Desktop\FaceRecognitionAI\dashboard\pages\05_Attendance.py:342: DeprecationWarning: The argument video_transformer_factory is deprecated. Use video_processor_factory instead.
See https://github.com/whitphx/streamlit-webrtc#for-users-since-versions-020
  webrtc_ctx = webrtc_streamer(
C:\Users\gokul krishana\OneDrive\Desktop\FaceRecognitionAI\dashboard\pages\05_Attendance.py:342: DeprecationWarning: The argument video_transformer_factory is deprecated. Use video_processor_factory instead.
See https://github.com/whitphx/streamlit-webrtc#for-users-since-versions-020
  webrtc_ctx = webrtc_streamer(
C:\Users\gokul krishana\OneDrive\Desktop\FaceRecognitionAI\dashboard\pages\05_Attendance.py:342: DeprecationWarning: The argument video_transformer_factory is deprecated. Use video_processor_factory instead.
See https://github.com/whitphx/streamlit-webrtc#for-users-since-versions-020
  webrtc_ctx = webrtc_streamer(
C:\Users\gokul krishana\OneDrive\Desktop\FaceRecognitionAI\dashboard\pages\05_Attendance.py:342: DeprecationWarning: The argument video_transformer_factory is deprecated. Use video_processor_factory instead.
See https://github.com/whitphx/streamlit-webrtc#for-users-since-versions-020
  webrtc_ctx = webrtc_streamer(
C:\Users\gokul krishana\OneDrive\Desktop\FaceRecognitionAI\dashboard\pages\05_Attendance.py:342: DeprecationWarning: The argument video_transformer_factory is deprecated. Use video_processor_factory instead.
See https://github.com/whitphx/streamlit-webrtc#for-users-since-versions-020
  webrtc_ctx = webrtc_streamer(
C:\Users\gokul krishana\OneDrive\Desktop\FaceRecognitionAI\dashboard\pages\05_Attendance.py:342: DeprecationWarning: The argument video_transformer_factory is deprecated. Use video_processor_factory instead.
See https://github.com/whitphx/streamlit-webrtc#for-users-since-versions-020
  webrtc_ctx = webrtc_streamer(
C:\Users\gokul krishana\OneDrive\Desktop\FaceRecognitionAI\dashboard\pages\05_Attendance.py:342: DeprecationWarning: The argument video_transformer_factory is deprecated. Use video_processor_factory instead.
See https://github.com/whitphx/streamlit-webrtc#for-users-since-versions-020
  webrtc_ctx = webrtc_streamer(
C:\Users\gokul krishana\OneDrive\Desktop\FaceRecognitionAI\dashboard\pages\05_Attendance.py:342: DeprecationWarning: The argument video_transformer_factory is deprecated. Use video_processor_factory instead.
See https://github.com/whitphx/streamlit-webrtc#for-users-since-versions-020
  webrtc_ctx = webrtc_streamer(
C:\Users\gokul krishana\OneDrive\Desktop\FaceRecognitionAI\dashboard\pages\05_Attendance.py:342: DeprecationWarning: The argument video_transformer_factory is deprecated. Use video_processor_factory instead.
See https://github.com/whitphx/streamlit-webrtc#for-users-since-versions-020
  webrtc_ctx = webrtc_streamer(
C:\Users\gokul krishana\OneDrive\Desktop\FaceRecognitionAI\dashboard\pages\05_Attendance.py:342: DeprecationWarning: The argument video_transformer_factory is deprecated. Use video_processor_factory instead.
See https://github.com/whitphx/streamlit-webrtc#for-users-since-versions-020
  webrtc_ctx = webrtc_streamer(
C:\Users\gokul krishana\OneDrive\Desktop\FaceRecognitionAI\dashboard\pages\05_Attendance.py:342: DeprecationWarning: The argument video_transformer_factory is deprecated. Use video_processor_factory instead.
See https://github.com/whitphx/streamlit-webrtc#for-users-since-versions-020
  webrtc_ctx = webrtc_streamer(
C:\Users\gokul krishana\OneDrive\Desktop\FaceRecognitionAI\dashboard\pages\05_Attendance.py:342: DeprecationWarning: The argument video_transformer_factory is deprecated. Use video_processor_factory instead.
See https://github.com/whitphx/streamlit-webrtc#for-users-since-versions-020
  webrtc_ctx = webrtc_streamer(
C:\Users\gokul krishana\OneDrive\Desktop\FaceRecognitionAI\dashboard\pages\05_Attendance.py:342: DeprecationWarning: The argument video_transformer_factory is deprecated. Use video_processor_factory instead.
See https://github.com/whitphx/streamlit-webrtc#for-users-since-versions-020
  webrtc_ctx = webrtc_streamer(
C:\Users\gokul krishana\OneDrive\Desktop\FaceRecognitionAI\dashboard\pages\05_Attendance.py:342: DeprecationWarning: The argument video_transformer_factory is deprecated. Use video_processor_factory instead.
See https://github.com/whitphx/streamlit-webrtc#for-users-since-versions-020
  webrtc_ctx = webrtc_streamer(
C:\Users\gokul krishana\OneDrive\Desktop\FaceRecognitionAI\dashboard\pages\05_Attendance.py:342: DeprecationWarning: The argument video_transformer_factory is deprecated. Use video_processor_factory instead.
See https://github.com/whitphx/streamlit-webrtc#for-users-since-versions-020
  webrtc_ctx = webrtc_streamer(
C:\Users\gokul krishana\OneDrive\Desktop\FaceRecognitionAI\dashboard\pages\05_Attendance.py:342: DeprecationWarning: The argument video_transformer_factory is deprecated. Use video_processor_factory instead.
See https://github.com/whitphx/streamlit-webrtc#for-users-since-versions-020
  webrtc_ctx = webrtc_streamer(
C:\Users\gokul krishana\OneDrive\Desktop\FaceRecognitionAI\dashboard\pages\05_Attendance.py:342: DeprecationWarning: The argument video_transformer_factory is deprecated. Use video_processor_factory instead.
See https://github.com/whitphx/streamlit-webrtc#for-users-since-versions-020
  webrtc_ctx = webrtc_streamer(
C:\Users\gokul krishana\OneDrive\Desktop\FaceRecognitionAI\dashboard\pages\05_Attendance.py:342: DeprecationWarning: The argument video_transformer_factory is deprecated. Use video_processor_factory instead.
See https://github.com/whitphx/streamlit-webrtc#for-users-since-versions-020
  webrtc_ctx = webrtc_streamer(
C:\Users\gokul krishana\OneDrive\Desktop\FaceRecognitionAI\dashboard\pages\05_Attendance.py:342: DeprecationWarning: The argument video_transformer_factory is deprecated. Use video_processor_factory instead.
See https://github.com/whitphx/streamlit-webrtc#for-users-since-versions-020
  webrtc_ctx = webrtc_streamer(
C:\Users\gokul krishana\OneDrive\Desktop\FaceRecognitionAI\dashboard\pages\05_Attendance.py:342: DeprecationWarning: The argument video_transformer_factory is deprecated. Use video_processor_factory instead.
See https://github.com/whitphx/streamlit-webrtc#for-users-since-versions-020
  webrtc_ctx = webrtc_streamer(
C:\Users\gokul krishana\OneDrive\Desktop\FaceRecognitionAI\dashboard\pages\05_Attendance.py:342: DeprecationWarning: The argument video_transformer_factory is deprecated. Use video_processor_factory instead.
See https://github.com/whitphx/streamlit-webrtc#for-users-since-versions-020
  webrtc_ctx = webrtc_streamer(
C:\Users\gokul krishana\OneDrive\Desktop\FaceRecognitionAI\dashboard\pages\05_Attendance.py:342: DeprecationWarning: The argument video_transformer_factory is deprecated. Use video_processor_factory instead.
See https://github.com/whitphx/streamlit-webrtc#for-users-since-versions-020
  webrtc_ctx = webrtc_streamer(
C:\Users\gokul krishana\OneDrive\Desktop\FaceRecognitionAI\dashboard\pages\05_Attendance.py:342: DeprecationWarning: The argument video_transformer_factory is deprecated. Use video_processor_factory instead.
See https://github.com/whitphx/streamlit-webrtc#for-users-since-versions-020
  webrtc_ctx = webrtc_streamer(
C:\Users\gokul krishana\OneDrive\Desktop\FaceRecognitionAI\dashboard\pages\05_Attendance.py:342: DeprecationWarning: The argument video_transformer_factory is deprecated. Use video_processor_factory instead.
See https://github.com/whitphx/streamlit-webrtc#for-users-since-versions-020
  webrtc_ctx = webrtc_streamer(
C:\Users\gokul krishana\OneDrive\Desktop\FaceRecognitionAI\dashboard\pages\05_Attendance.py:342: DeprecationWarning: The argument video_transformer_factory is deprecated. Use video_processor_factory instead.
See https://github.com/whitphx/streamlit-webrtc#for-users-since-versions-020
  webrtc_ctx = webrtc_streamer(
C:\Users\gokul krishana\OneDrive\Desktop\FaceRecognitionAI\dashboard\pages\05_Attendance.py:342: DeprecationWarning: The argument video_transformer_factory is deprecated. Use video_processor_factory instead.
See https://github.com/whitphx/streamlit-webrtc#for-users-since-versions-020
  webrtc_ctx = webrtc_streamer(
C:\Users\gokul krishana\OneDrive\Desktop\FaceRecognitionAI\dashboard\pages\05_Attendance.py:342: DeprecationWarning: The argument video_transformer_factory is deprecated. Use video_processor_factory instead.
See https://github.com/whitphx/streamlit-webrtc#for-users-since-versions-020
  webrtc_ctx = webrtc_streamer(
C:\Users\gokul krishana\OneDrive\Desktop\FaceRecognitionAI\dashboard\pages\05_Attendance.py:342: DeprecationWarning: The argument video_transformer_factory is deprecated. Use video_processor_factory instead.
See https://github.com/whitphx/streamlit-webrtc#for-users-since-versions-020
  webrtc_ctx = webrtc_streamer(
C:\Users\gokul krishana\OneDrive\Desktop\FaceRecognitionAI\dashboard\pages\05_Attendance.py:342: DeprecationWarning: The argument video_transformer_factory is deprecated. Use video_processor_factory instead.
See https://github.com/whitphx/streamlit-webrtc#for-users-since-versions-020
  webrtc_ctx = webrtc_streamer(
C:\Users\gokul krishana\OneDrive\Desktop\FaceRecognitionAI\dashboard\pages\05_Attendance.py:342: DeprecationWarning: The argument video_transformer_factory is deprecated. Use video_processor_factory instead.
See https://github.com/whitphx/streamlit-webrtc#for-users-since-versions-020
  webrtc_ctx = webrtc_streamer(
C:\Users\gokul krishana\OneDrive\Desktop\FaceRecognitionAI\dashboard\pages\05_Attendance.py:342: DeprecationWarning: The argument video_transformer_factory is deprecated. Use video_processor_factory instead.
See https://github.com/whitphx/streamlit-webrtc#for-users-since-versions-020
  webrtc_ctx = webrtc_streamer(
C:\Users\gokul krishana\OneDrive\Desktop\FaceRecognitionAI\dashboard\pages\05_Attendance.py:342: DeprecationWarning: The argument video_transformer_factory is deprecated. Use video_processor_factory instead.
See https://github.com/whitphx/streamlit-webrtc#for-users-since-versions-020
  webrtc_ctx = webrtc_streamer(
C:\Users\gokul krishana\OneDrive\Desktop\FaceRecognitionAI\dashboard\pages\05_Attendance.py:342: DeprecationWarning: The argument video_transformer_factory is deprecated. Use video_processor_factory instead.
See https://github.com/whitphx/streamlit-webrtc#for-users-since-versions-020
  webrtc_ctx = webrtc_streamer(
C:\Users\gokul krishana\OneDrive\Desktop\FaceRecognitionAI\dashboard\pages\05_Attendance.py:342: DeprecationWarning: The argument video_transformer_factory is deprecated. Use video_processor_factory instead.
See https://github.com/whitphx/streamlit-webrtc#for-users-since-versions-020
  webrtc_ctx = webrtc_streamer(
C:\Users\gokul krishana\OneDrive\Desktop\FaceRecognitionAI\dashboard\pages\05_Attendance.py:342: DeprecationWarning: The argument video_transformer_factory is deprecated. Use video_processor_factory instead.
See https://github.com/whitphx/streamlit-webrtc#for-users-since-versions-020
  webrtc_ctx = webrtc_streamer(
C:\Users\gokul krishana\OneDrive\Desktop\FaceRecognitionAI\dashboard\pages\05_Attendance.py:342: DeprecationWarning: The argument video_transformer_factory is deprecated. Use video_processor_factory instead.
See https://github.com/whitphx/streamlit-webrtc#for-users-since-versions-020
  webrtc_ctx = webrtc_streamer(
C:\Users\gokul krishana\OneDrive\Desktop\FaceRecognitionAI\dashboard\pages\05_Attendance.py:342: DeprecationWarning: The argument video_transformer_factory is deprecated. Use video_processor_factory instead.
See https://github.com/whitphx/streamlit-webrtc#for-users-since-versions-020
  webrtc_ctx = webrtc_streamer(
C:\Users\gokul krishana\OneDrive\Desktop\FaceRecognitionAI\dashboard\pages\05_Attendance.py:342: DeprecationWarning: The argument video_transformer_factory is deprecated. Use video_processor_factory instead.
See https://github.com/whitphx/streamlit-webrtc#for-users-since-versions-020
  webrtc_ctx = webrtc_streamer(
C:\Users\gokul krishana\OneDrive\Desktop\FaceRecognitionAI\dashboard\pages\05_Attendance.py:342: DeprecationWarning: The argument video_transformer_factory is deprecated. Use video_processor_factory instead.
See https://github.com/whitphx/streamlit-webrtc#for-users-since-versions-020
  webrtc_ctx = webrtc_streamer(
C:\Users\gokul krishana\OneDrive\Desktop\FaceRecognitionAI\dashboard\pages\05_Attendance.py:342: DeprecationWarning: The argument video_transformer_factory is deprecated. Use video_processor_factory instead.
See https://github.com/whitphx/streamlit-webrtc#for-users-since-versions-020
  webrtc_ctx = webrtc_streamer(
C:\Users\gokul krishana\OneDrive\Desktop\FaceRecognitionAI\dashboard\pages\05_Attendance.py:342: DeprecationWarning: The argument video_transformer_factory is deprecated. Use video_processor_factory instead.
See https://github.com/whitphx/streamlit-webrtc#for-users-since-versions-020
  webrtc_ctx = webrtc_streamer(
C:\Users\gokul krishana\OneDrive\Desktop\FaceRecognitionAI\dashboard\pages\05_Attendance.py:342: DeprecationWarning: The argument video_transformer_factory is deprecated. Use video_processor_factory instead.
See https://github.com/whitphx/streamlit-webrtc#for-users-since-versions-020
  webrtc_ctx = webrtc_streamer(
C:\Users\gokul krishana\OneDrive\Desktop\FaceRecognitionAI\dashboard\pages\05_Attendance.py:342: DeprecationWarning: The argument video_transformer_factory is deprecated. Use video_processor_factory instead.
See https://github.com/whitphx/streamlit-webrtc#for-users-since-versions-020
  webrtc_ctx = webrtc_streamer(
C:\Users\gokul krishana\OneDrive\Desktop\FaceRecognitionAI\dashboard\pages\05_Attendance.py:342: DeprecationWarning: The argument video_transformer_factory is deprecated. Use video_processor_factory instead.
See https://github.com/whitphx/streamlit-webrtc#for-users-since-versions-020
  webrtc_ctx = webrtc_streamer(
C:\Users\gokul krishana\OneDrive\Desktop\FaceRecognitionAI\dashboard\pages\05_Attendance.py:342: DeprecationWarning: The argument video_transformer_factory is deprecated. Use video_processor_factory instead.
See https://github.com/whitphx/streamlit-webrtc#for-users-since-versions-020
  webrtc_ctx = webrtc_streamer(
C:\Users\gokul krishana\OneDrive\Desktop\FaceRecognitionAI\dashboard\pages\05_Attendance.py:342: DeprecationWarning: The argument video_transformer_factory is deprecated. Use video_processor_factory instead.
See https://github.com/whitphx/streamlit-webrtc#for-users-since-versions-020
  webrtc_ctx = webrtc_streamer(
C:\Users\gokul krishana\OneDrive\Desktop\FaceRecognitionAI\dashboard\pages\05_Attendance.py:342: DeprecationWarning: The argument video_transformer_factory is deprecated. Use video_processor_factory instead.
See https://github.com/whitphx/streamlit-webrtc#for-users-since-versions-020
  webrtc_ctx = webrtc_streamer(
C:\Users\gokul krishana\OneDrive\Desktop\FaceRecognitionAI\dashboard\pages\05_Attendance.py:342: DeprecationWarning: The argument video_transformer_factory is deprecated. Use video_processor_factory instead.
See https://github.com/whitphx/streamlit-webrtc#for-users-since-versions-020
  webrtc_ctx = webrtc_streamer(
C:\Users\gokul krishana\OneDrive\Desktop\FaceRecognitionAI\dashboard\pages\05_Attendance.py:342: DeprecationWarning: The argument video_transformer_factory is deprecated. Use video_processor_factory instead.
See https://github.com/whitphx/streamlit-webrtc#for-users-since-versions-020
  webrtc_ctx = webrtc_streamer(
C:\Users\gokul krishana\OneDrive\Desktop\FaceRecognitionAI\dashboard\pages\05_Attendance.py:342: DeprecationWarning: The argument video_transformer_factory is deprecated. Use video_processor_factory instead.
See https://github.com/whitphx/streamlit-webrtc#for-users-since-versions-020
  webrtc_ctx = webrtc_streamer(
C:\Users\gokul krishana\OneDrive\Desktop\FaceRecognitionAI\dashboard\pages\05_Attendance.py:342: DeprecationWarning: The argument video_transformer_factory is deprecated. Use video_processor_factory instead.
See https://github.com/whitphx/streamlit-webrtc#for-users-since-versions-020
  webrtc_ctx = webrtc_streamer(
C:\Users\gokul krishana\OneDrive\Desktop\FaceRecognitionAI\dashboard\pages\05_Attendance.py:342: DeprecationWarning: The argument video_transformer_factory is deprecated. Use video_processor_factory instead.
See https://github.com/whitphx/streamlit-webrtc#for-users-since-versions-020
  webrtc_ctx = webrtc_streamer(
C:\Users\gokul krishana\OneDrive\Desktop\FaceRecognitionAI\dashboard\pages\05_Attendance.py:342: DeprecationWarning: The argument video_transformer_factory is deprecated. Use video_processor_factory instead.
See https://github.com/whitphx/streamlit-webrtc#for-users-since-versions-020
  webrtc_ctx = webrtc_streamer(
C:\Users\gokul krishana\OneDrive\Desktop\FaceRecognitionAI\dashboard\pages\05_Attendance.py:342: DeprecationWarning: The argument video_transformer_factory is deprecated. Use video_processor_factory instead.
See https://github.com/whitphx/streamlit-webrtc#for-users-since-versions-020
  webrtc_ctx = webrtc_streamer(
C:\Users\gokul krishana\OneDrive\Desktop\FaceRecognitionAI\dashboard\pages\05_Attendance.py:342: DeprecationWarning: The argument video_transformer_factory is deprecated. Use video_processor_factory instead.
See https://github.com/whitphx/streamlit-webrtc#for-users-since-versions-020
  webrtc_ctx = webrtc_streamer(
C:\Users\gokul krishana\OneDrive\Desktop\FaceRecognitionAI\dashboard\pages\05_Attendance.py:342: DeprecationWarning: The argument video_transformer_factory is deprecated. Use video_processor_factory instead.
See https://github.com/whitphx/streamlit-webrtc#for-users-since-versions-020
  webrtc_ctx = webrtc_streamer(
C:\Users\gokul krishana\OneDrive\Desktop\FaceRecognitionAI\dashboard\pages\05_Attendance.py:342: DeprecationWarning: The argument video_transformer_factory is deprecated. Use video_processor_factory instead.
See https://github.com/whitphx/streamlit-webrtc#for-users-since-versions-020
  webrtc_ctx = webrtc_streamer(
C:\Users\gokul krishana\OneDrive\Desktop\FaceRecognitionAI\dashboard\pages\05_Attendance.py:342: DeprecationWarning: The argument video_transformer_factory is deprecated. Use video_processor_factory instead.
See https://github.com/whitphx/streamlit-webrtc#for-users-since-versions-020
  webrtc_ctx = webrtc_streamer(
C:\Users\gokul krishana\OneDrive\Desktop\FaceRecognitionAI\dashboard\pages\05_Attendance.py:342: DeprecationWarning: The argument video_transformer_factory is deprecated. Use video_processor_factory instead.
See https://github.com/whitphx/streamlit-webrtc#for-users-since-versions-020
  webrtc_ctx = webrtc_streamer(
C:\Users\gokul krishana\OneDrive\Desktop\FaceRecognitionAI\dashboard\pages\05_Attendance.py:342: DeprecationWarning: The argument video_transformer_factory is deprecated. Use video_processor_factory instead.
See https://github.com/whitphx/streamlit-webrtc#for-users-since-versions-020
  webrtc_ctx = webrtc_streamer(
C:\Users\gokul krishana\OneDrive\Desktop\FaceRecognitionAI\dashboard\pages\05_Attendance.py:342: DeprecationWarning: The argument video_transformer_factory is deprecated. Use video_processor_factory instead.
See https://github.com/whitphx/streamlit-webrtc#for-users-since-versions-020
  webrtc_ctx = webrtc_streamer(
C:\Users\gokul krishana\OneDrive\Desktop\FaceRecognitionAI\dashboard\pages\05_Attendance.py:342: DeprecationWarning: The argument video_transformer_factory is deprecated. Use video_processor_factory instead.
See https://github.com/whitphx/streamlit-webrtc#for-users-since-versions-020
  webrtc_ctx = webrtc_streamer(
C:\Users\gokul krishana\OneDrive\Desktop\FaceRecognitionAI\dashboard\pages\05_Attendance.py:342: DeprecationWarning: The argument video_transformer_factory is deprecated. Use video_processor_factory instead.
See https://github.com/whitphx/streamlit-webrtc#for-users-since-versions-020
  webrtc_ctx = webrtc_streamer(
C:\Users\gokul krishana\OneDrive\Desktop\FaceRecognitionAI\dashboard\pages\05_Attendance.py:342: DeprecationWarning: The argument video_transformer_factory is deprecated. Use video_processor_factory instead.
See https://github.com/whitphx/streamlit-webrtc#for-users-since-versions-020
  webrtc_ctx = webrtc_streamer(
C:\Users\gokul krishana\OneDrive\Desktop\FaceRecognitionAI\dashboard\pages\05_Attendance.py:342: DeprecationWarning: The argument video_transformer_factory is deprecated. Use video_processor_factory instead.
See https://github.com/whitphx/streamlit-webrtc#for-users-since-versions-020
  webrtc_ctx = webrtc_streamer(
C:\Users\gokul krishana\OneDrive\Desktop\FaceRecognitionAI\dashboard\pages\05_Attendance.py:342: DeprecationWarning: The argument video_transformer_factory is deprecated. Use video_processor_factory instead.
See https://github.com/whitphx/streamlit-webrtc#for-users-since-versions-020
  webrtc_ctx = webrtc_streamer(
C:\Users\gokul krishana\OneDrive\Desktop\FaceRecognitionAI\dashboard\pages\05_Attendance.py:342: DeprecationWarning: The argument video_transformer_factory is deprecated. Use video_processor_factory instead.
See https://github.com/whitphx/streamlit-webrtc#for-users-since-versions-020
  webrtc_ctx = webrtc_streamer(
C:\Users\gokul krishana\OneDrive\Desktop\FaceRecognitionAI\dashboard\pages\05_Attendance.py:342: DeprecationWarning: The argument video_transformer_factory is deprecated. Use video_processor_factory instead.
See https://github.com/whitphx/streamlit-webrtc#for-users-since-versions-020
  webrtc_ctx = webrtc_streamer(
C:\Users\gokul krishana\OneDrive\Desktop\FaceRecognitionAI\dashboard\pages\05_Attendance.py:342: DeprecationWarning: The argument video_transformer_factory is deprecated. Use video_processor_factory instead.
See https://github.com/whitphx/streamlit-webrtc#for-users-since-versions-020
  webrtc_ctx = webrtc_streamer(
C:\Users\gokul krishana\OneDrive\Desktop\FaceRecognitionAI\dashboard\pages\05_Attendance.py:342: DeprecationWarning: The argument video_transformer_factory is deprecated. Use video_processor_factory instead.
See https://github.com/whitphx/streamlit-webrtc#for-users-since-versions-020
  webrtc_ctx = webrtc_streamer(
C:\Users\gokul krishana\OneDrive\Desktop\FaceRecognitionAI\dashboard\pages\05_Attendance.py:342: DeprecationWarning: The argument video_transformer_factory is deprecated. Use video_processor_factory instead.
See https://github.com/whitphx/streamlit-webrtc#for-users-since-versions-020
  webrtc_ctx = webrtc_streamer(
C:\Users\gokul krishana\OneDrive\Desktop\FaceRecognitionAI\dashboard\pages\05_Attendance.py:342: DeprecationWarning: The argument video_transformer_factory is deprecated. Use video_processor_factory instead.
See https://github.com/whitphx/streamlit-webrtc#for-users-since-versions-020
  webrtc_ctx = webrtc_streamer(
C:\Users\gokul krishana\OneDrive\Desktop\FaceRecognitionAI\dashboard\pages\05_Attendance.py:342: DeprecationWarning: The argument video_transformer_factory is deprecated. Use video_processor_factory instead.
See https://github.com/whitphx/streamlit-webrtc#for-users-since-versions-020
  webrtc_ctx = webrtc_streamer(
C:\Users\gokul krishana\OneDrive\Desktop\FaceRecognitionAI\dashboard\pages\05_Attendance.py:342: DeprecationWarning: The argument video_transformer_factory is deprecated. Use video_processor_factory instead.
See https://github.com/whitphx/streamlit-webrtc#for-users-since-versions-020
  webrtc_ctx = webrtc_streamer(
C:\Users\gokul krishana\OneDrive\Desktop\FaceRecognitionAI\dashboard\pages\05_Attendance.py:342: DeprecationWarning: The argument video_transformer_factory is deprecated. Use video_processor_factory instead.
See https://github.com/whitphx/streamlit-webrtc#for-users-since-versions-020
  webrtc_ctx = webrtc_streamer(
C:\Users\gokul krishana\OneDrive\Desktop\FaceRecognitionAI\dashboard\pages\05_Attendance.py:342: DeprecationWarning: The argument video_transformer_factory is deprecated. Use video_processor_factory instead.
See https://github.com/whitphx/streamlit-webrtc#for-users-since-versions-020
  webrtc_ctx = webrtc_streamer(
C:\Users\gokul krishana\OneDrive\Desktop\FaceRecognitionAI\dashboard\pages\05_Attendance.py:342: DeprecationWarning: The argument video_transformer_factory is deprecated. Use video_processor_factory instead.
See https://github.com/whitphx/streamlit-webrtc#for-users-since-versions-020
  webrtc_ctx = webrtc_streamer(
C:\Users\gokul krishana\OneDrive\Desktop\FaceRecognitionAI\dashboard\pages\05_Attendance.py:342: DeprecationWarning: The argument video_transformer_factory is deprecated. Use video_processor_factory instead.
See https://github.com/whitphx/streamlit-webrtc#for-users-since-versions-020
  webrtc_ctx = webrtc_streamer(
C:\Users\gokul krishana\OneDrive\Desktop\FaceRecognitionAI\dashboard\pages\05_Attendance.py:342: DeprecationWarning: The argument video_transformer_factory is deprecated. Use video_processor_factory instead.
See https://github.com/whitphx/streamlit-webrtc#for-users-since-versions-020
  webrtc_ctx = webrtc_streamer(
C:\Users\gokul krishana\OneDrive\Desktop\FaceRecognitionAI\dashboard\pages\05_Attendance.py:342: DeprecationWarning: The argument video_transformer_factory is deprecated. Use video_processor_factory instead.
See https://github.com/whitphx/streamlit-webrtc#for-users-since-versions-020
  webrtc_ctx = webrtc_streamer(
C:\Users\gokul krishana\OneDrive\Desktop\FaceRecognitionAI\dashboard\pages\05_Attendance.py:342: DeprecationWarning: The argument video_transformer_factory is deprecated. Use video_processor_factory instead.
See https://github.com/whitphx/streamlit-webrtc#for-users-since-versions-020
  webrtc_ctx = webrtc_streamer(
C:\Users\gokul krishana\OneDrive\Desktop\FaceRecognitionAI\dashboard\pages\05_Attendance.py:342: DeprecationWarning: The argument video_transformer_factory is deprecated. Use video_processor_factory instead.
See https://github.com/whitphx/streamlit-webrtc#for-users-since-versions-020
  webrtc_ctx = webrtc_streamer(
C:\Users\gokul krishana\OneDrive\Desktop\FaceRecognitionAI\dashboard\pages\05_Attendance.py:342: DeprecationWarning: The argument video_transformer_factory is deprecated. Use video_processor_factory instead.
See https://github.com/whitphx/streamlit-webrtc#for-users-since-versions-020
  webrtc_ctx = webrtc_streamer(
C:\Users\gokul krishana\OneDrive\Desktop\FaceRecognitionAI\dashboard\pages\05_Attendance.py:342: DeprecationWarning: The argument video_transformer_factory is deprecated. Use video_processor_factory instead.
See https://github.com/whitphx/streamlit-webrtc#for-users-since-versions-020
  webrtc_ctx = webrtc_streamer(
C:\Users\gokul krishana\OneDrive\Desktop\FaceRecognitionAI\dashboard\pages\05_Attendance.py:342: DeprecationWarning: The argument video_transformer_factory is deprecated. Use video_processor_factory instead.
See https://github.com/whitphx/streamlit-webrtc#for-users-since-versions-020
  webrtc_ctx = webrtc_streamer(
C:\Users\gokul krishana\OneDrive\Desktop\FaceRecognitionAI\dashboard\pages\05_Attendance.py:342: DeprecationWarning: The argument video_transformer_factory is deprecated. Use video_processor_factory instead.
See https://github.com/whitphx/streamlit-webrtc#for-users-since-versions-020
  webrtc_ctx = webrtc_streamer(
C:\Users\gokul krishana\OneDrive\Desktop\FaceRecognitionAI\dashboard\pages\05_Attendance.py:342: DeprecationWarning: The argument video_transformer_factory is deprecated. Use video_processor_factory instead.
See https://github.com/whitphx/streamlit-webrtc#for-users-since-versions-020
  webrtc_ctx = webrtc_streamer(
C:\Users\gokul krishana\OneDrive\Desktop\FaceRecognitionAI\dashboard\pages\05_Attendance.py:342: DeprecationWarning: The argument video_transformer_factory is deprecated. Use video_processor_factory instead.
See https://github.com/whitphx/streamlit-webrtc#for-users-since-versions-020
  webrtc_ctx = webrtc_streamer(
C:\Users\gokul krishana\OneDrive\Desktop\FaceRecognitionAI\dashboard\pages\05_Attendance.py:342: DeprecationWarning: The argument video_transformer_factory is deprecated. Use video_processor_factory instead.
See https://github.com/whitphx/streamlit-webrtc#for-users-since-versions-020
  webrtc_ctx = webrtc_streamer(
C:\Users\gokul krishana\OneDrive\Desktop\FaceRecognitionAI\dashboard\pages\05_Attendance.py:342: DeprecationWarning: The argument video_transformer_factory is deprecated. Use video_processor_factory instead.
See https://github.com/whitphx/streamlit-webrtc#for-users-since-versions-020
  webrtc_ctx = webrtc_streamer(
C:\Users\gokul krishana\OneDrive\Desktop\FaceRecognitionAI\dashboard\pages\05_Attendance.py:342: DeprecationWarning: The argument video_transformer_factory is deprecated. Use video_processor_factory instead.
See https://github.com/whitphx/streamlit-webrtc#for-users-since-versions-020
  webrtc_ctx = webrtc_streamer(
C:\Users\gokul krishana\OneDrive\Desktop\FaceRecognitionAI\dashboard\pages\05_Attendance.py:342: DeprecationWarning: The argument video_transformer_factory is deprecated. Use video_processor_factory instead.
See https://github.com/whitphx/streamlit-webrtc#for-users-since-versions-020
  webrtc_ctx = webrtc_streamer(
C:\Users\gokul krishana\OneDrive\Desktop\FaceRecognitionAI\dashboard\pages\05_Attendance.py:342: DeprecationWarning: The argument video_transformer_factory is deprecated. Use video_processor_factory instead.
See https://github.com/whitphx/streamlit-webrtc#for-users-since-versions-020
  webrtc_ctx = webrtc_streamer(
C:\Users\gokul krishana\OneDrive\Desktop\FaceRecognitionAI\dashboard\pages\05_Attendance.py:342: DeprecationWarning: The argument video_transformer_factory is deprecated. Use video_processor_factory instead.
See https://github.com/whitphx/streamlit-webrtc#for-users-since-versions-020
  webrtc_ctx = webrtc_streamer(
C:\Users\gokul krishana\OneDrive\Desktop\FaceRecognitionAI\dashboard\pages\05_Attendance.py:342: DeprecationWarning: The argument video_transformer_factory is deprecated. Use video_processor_factory instead.
See https://github.com/whitphx/streamlit-webrtc#for-users-since-versions-020
  webrtc_ctx = webrtc_streamer(
C:\Users\gokul krishana\OneDrive\Desktop\FaceRecognitionAI\dashboard\pages\05_Attendance.py:342: DeprecationWarning: The argument video_transformer_factory is deprecated. Use video_processor_factory instead.
See https://github.com/whitphx/streamlit-webrtc#for-users-since-versions-020
  webrtc_ctx = webrtc_streamer(
C:\Users\gokul krishana\OneDrive\Desktop\FaceRecognitionAI\dashboard\pages\05_Attendance.py:342: DeprecationWarning: The argument video_transformer_factory is deprecated. Use video_processor_factory instead.
See https://github.com/whitphx/streamlit-webrtc#for-users-since-versions-020
  webrtc_ctx = webrtc_streamer(
C:\Users\gokul krishana\OneDrive\Desktop\FaceRecognitionAI\dashboard\pages\05_Attendance.py:342: DeprecationWarning: The argument video_transformer_factory is deprecated. Use video_processor_factory instead.
See https://github.com/whitphx/streamlit-webrtc#for-users-since-versions-020
  webrtc_ctx = webrtc_streamer(
C:\Users\gokul krishana\OneDrive\Desktop\FaceRecognitionAI\dashboard\pages\05_Attendance.py:342: DeprecationWarning: The argument video_transformer_factory is deprecated. Use video_processor_factory instead.
See https://github.com/whitphx/streamlit-webrtc#for-users-since-versions-020
  webrtc_ctx = webrtc_streamer(
C:\Users\gokul krishana\OneDrive\Desktop\FaceRecognitionAI\dashboard\pages\05_Attendance.py:342: DeprecationWarning: The argument video_transformer_factory is deprecated. Use video_processor_factory instead.
See https://github.com/whitphx/streamlit-webrtc#for-users-since-versions-020
  webrtc_ctx = webrtc_streamer(
C:\Users\gokul krishana\OneDrive\Desktop\FaceRecognitionAI\dashboard\pages\05_Attendance.py:342: DeprecationWarning: The argument video_transformer_factory is deprecated. Use video_processor_factory instead.
See https://github.com/whitphx/streamlit-webrtc#for-users-since-versions-020
  webrtc_ctx = webrtc_streamer(
C:\Users\gokul krishana\OneDrive\Desktop\FaceRecognitionAI\dashboard\pages\05_Attendance.py:342: DeprecationWarning: The argument video_transformer_factory is deprecated. Use video_processor_factory instead.
See https://github.com/whitphx/streamlit-webrtc#for-users-since-versions-020
  webrtc_ctx = webrtc_streamer(
C:\Users\gokul krishana\OneDrive\Desktop\FaceRecognitionAI\dashboard\pages\05_Attendance.py:342: DeprecationWarning: The argument video_transformer_factory is deprecated. Use video_processor_factory instead.
See https://github.com/whitphx/streamlit-webrtc#for-users-since-versions-020
  webrtc_ctx = webrtc_streamer(
C:\Users\gokul krishana\OneDrive\Desktop\FaceRecognitionAI\dashboard\pages\05_Attendance.py:342: DeprecationWarning: The argument video_transformer_factory is deprecated. Use video_processor_factory instead.
See https://github.com/whitphx/streamlit-webrtc#for-users-since-versions-020
  webrtc_ctx = webrtc_streamer(
C:\Users\gokul krishana\OneDrive\Desktop\FaceRecognitionAI\dashboard\pages\05_Attendance.py:342: DeprecationWarning: The argument video_transformer_factory is deprecated. Use video_processor_factory instead.
See https://github.com/whitphx/streamlit-webrtc#for-users-since-versions-020
  webrtc_ctx = webrtc_streamer(
C:\Users\gokul krishana\OneDrive\Desktop\FaceRecognitionAI\dashboard\pages\05_Attendance.py:342: DeprecationWarning: The argument video_transformer_factory is deprecated. Use video_processor_factory instead.
See https://github.com/whitphx/streamlit-webrtc#for-users-since-versions-020
  webrtc_ctx = webrtc_streamer(
C:\Users\gokul krishana\OneDrive\Desktop\FaceRecognitionAI\dashboard\pages\05_Attendance.py:342: DeprecationWarning: The argument video_transformer_factory is deprecated. Use video_processor_factory instead.
See https://github.com/whitphx/streamlit-webrtc#for-users-since-versions-020
  webrtc_ctx = webrtc_streamer(
C:\Users\gokul krishana\OneDrive\Desktop\FaceRecognitionAI\dashboard\pages\05_Attendance.py:342: DeprecationWarning: The argument video_transformer_factory is deprecated. Use video_processor_factory instead.
See https://github.com/whitphx/streamlit-webrtc#for-users-since-versions-020
  webrtc_ctx = webrtc_streamer(
C:\Users\gokul krishana\OneDrive\Desktop\FaceRecognitionAI\dashboard\pages\05_Attendance.py:342: DeprecationWarning: The argument video_transformer_factory is deprecated. Use video_processor_factory instead.
See https://github.com/whitphx/streamlit-webrtc#for-users-since-versions-020
  webrtc_ctx = webrtc_streamer(
C:\Users\gokul krishana\OneDrive\Desktop\FaceRecognitionAI\dashboard\pages\05_Attendance.py:342: DeprecationWarning: The argument video_transformer_factory is deprecated. Use video_processor_factory instead.
See https://github.com/whitphx/streamlit-webrtc#for-users-since-versions-020
  webrtc_ctx = webrtc_streamer(
C:\Users\gokul krishana\OneDrive\Desktop\FaceRecognitionAI\dashboard\pages\05_Attendance.py:342: DeprecationWarning: The argument video_transformer_factory is deprecated. Use video_processor_factory instead.
See https://github.com/whitphx/streamlit-webrtc#for-users-since-versions-020
  webrtc_ctx = webrtc_streamer(
C:\Users\gokul krishana\OneDrive\Desktop\FaceRecognitionAI\dashboard\pages\05_Attendance.py:342: DeprecationWarning: The argument video_transformer_factory is deprecated. Use video_processor_factory instead.
See https://github.com/whitphx/streamlit-webrtc#for-users-since-versions-020
  webrtc_ctx = webrtc_streamer(
C:\Users\gokul krishana\OneDrive\Desktop\FaceRecognitionAI\dashboard\pages\05_Attendance.py:342: DeprecationWarning: The argument video_transformer_factory is deprecated. Use video_processor_factory instead.
See https://github.com/whitphx/streamlit-webrtc#for-users-since-versions-020
  webrtc_ctx = webrtc_streamer(
C:\Users\gokul krishana\OneDrive\Desktop\FaceRecognitionAI\dashboard\pages\05_Attendance.py:342: DeprecationWarning: The argument video_transformer_factory is deprecated. Use video_processor_factory instead.
See https://github.com/whitphx/streamlit-webrtc#for-users-since-versions-020
  webrtc_ctx = webrtc_streamer(
C:\Users\gokul krishana\OneDrive\Desktop\FaceRecognitionAI\dashboard\pages\05_Attendance.py:342: DeprecationWarning: The argument video_transformer_factory is deprecated. Use video_processor_factory instead.
See https://github.com/whitphx/streamlit-webrtc#for-users-since-versions-020
  webrtc_ctx = webrtc_streamer(
C:\Users\gokul krishana\OneDrive\Desktop\FaceRecognitionAI\dashboard\pages\05_Attendance.py:342: DeprecationWarning: The argument video_transformer_factory is deprecated. Use video_processor_factory instead.
See https://github.com/whitphx/streamlit-webrtc#for-users-since-versions-020
  webrtc_ctx = webrtc_streamer(
C:\Users\gokul krishana\OneDrive\Desktop\FaceRecognitionAI\dashboard\pages\05_Attendance.py:342: DeprecationWarning: The argument video_transformer_factory is deprecated. Use video_processor_factory instead.
See https://github.com/whitphx/streamlit-webrtc#for-users-since-versions-020
  webrtc_ctx = webrtc_streamer(
C:\Users\gokul krishana\OneDrive\Desktop\FaceRecognitionAI\dashboard\pages\05_Attendance.py:342: DeprecationWarning: The argument video_transformer_factory is deprecated. Use video_processor_factory instead.
See https://github.com/whitphx/streamlit-webrtc#for-users-since-versions-020
  webrtc_ctx = webrtc_streamer(
C:\Users\gokul krishana\OneDrive\Desktop\FaceRecognitionAI\dashboard\pages\05_Attendance.py:342: DeprecationWarning: The argument video_transformer_factory is deprecated. Use video_processor_factory instead.
See https://github.com/whitphx/streamlit-webrtc#for-users-since-versions-020
  webrtc_ctx = webrtc_streamer(
C:\Users\gokul krishana\OneDrive\Desktop\FaceRecognitionAI\dashboard\pages\05_Attendance.py:342: DeprecationWarning: The argument video_transformer_factory is deprecated. Use video_processor_factory instead.
See https://github.com/whitphx/streamlit-webrtc#for-users-since-versions-020
  webrtc_ctx = webrtc_streamer(
C:\Users\gokul krishana\OneDrive\Desktop\FaceRecognitionAI\dashboard\pages\05_Attendance.py:342: DeprecationWarning: The argument video_transformer_factory is deprecated. Use video_processor_factory instead.
See https://github.com/whitphx/streamlit-webrtc#for-users-since-versions-020
  webrtc_ctx = webrtc_streamer(
C:\Users\gokul krishana\OneDrive\Desktop\FaceRecognitionAI\dashboard\pages\05_Attendance.py:342: DeprecationWarning: The argument video_transformer_factory is deprecated. Use video_processor_factory instead.
See https://github.com/whitphx/streamlit-webrtc#for-users-since-versions-020
  webrtc_ctx = webrtc_streamer(
C:\Users\gokul krishana\OneDrive\Desktop\FaceRecognitionAI\dashboard\pages\05_Attendance.py:342: DeprecationWarning: The argument video_transformer_factory is deprecated. Use video_processor_factory instead.
See https://github.com/whitphx/streamlit-webrtc#for-users-since-versions-020
  webrtc_ctx = webrtc_streamer(
C:\Users\gokul krishana\OneDrive\Desktop\FaceRecognitionAI\dashboard\pages\05_Attendance.py:342: DeprecationWarning: The argument video_transformer_factory is deprecated. Use video_processor_factory instead.
See https://github.com/whitphx/streamlit-webrtc#for-users-since-versions-020
  webrtc_ctx = webrtc_streamer(
C:\Users\gokul krishana\OneDrive\Desktop\FaceRecognitionAI\dashboard\pages\05_Attendance.py:342: DeprecationWarning: The argument video_transformer_factory is deprecated. Use video_processor_factory instead.
See https://github.com/whitphx/streamlit-webrtc#for-users-since-versions-020
  webrtc_ctx = webrtc_streamer(
C:\Users\gokul krishana\OneDrive\Desktop\FaceRecognitionAI\dashboard\pages\05_Attendance.py:342: DeprecationWarning: The argument video_transformer_factory is deprecated. Use video_processor_factory instead.
See https://github.com/whitphx/streamlit-webrtc#for-users-since-versions-020
  webrtc_ctx = webrtc_streamer(
C:\Users\gokul krishana\OneDrive\Desktop\FaceRecognitionAI\dashboard\pages\05_Attendance.py:342: DeprecationWarning: The argument video_transformer_factory is deprecated. Use video_processor_factory instead.
See https://github.com/whitphx/streamlit-webrtc#for-users-since-versions-020
  webrtc_ctx = webrtc_streamer(
C:\Users\gokul krishana\OneDrive\Desktop\FaceRecognitionAI\dashboard\pages\05_Attendance.py:342: DeprecationWarning: The argument video_transformer_factory is deprecated. Use video_processor_factory instead.
See https://github.com/whitphx/streamlit-webrtc#for-users-since-versions-020
  webrtc_ctx = webrtc_streamer(
C:\Users\gokul krishana\OneDrive\Desktop\FaceRecognitionAI\dashboard\pages\05_Attendance.py:342: DeprecationWarning: The argument video_transformer_factory is deprecated. Use video_processor_factory instead.
See https://github.com/whitphx/streamlit-webrtc#for-users-since-versions-020
  webrtc_ctx = webrtc_streamer(
C:\Users\gokul krishana\OneDrive\Desktop\FaceRecognitionAI\dashboard\pages\05_Attendance.py:342: DeprecationWarning: The argument video_transformer_factory is deprecated. Use video_processor_factory instead.
See https://github.com/whitphx/streamlit-webrtc#for-users-since-versions-020
  webrtc_ctx = webrtc_streamer(
C:\Users\gokul krishana\OneDrive\Desktop\FaceRecognitionAI\dashboard\pages\05_Attendance.py:342: DeprecationWarning: The argument video_transformer_factory is deprecated. Use video_processor_factory instead.
See https://github.com/whitphx/streamlit-webrtc#for-users-since-versions-020
  webrtc_ctx = webrtc_streamer(
C:\Users\gokul krishana\OneDrive\Desktop\FaceRecognitionAI\dashboard\pages\05_Attendance.py:342: DeprecationWarning: The argument video_transformer_factory is deprecated. Use video_processor_factory instead.
See https://github.com/whitphx/streamlit-webrtc#for-users-since-versions-020
  webrtc_ctx = webrtc_streamer(
C:\Users\gokul krishana\OneDrive\Desktop\FaceRecognitionAI\dashboard\pages\05_Attendance.py:342: DeprecationWarning: The argument video_transformer_factory is deprecated. Use video_processor_factory instead.
See https://github.com/whitphx/streamlit-webrtc#for-users-since-versions-020
  webrtc_ctx = webrtc_streamer(
C:\Users\gokul krishana\OneDrive\Desktop\FaceRecognitionAI\dashboard\pages\05_Attendance.py:342: DeprecationWarning: The argument video_transformer_factory is deprecated. Use video_processor_factory instead.
See https://github.com/whitphx/streamlit-webrtc#for-users-since-versions-020
  webrtc_ctx = webrtc_streamer(
C:\Users\gokul krishana\OneDrive\Desktop\FaceRecognitionAI\dashboard\pages\05_Attendance.py:342: DeprecationWarning: The argument video_transformer_factory is deprecated. Use video_processor_factory instead.
See https://github.com/whitphx/streamlit-webrtc#for-users-since-versions-020
  webrtc_ctx = webrtc_streamer(
C:\Users\gokul krishana\OneDrive\Desktop\FaceRecognitionAI\dashboard\pages\05_Attendance.py:342: DeprecationWarning: The argument video_transformer_factory is deprecated. Use video_processor_factory instead.
See https://github.com/whitphx/streamlit-webrtc#for-users-since-versions-020
  webrtc_ctx = webrtc_streamer(
C:\Users\gokul krishana\OneDrive\Desktop\FaceRecognitionAI\dashboard\pages\05_Attendance.py:342: DeprecationWarning: The argument video_transformer_factory is deprecated. Use video_processor_factory instead.
See https://github.com/whitphx/streamlit-webrtc#for-users-since-versions-020
  webrtc_ctx = webrtc_streamer(
C:\Users\gokul krishana\OneDrive\Desktop\FaceRecognitionAI\dashboard\pages\05_Attendance.py:342: DeprecationWarning: The argument video_transformer_factory is deprecated. Use video_processor_factory instead.
See https://github.com/whitphx/streamlit-webrtc#for-users-since-versions-020
  webrtc_ctx = webrtc_streamer(
C:\Users\gokul krishana\OneDrive\Desktop\FaceRecognitionAI\dashboard\pages\05_Attendance.py:342: DeprecationWarning: The argument video_transformer_factory is deprecated. Use video_processor_factory instead.
See https://github.com/whitphx/streamlit-webrtc#for-users-since-versions-020
  webrtc_ctx = webrtc_streamer(
C:\Users\gokul krishana\OneDrive\Desktop\FaceRecognitionAI\dashboard\pages\05_Attendance.py:342: DeprecationWarning: The argument video_transformer_factory is deprecated. Use video_processor_factory instead.
See https://github.com/whitphx/streamlit-webrtc#for-users-since-versions-020
  webrtc_ctx = webrtc_streamer(
C:\Users\gokul krishana\OneDrive\Desktop\FaceRecognitionAI\dashboard\pages\05_Attendance.py:342: DeprecationWarning: The argument video_transformer_factory is deprecated. Use video_processor_factory instead.
See https://github.com/whitphx/streamlit-webrtc#for-users-since-versions-020
  webrtc_ctx = webrtc_streamer(
C:\Users\gokul krishana\OneDrive\Desktop\FaceRecognitionAI\dashboard\pages\05_Attendance.py:342: DeprecationWarning: The argument video_transformer_factory is deprecated. Use video_processor_factory instead.
See https://github.com/whitphx/streamlit-webrtc#for-users-since-versions-020
  webrtc_ctx = webrtc_streamer(
C:\Users\gokul krishana\OneDrive\Desktop\FaceRecognitionAI\dashboard\pages\05_Attendance.py:342: DeprecationWarning: The argument video_transformer_factory is deprecated. Use video_processor_factory instead.
See https://github.com/whitphx/streamlit-webrtc#for-users-since-versions-020
  webrtc_ctx = webrtc_streamer(
C:\Users\gokul krishana\OneDrive\Desktop\FaceRecognitionAI\dashboard\pages\05_Attendance.py:342: DeprecationWarning: The argument video_transformer_factory is deprecated. Use video_processor_factory instead.
See https://github.com/whitphx/streamlit-webrtc#for-users-since-versions-020
  webrtc_ctx = webrtc_streamer(
C:\Users\gokul krishana\OneDrive\Desktop\FaceRecognitionAI\dashboard\pages\05_Attendance.py:342: DeprecationWarning: The argument video_transformer_factory is deprecated. Use video_processor_factory instead.
See https://github.com/whitphx/streamlit-webrtc#for-users-since-versions-020
  webrtc_ctx = webrtc_streamer(
C:\Users\gokul krishana\OneDrive\Desktop\FaceRecognitionAI\dashboard\pages\05_Attendance.py:342: DeprecationWarning: The argument video_transformer_factory is deprecated. Use video_processor_factory instead.
See https://github.com/whitphx/streamlit-webrtc#for-users-since-versions-020
  webrtc_ctx = webrtc_streamer(
C:\Users\gokul krishana\OneDrive\Desktop\FaceRecognitionAI\dashboard\pages\05_Attendance.py:342: DeprecationWarning: The argument video_transformer_factory is deprecated. Use video_processor_factory instead.
See https://github.com/whitphx/streamlit-webrtc#for-users-since-versions-020
  webrtc_ctx = webrtc_streamer(
C:\Users\gokul krishana\OneDrive\Desktop\FaceRecognitionAI\dashboard\pages\05_Attendance.py:342: DeprecationWarning: The argument video_transformer_factory is deprecated. Use video_processor_factory instead.
See https://github.com/whitphx/streamlit-webrtc#for-users-since-versions-020
  webrtc_ctx = webrtc_streamer(
C:\Users\gokul krishana\OneDrive\Desktop\FaceRecognitionAI\dashboard\pages\05_Attendance.py:342: DeprecationWarning: The argument video_transformer_factory is deprecated. Use video_processor_factory instead.
See https://github.com/whitphx/streamlit-webrtc#for-users-since-versions-020
  webrtc_ctx = webrtc_streamer(
C:\Users\gokul krishana\OneDrive\Desktop\FaceRecognitionAI\dashboard\pages\05_Attendance.py:342: DeprecationWarning: The argument video_transformer_factory is deprecated. Use video_processor_factory instead.
See https://github.com/whitphx/streamlit-webrtc#for-users-since-versions-020
  webrtc_ctx = webrtc_streamer(
C:\Users\gokul krishana\OneDrive\Desktop\FaceRecognitionAI\dashboard\pages\05_Attendance.py:342: DeprecationWarning: The argument video_transformer_factory is deprecated. Use video_processor_factory instead.
See https://github.com/whitphx/streamlit-webrtc#for-users-since-versions-020
  webrtc_ctx = webrtc_streamer(
C:\Users\gokul krishana\OneDrive\Desktop\FaceRecognitionAI\dashboard\pages\05_Attendance.py:342: DeprecationWarning: The argument video_transformer_factory is deprecated. Use video_processor_factory instead.
See https://github.com/whitphx/streamlit-webrtc#for-users-since-versions-020
  webrtc_ctx = webrtc_streamer(
C:\Users\gokul krishana\OneDrive\Desktop\FaceRecognitionAI\dashboard\pages\05_Attendance.py:342: DeprecationWarning: The argument video_transformer_factory is deprecated. Use video_processor_factory instead.
See https://github.com/whitphx/streamlit-webrtc#for-users-since-versions-020
  webrtc_ctx = webrtc_streamer(
C:\Users\gokul krishana\OneDrive\Desktop\FaceRecognitionAI\dashboard\pages\05_Attendance.py:342: DeprecationWarning: The argument video_transformer_factory is deprecated. Use video_processor_factory instead.
See https://github.com/whitphx/streamlit-webrtc#for-users-since-versions-020
  webrtc_ctx = webrtc_streamer(
C:\Users\gokul krishana\OneDrive\Desktop\FaceRecognitionAI\dashboard\pages\05_Attendance.py:342: DeprecationWarning: The argument video_transformer_factory is deprecated. Use video_processor_factory instead.
See https://github.com/whitphx/streamlit-webrtc#for-users-since-versions-020
  webrtc_ctx = webrtc_streamer(
C:\Users\gokul krishana\OneDrive\Desktop\FaceRecognitionAI\dashboard\pages\05_Attendance.py:342: DeprecationWarning: The argument video_transformer_factory is deprecated. Use video_processor_factory instead.
See https://github.com/whitphx/streamlit-webrtc#for-users-since-versions-020
  webrtc_ctx = webrtc_streamer(
C:\Users\gokul krishana\OneDrive\Desktop\FaceRecognitionAI\dashboard\pages\05_Attendance.py:342: DeprecationWarning: The argument video_transformer_factory is deprecated. Use video_processor_factory instead.
See https://github.com/whitphx/streamlit-webrtc#for-users-since-versions-020
  webrtc_ctx = webrtc_streamer(
C:\Users\gokul krishana\OneDrive\Desktop\FaceRecognitionAI\dashboard\pages\05_Attendance.py:342: DeprecationWarning: The argument video_transformer_factory is deprecated. Use video_processor_factory instead.
See https://github.com/whitphx/streamlit-webrtc#for-users-since-versions-020
  webrtc_ctx = webrtc_streamer(
C:\Users\gokul krishana\OneDrive\Desktop\FaceRecognitionAI\dashboard\pages\05_Attendance.py:342: DeprecationWarning: The argument video_transformer_factory is deprecated. Use video_processor_factory instead.
See https://github.com/whitphx/streamlit-webrtc#for-users-since-versions-020
  webrtc_ctx = webrtc_streamer(
C:\Users\gokul krishana\OneDrive\Desktop\FaceRecognitionAI\dashboard\pages\05_Attendance.py:342: DeprecationWarning: The argument video_transformer_factory is deprecated. Use video_processor_factory instead.
See https://github.com/whitphx/streamlit-webrtc#for-users-since-versions-020
  webrtc_ctx = webrtc_streamer(
C:\Users\gokul krishana\OneDrive\Desktop\FaceRecognitionAI\dashboard\pages\05_Attendance.py:342: DeprecationWarning: The argument video_transformer_factory is deprecated. Use video_processor_factory instead.
See https://github.com/whitphx/streamlit-webrtc#for-users-since-versions-020
  webrtc_ctx = webrtc_streamer(
C:\Users\gokul krishana\OneDrive\Desktop\FaceRecognitionAI\dashboard\pages\05_Attendance.py:342: DeprecationWarning: The argument video_transformer_factory is deprecated. Use video_processor_factory instead.
See https://github.com/whitphx/streamlit-webrtc#for-users-since-versions-020
  webrtc_ctx = webrtc_streamer(
C:\Users\gokul krishana\OneDrive\Desktop\FaceRecognitionAI\dashboard\pages\05_Attendance.py:342: DeprecationWarning: The argument video_transformer_factory is deprecated. Use video_processor_factory instead.
See https://github.com/whitphx/streamlit-webrtc#for-users-since-versions-020
  webrtc_ctx = webrtc_streamer(
C:\Users\gokul krishana\OneDrive\Desktop\FaceRecognitionAI\dashboard\pages\05_Attendance.py:342: DeprecationWarning: The argument video_transformer_factory is deprecated. Use video_processor_factory instead.
See https://github.com/whitphx/streamlit-webrtc#for-users-since-versions-020
  webrtc_ctx = webrtc_streamer(
C:\Users\gokul krishana\OneDrive\Desktop\FaceRecognitionAI\dashboard\pages\05_Attendance.py:342: DeprecationWarning: The argument video_transformer_factory is deprecated. Use video_processor_factory instead.
See https://github.com/whitphx/streamlit-webrtc#for-users-since-versions-020
  webrtc_ctx = webrtc_streamer(
C:\Users\gokul krishana\OneDrive\Desktop\FaceRecognitionAI\dashboard\pages\05_Attendance.py:342: DeprecationWarning: The argument video_transformer_factory is deprecated. Use video_processor_factory instead.
See https://github.com/whitphx/streamlit-webrtc#for-users-since-versions-020
  webrtc_ctx = webrtc_streamer(
C:\Users\gokul krishana\OneDrive\Desktop\FaceRecognitionAI\dashboard\pages\05_Attendance.py:342: DeprecationWarning: The argument video_transformer_factory is deprecated. Use video_processor_factory instead.
See https://github.com/whitphx/streamlit-webrtc#for-users-since-versions-020
  webrtc_ctx = webrtc_streamer(
C:\Users\gokul krishana\OneDrive\Desktop\FaceRecognitionAI\dashboard\pages\05_Attendance.py:342: DeprecationWarning: The argument video_transformer_factory is deprecated. Use video_processor_factory instead.
See https://github.com/whitphx/streamlit-webrtc#for-users-since-versions-020
  webrtc_ctx = webrtc_streamer(
C:\Users\gokul krishana\OneDrive\Desktop\FaceRecognitionAI\dashboard\pages\05_Attendance.py:342: DeprecationWarning: The argument video_transformer_factory is deprecated. Use video_processor_factory instead.
See https://github.com/whitphx/streamlit-webrtc#for-users-since-versions-020
  webrtc_ctx = webrtc_streamer(
C:\Users\gokul krishana\OneDrive\Desktop\FaceRecognitionAI\dashboard\pages\05_Attendance.py:342: DeprecationWarning: The argument video_transformer_factory is deprecated. Use video_processor_factory instead.
See https://github.com/whitphx/streamlit-webrtc#for-users-since-versions-020
  webrtc_ctx = webrtc_streamer(
C:\Users\gokul krishana\OneDrive\Desktop\FaceRecognitionAI\dashboard\pages\05_Attendance.py:342: DeprecationWarning: The argument video_transformer_factory is deprecated. Use video_processor_factory instead.
See https://github.com/whitphx/streamlit-webrtc#for-users-since-versions-020
  webrtc_ctx = webrtc_streamer(
C:\Users\gokul krishana\OneDrive\Desktop\FaceRecognitionAI\dashboard\pages\05_Attendance.py:342: DeprecationWarning: The argument video_transformer_factory is deprecated. Use video_processor_factory instead.
See https://github.com/whitphx/streamlit-webrtc#for-users-since-versions-020
  webrtc_ctx = webrtc_streamer(
C:\Users\gokul krishana\OneDrive\Desktop\FaceRecognitionAI\dashboard\pages\05_Attendance.py:342: DeprecationWarning: The argument video_transformer_factory is deprecated. Use video_processor_factory instead.
See https://github.com/whitphx/streamlit-webrtc#for-users-since-versions-020
  webrtc_ctx = webrtc_streamer(
C:\Users\gokul krishana\OneDrive\Desktop\FaceRecognitionAI\dashboard\pages\05_Attendance.py:342: DeprecationWarning: The argument video_transformer_factory is deprecated. Use video_processor_factory instead.
See https://github.com/whitphx/streamlit-webrtc#for-users-since-versions-020
  webrtc_ctx = webrtc_streamer(
C:\Users\gokul krishana\OneDrive\Desktop\FaceRecognitionAI\dashboard\pages\05_Attendance.py:342: DeprecationWarning: The argument video_transformer_factory is deprecated. Use video_processor_factory instead.
See https://github.com/whitphx/streamlit-webrtc#for-users-since-versions-020
  webrtc_ctx = webrtc_streamer(
C:\Users\gokul krishana\OneDrive\Desktop\FaceRecognitionAI\dashboard\pages\05_Attendance.py:342: DeprecationWarning: The argument video_transformer_factory is deprecated. Use video_processor_factory instead.
See https://github.com/whitphx/streamlit-webrtc#for-users-since-versions-020
  webrtc_ctx = webrtc_streamer(
C:\Users\gokul krishana\OneDrive\Desktop\FaceRecognitionAI\dashboard\pages\05_Attendance.py:342: DeprecationWarning: The argument video_transformer_factory is deprecated. Use video_processor_factory instead.
See https://github.com/whitphx/streamlit-webrtc#for-users-since-versions-020
  webrtc_ctx = webrtc_streamer(
C:\Users\gokul krishana\OneDrive\Desktop\FaceRecognitionAI\dashboard\pages\05_Attendance.py:342: DeprecationWarning: The argument video_transformer_factory is deprecated. Use video_processor_factory instead.
See https://github.com/whitphx/streamlit-webrtc#for-users-since-versions-020
  webrtc_ctx = webrtc_streamer(
C:\Users\gokul krishana\OneDrive\Desktop\FaceRecognitionAI\dashboard\pages\05_Attendance.py:342: DeprecationWarning: The argument video_transformer_factory is deprecated. Use video_processor_factory instead.
See https://github.com/whitphx/streamlit-webrtc#for-users-since-versions-020
  webrtc_ctx = webrtc_streamer(
C:\Users\gokul krishana\OneDrive\Desktop\FaceRecognitionAI\dashboard\pages\05_Attendance.py:342: DeprecationWarning: The argument video_transformer_factory is deprecated. Use video_processor_factory instead.
See https://github.com/whitphx/streamlit-webrtc#for-users-since-versions-020
  webrtc_ctx = webrtc_streamer(
C:\Users\gokul krishana\OneDrive\Desktop\FaceRecognitionAI\dashboard\pages\05_Attendance.py:342: DeprecationWarning: The argument video_transformer_factory is deprecated. Use video_processor_factory instead.
See https://github.com/whitphx/streamlit-webrtc#for-users-since-versions-020
  webrtc_ctx = webrtc_streamer(
C:\Users\gokul krishana\OneDrive\Desktop\FaceRecognitionAI\dashboard\pages\05_Attendance.py:342: DeprecationWarning: The argument video_transformer_factory is deprecated. Use video_processor_factory instead.
See https://github.com/whitphx/streamlit-webrtc#for-users-since-versions-020
  webrtc_ctx = webrtc_streamer(
C:\Users\gokul krishana\OneDrive\Desktop\FaceRecognitionAI\dashboard\pages\05_Attendance.py:342: DeprecationWarning: The argument video_transformer_factory is deprecated. Use video_processor_factory instead.
See https://github.com/whitphx/streamlit-webrtc#for-users-since-versions-020
  webrtc_ctx = webrtc_streamer(
C:\Users\gokul krishana\OneDrive\Desktop\FaceRecognitionAI\dashboard\pages\05_Attendance.py:342: DeprecationWarning: The argument video_transformer_factory is deprecated. Use video_processor_factory instead.
See https://github.com/whitphx/streamlit-webrtc#for-users-since-versions-020
  webrtc_ctx = webrtc_streamer(
C:\Users\gokul krishana\OneDrive\Desktop\FaceRecognitionAI\dashboard\pages\05_Attendance.py:342: DeprecationWarning: The argument video_transformer_factory is deprecated. Use video_processor_factory instead.
See https://github.com/whitphx/streamlit-webrtc#for-users-since-versions-020
  webrtc_ctx = webrtc_streamer(
C:\Users\gokul krishana\OneDrive\Desktop\FaceRecognitionAI\dashboard\pages\05_Attendance.py:342: DeprecationWarning: The argument video_transformer_factory is deprecated. Use video_processor_factory instead.
See https://github.com/whitphx/streamlit-webrtc#for-users-since-versions-020
  webrtc_ctx = webrtc_streamer(
C:\Users\gokul krishana\OneDrive\Desktop\FaceRecognitionAI\dashboard\pages\05_Attendance.py:342: DeprecationWarning: The argument video_transformer_factory is deprecated. Use video_processor_factory instead.
See https://github.com/whitphx/streamlit-webrtc#for-users-since-versions-020
  webrtc_ctx = webrtc_streamer(
C:\Users\gokul krishana\OneDrive\Desktop\FaceRecognitionAI\dashboard\pages\05_Attendance.py:342: DeprecationWarning: The argument video_transformer_factory is deprecated. Use video_processor_factory instead.
See https://github.com/whitphx/streamlit-webrtc#for-users-since-versions-020
  webrtc_ctx = webrtc_streamer(
C:\Users\gokul krishana\OneDrive\Desktop\FaceRecognitionAI\dashboard\pages\05_Attendance.py:342: DeprecationWarning: The argument video_transformer_factory is deprecated. Use video_processor_factory instead.
See https://github.com/whitphx/streamlit-webrtc#for-users-since-versions-020
  webrtc_ctx = webrtc_streamer(
C:\Users\gokul krishana\OneDrive\Desktop\FaceRecognitionAI\dashboard\pages\05_Attendance.py:342: DeprecationWarning: The argument video_transformer_factory is deprecated. Use video_processor_factory instead.
See https://github.com/whitphx/streamlit-webrtc#for-users-since-versions-020
  webrtc_ctx = webrtc_streamer(
C:\Users\gokul krishana\OneDrive\Desktop\FaceRecognitionAI\dashboard\pages\05_Attendance.py:342: DeprecationWarning: The argument video_transformer_factory is deprecated. Use video_processor_factory instead.
See https://github.com/whitphx/streamlit-webrtc#for-users-since-versions-020
  webrtc_ctx = webrtc_streamer(
C:\Users\gokul krishana\OneDrive\Desktop\FaceRecognitionAI\dashboard\pages\05_Attendance.py:342: DeprecationWarning: The argument video_transformer_factory is deprecated. Use video_processor_factory instead.
See https://github.com/whitphx/streamlit-webrtc#for-users-since-versions-020
  webrtc_ctx = webrtc_streamer(
C:\Users\gokul krishana\OneDrive\Desktop\FaceRecognitionAI\dashboard\pages\05_Attendance.py:342: DeprecationWarning: The argument video_transformer_factory is deprecated. Use video_processor_factory instead.
See https://github.com/whitphx/streamlit-webrtc#for-users-since-versions-020
  webrtc_ctx = webrtc_streamer(
C:\Users\gokul krishana\OneDrive\Desktop\FaceRecognitionAI\dashboard\pages\05_Attendance.py:342: DeprecationWarning: The argument video_transformer_factory is deprecated. Use video_processor_factory instead.
See https://github.com/whitphx/streamlit-webrtc#for-users-since-versions-020
  webrtc_ctx = webrtc_streamer(
C:\Users\gokul krishana\OneDrive\Desktop\FaceRecognitionAI\dashboard\pages\05_Attendance.py:342: DeprecationWarning: The argument video_transformer_factory is deprecated. Use video_processor_factory instead.
See https://github.com/whitphx/streamlit-webrtc#for-users-since-versions-020
  webrtc_ctx = webrtc_streamer(
C:\Users\gokul krishana\OneDrive\Desktop\FaceRecognitionAI\dashboard\pages\05_Attendance.py:342: DeprecationWarning: The argument video_transformer_factory is deprecated. Use video_processor_factory instead.
See https://github.com/whitphx/streamlit-webrtc#for-users-since-versions-020
  webrtc_ctx = webrtc_streamer(
C:\Users\gokul krishana\OneDrive\Desktop\FaceRecognitionAI\dashboard\pages\05_Attendance.py:342: DeprecationWarning: The argument video_transformer_factory is deprecated. Use video_processor_factory instead.
See https://github.com/whitphx/streamlit-webrtc#for-users-since-versions-020
  webrtc_ctx = webrtc_streamer(
C:\Users\gokul krishana\OneDrive\Desktop\FaceRecognitionAI\dashboard\pages\05_Attendance.py:342: DeprecationWarning: The argument video_transformer_factory is deprecated. Use video_processor_factory instead.
See https://github.com/whitphx/streamlit-webrtc#for-users-since-versions-020
  webrtc_ctx = webrtc_streamer(
C:\Users\gokul krishana\OneDrive\Desktop\FaceRecognitionAI\dashboard\pages\05_Attendance.py:342: DeprecationWarning: The argument video_transformer_factory is deprecated. Use video_processor_factory instead.
See https://github.com/whitphx/streamlit-webrtc#for-users-since-versions-020
  webrtc_ctx = webrtc_streamer(
C:\Users\gokul krishana\OneDrive\Desktop\FaceRecognitionAI\dashboard\pages\05_Attendance.py:342: DeprecationWarning: The argument video_transformer_factory is deprecated. Use video_processor_factory instead.
See https://github.com/whitphx/streamlit-webrtc#for-users-since-versions-020
  webrtc_ctx = webrtc_streamer(
C:\Users\gokul krishana\OneDrive\Desktop\FaceRecognitionAI\dashboard\pages\05_Attendance.py:342: DeprecationWarning: The argument video_transformer_factory is deprecated. Use video_processor_factory instead.
See https://github.com/whitphx/streamlit-webrtc#for-users-since-versions-020
  webrtc_ctx = webrtc_streamer(
C:\Users\gokul krishana\OneDrive\Desktop\FaceRecognitionAI\dashboard\pages\05_Attendance.py:342: DeprecationWarning: The argument video_transformer_factory is deprecated. Use video_processor_factory instead.
See https://github.com/whitphx/streamlit-webrtc#for-users-since-versions-020
  webrtc_ctx = webrtc_streamer(
C:\Users\gokul krishana\OneDrive\Desktop\FaceRecognitionAI\dashboard\pages\05_Attendance.py:342: DeprecationWarning: The argument video_transformer_factory is deprecated. Use video_processor_factory instead.
See https://github.com/whitphx/streamlit-webrtc#for-users-since-versions-020
  webrtc_ctx = webrtc_streamer(
C:\Users\gokul krishana\OneDrive\Desktop\FaceRecognitionAI\dashboard\pages\05_Attendance.py:342: DeprecationWarning: The argument video_transformer_factory is deprecated. Use video_processor_factory instead.
See https://github.com/whitphx/streamlit-webrtc#for-users-since-versions-020
  webrtc_ctx = webrtc_streamer(
C:\Users\gokul krishana\OneDrive\Desktop\FaceRecognitionAI\dashboard\pages\05_Attendance.py:342: DeprecationWarning: The argument video_transformer_factory is deprecated. Use video_processor_factory instead.
See https://github.com/whitphx/streamlit-webrtc#for-users-since-versions-020
  webrtc_ctx = webrtc_streamer(
C:\Users\gokul krishana\OneDrive\Desktop\FaceRecognitionAI\dashboard\pages\05_Attendance.py:342: DeprecationWarning: The argument video_transformer_factory is deprecated. Use video_processor_factory instead.
See https://github.com/whitphx/streamlit-webrtc#for-users-since-versions-020
  webrtc_ctx = webrtc_streamer(
C:\Users\gokul krishana\OneDrive\Desktop\FaceRecognitionAI\dashboard\pages\05_Attendance.py:342: DeprecationWarning: The argument video_transformer_factory is deprecated. Use video_processor_factory instead.
See https://github.com/whitphx/streamlit-webrtc#for-users-since-versions-020
  webrtc_ctx = webrtc_streamer(
C:\Users\gokul krishana\OneDrive\Desktop\FaceRecognitionAI\dashboard\pages\05_Attendance.py:342: DeprecationWarning: The argument video_transformer_factory is deprecated. Use video_processor_factory instead.
See https://github.com/whitphx/streamlit-webrtc#for-users-since-versions-020
  webrtc_ctx = webrtc_streamer(
C:\Users\gokul krishana\OneDrive\Desktop\FaceRecognitionAI\dashboard\pages\05_Attendance.py:342: DeprecationWarning: The argument video_transformer_factory is deprecated. Use video_processor_factory instead.
See https://github.com/whitphx/streamlit-webrtc#for-users-since-versions-020
  webrtc_ctx = webrtc_streamer(
C:\Users\gokul krishana\OneDrive\Desktop\FaceRecognitionAI\dashboard\pages\05_Attendance.py:342: DeprecationWarning: The argument video_transformer_factory is deprecated. Use video_processor_factory instead.
See https://github.com/whitphx/streamlit-webrtc#for-users-since-versions-020
  webrtc_ctx = webrtc_streamer(
C:\Users\gokul krishana\OneDrive\Desktop\FaceRecognitionAI\dashboard\pages\05_Attendance.py:342: DeprecationWarning: The argument video_transformer_factory is deprecated. Use video_processor_factory instead.
See https://github.com/whitphx/streamlit-webrtc#for-users-since-versions-020
  webrtc_ctx = webrtc_streamer(
C:\Users\gokul krishana\OneDrive\Desktop\FaceRecognitionAI\dashboard\pages\05_Attendance.py:342: DeprecationWarning: The argument video_transformer_factory is deprecated. Use video_processor_factory instead.
See https://github.com/whitphx/streamlit-webrtc#for-users-since-versions-020
  webrtc_ctx = webrtc_streamer(
C:\Users\gokul krishana\OneDrive\Desktop\FaceRecognitionAI\dashboard\pages\05_Attendance.py:342: DeprecationWarning: The argument video_transformer_factory is deprecated. Use video_processor_factory instead.
See https://github.com/whitphx/streamlit-webrtc#for-users-since-versions-020
  webrtc_ctx = webrtc_streamer(
C:\Users\gokul krishana\OneDrive\Desktop\FaceRecognitionAI\dashboard\pages\05_Attendance.py:342: DeprecationWarning: The argument video_transformer_factory is deprecated. Use video_processor_factory instead.
See https://github.com/whitphx/streamlit-webrtc#for-users-since-versions-020
  webrtc_ctx = webrtc_streamer(
C:\Users\gokul krishana\OneDrive\Desktop\FaceRecognitionAI\dashboard\pages\05_Attendance.py:342: DeprecationWarning: The argument video_transformer_factory is deprecated. Use video_processor_factory instead.
See https://github.com/whitphx/streamlit-webrtc#for-users-since-versions-020
  webrtc_ctx = webrtc_streamer(
C:\Users\gokul krishana\OneDrive\Desktop\FaceRecognitionAI\dashboard\pages\05_Attendance.py:342: DeprecationWarning: The argument video_transformer_factory is deprecated. Use video_processor_factory instead.
See https://github.com/whitphx/streamlit-webrtc#for-users-since-versions-020
  webrtc_ctx = webrtc_streamer(
C:\Users\gokul krishana\OneDrive\Desktop\FaceRecognitionAI\dashboard\pages\05_Attendance.py:342: DeprecationWarning: The argument video_transformer_factory is deprecated. Use video_processor_factory instead.
See https://github.com/whitphx/streamlit-webrtc#for-users-since-versions-020
  webrtc_ctx = webrtc_streamer(
C:\Users\gokul krishana\OneDrive\Desktop\FaceRecognitionAI\dashboard\pages\05_Attendance.py:342: DeprecationWarning: The argument video_transformer_factory is deprecated. Use video_processor_factory instead.
See https://github.com/whitphx/streamlit-webrtc#for-users-since-versions-020
  webrtc_ctx = webrtc_streamer(
C:\Users\gokul krishana\OneDrive\Desktop\FaceRecognitionAI\dashboard\pages\05_Attendance.py:342: DeprecationWarning: The argument video_transformer_factory is deprecated. Use video_processor_factory instead.
See https://github.com/whitphx/streamlit-webrtc#for-users-since-versions-020
  webrtc_ctx = webrtc_streamer(
C:\Users\gokul krishana\OneDrive\Desktop\FaceRecognitionAI\dashboard\pages\05_Attendance.py:342: DeprecationWarning: The argument video_transformer_factory is deprecated. Use video_processor_factory instead.
See https://github.com/whitphx/streamlit-webrtc#for-users-since-versions-020
  webrtc_ctx = webrtc_streamer(
C:\Users\gokul krishana\OneDrive\Desktop\FaceRecognitionAI\dashboard\pages\05_Attendance.py:342: DeprecationWarning: The argument video_transformer_factory is deprecated. Use video_processor_factory instead.
See https://github.com/whitphx/streamlit-webrtc#for-users-since-versions-020
  webrtc_ctx = webrtc_streamer(
C:\Users\gokul krishana\OneDrive\Desktop\FaceRecognitionAI\dashboard\pages\05_Attendance.py:342: DeprecationWarning: The argument video_transformer_factory is deprecated. Use video_processor_factory instead.
See https://github.com/whitphx/streamlit-webrtc#for-users-since-versions-020
  webrtc_ctx = webrtc_streamer(
C:\Users\gokul krishana\OneDrive\Desktop\FaceRecognitionAI\dashboard\pages\05_Attendance.py:342: DeprecationWarning: The argument video_transformer_factory is deprecated. Use video_processor_factory instead.
See https://github.com/whitphx/streamlit-webrtc#for-users-since-versions-020
  webrtc_ctx = webrtc_streamer(
C:\Users\gokul krishana\OneDrive\Desktop\FaceRecognitionAI\dashboard\pages\05_Attendance.py:342: DeprecationWarning: The argument video_transformer_factory is deprecated. Use video_processor_factory instead.
See https://github.com/whitphx/streamlit-webrtc#for-users-since-versions-020
  webrtc_ctx = webrtc_streamer(
C:\Users\gokul krishana\OneDrive\Desktop\FaceRecognitionAI\dashboard\pages\05_Attendance.py:342: DeprecationWarning: The argument video_transformer_factory is deprecated. Use video_processor_factory instead.
See https://github.com/whitphx/streamlit-webrtc#for-users-since-versions-020
  webrtc_ctx = webrtc_streamer(
C:\Users\gokul krishana\OneDrive\Desktop\FaceRecognitionAI\dashboard\pages\05_Attendance.py:342: DeprecationWarning: The argument video_transformer_factory is deprecated. Use video_processor_factory instead.
See https://github.com/whitphx/streamlit-webrtc#for-users-since-versions-020
  webrtc_ctx = webrtc_streamer(
C:\Users\gokul krishana\OneDrive\Desktop\FaceRecognitionAI\dashboard\pages\05_Attendance.py:342: DeprecationWarning: The argument video_transformer_factory is deprecated. Use video_processor_factory instead.
See https://github.com/whitphx/streamlit-webrtc#for-users-since-versions-020
  webrtc_ctx = webrtc_streamer(
C:\Users\gokul krishana\OneDrive\Desktop\FaceRecognitionAI\dashboard\pages\05_Attendance.py:342: DeprecationWarning: The argument video_transformer_factory is deprecated. Use video_processor_factory instead.
See https://github.com/whitphx/streamlit-webrtc#for-users-since-versions-020
  webrtc_ctx = webrtc_streamer(
C:\Users\gokul krishana\OneDrive\Desktop\FaceRecognitionAI\dashboard\pages\05_Attendance.py:342: DeprecationWarning: The argument video_transformer_factory is deprecated. Use video_processor_factory instead.
See https://github.com/whitphx/streamlit-webrtc#for-users-since-versions-020
  webrtc_ctx = webrtc_streamer(
C:\Users\gokul krishana\OneDrive\Desktop\FaceRecognitionAI\dashboard\pages\05_Attendance.py:342: DeprecationWarning: The argument video_transformer_factory is deprecated. Use video_processor_factory instead.
See https://github.com/whitphx/streamlit-webrtc#for-users-since-versions-020
  webrtc_ctx = webrtc_streamer(
C:\Users\gokul krishana\OneDrive\Desktop\FaceRecognitionAI\dashboard\pages\05_Attendance.py:342: DeprecationWarning: The argument video_transformer_factory is deprecated. Use video_processor_factory instead.
See https://github.com/whitphx/streamlit-webrtc#for-users-since-versions-020
  webrtc_ctx = webrtc_streamer(
C:\Users\gokul krishana\OneDrive\Desktop\FaceRecognitionAI\dashboard\pages\05_Attendance.py:342: DeprecationWarning: The argument video_transformer_factory is deprecated. Use video_processor_factory instead.
See https://github.com/whitphx/streamlit-webrtc#for-users-since-versions-020
  webrtc_ctx = webrtc_streamer(
C:\Users\gokul krishana\OneDrive\Desktop\FaceRecognitionAI\dashboard\pages\05_Attendance.py:342: DeprecationWarning: The argument video_transformer_factory is deprecated. Use video_processor_factory instead.
See https://github.com/whitphx/streamlit-webrtc#for-users-since-versions-020
  webrtc_ctx = webrtc_streamer(
C:\Users\gokul krishana\OneDrive\Desktop\FaceRecognitionAI\dashboard\pages\05_Attendance.py:342: DeprecationWarning: The argument video_transformer_factory is deprecated. Use video_processor_factory instead.
See https://github.com/whitphx/streamlit-webrtc#for-users-since-versions-020
  webrtc_ctx = webrtc_streamer(
C:\Users\gokul krishana\OneDrive\Desktop\FaceRecognitionAI\dashboard\pages\05_Attendance.py:342: DeprecationWarning: The argument video_transformer_factory is deprecated. Use video_processor_factory instead.
See https://github.com/whitphx/streamlit-webrtc#for-users-since-versions-020
  webrtc_ctx = webrtc_streamer(
C:\Users\gokul krishana\OneDrive\Desktop\FaceRecognitionAI\dashboard\pages\05_Attendance.py:342: DeprecationWarning: The argument video_transformer_factory is deprecated. Use video_processor_factory instead.
See https://github.com/whitphx/streamlit-webrtc#for-users-since-versions-020
  webrtc_ctx = webrtc_streamer(
C:\Users\gokul krishana\OneDrive\Desktop\FaceRecognitionAI\dashboard\pages\05_Attendance.py:342: DeprecationWarning: The argument video_transformer_factory is deprecated. Use video_processor_factory instead.
See https://github.com/whitphx/streamlit-webrtc#for-users-since-versions-020
  webrtc_ctx = webrtc_streamer(
C:\Users\gokul krishana\OneDrive\Desktop\FaceRecognitionAI\dashboard\pages\05_Attendance.py:342: DeprecationWarning: The argument video_transformer_factory is deprecated. Use video_processor_factory instead.
See https://github.com/whitphx/streamlit-webrtc#for-users-since-versions-020
  webrtc_ctx = webrtc_streamer(
C:\Users\gokul krishana\OneDrive\Desktop\FaceRecognitionAI\dashboard\pages\05_Attendance.py:342: DeprecationWarning: The argument video_transformer_factory is deprecated. Use video_processor_factory instead.
See https://github.com/whitphx/streamlit-webrtc#for-users-since-versions-020
  webrtc_ctx = webrtc_streamer(
C:\Users\gokul krishana\OneDrive\Desktop\FaceRecognitionAI\dashboard\pages\05_Attendance.py:342: DeprecationWarning: The argument video_transformer_factory is deprecated. Use video_processor_factory instead.
See https://github.com/whitphx/streamlit-webrtc#for-users-since-versions-020
  webrtc_ctx = webrtc_streamer(
C:\Users\gokul krishana\OneDrive\Desktop\FaceRecognitionAI\dashboard\pages\05_Attendance.py:342: DeprecationWarning: The argument video_transformer_factory is deprecated. Use video_processor_factory instead.
See https://github.com/whitphx/streamlit-webrtc#for-users-since-versions-020
  webrtc_ctx = webrtc_streamer(
C:\Users\gokul krishana\OneDrive\Desktop\FaceRecognitionAI\dashboard\pages\05_Attendance.py:342: DeprecationWarning: The argument video_transformer_factory is deprecated. Use video_processor_factory instead.
See https://github.com/whitphx/streamlit-webrtc#for-users-since-versions-020
  webrtc_ctx = webrtc_streamer(
C:\Users\gokul krishana\OneDrive\Desktop\FaceRecognitionAI\dashboard\pages\05_Attendance.py:342: DeprecationWarning: The argument video_transformer_factory is deprecated. Use video_processor_factory instead.
See https://github.com/whitphx/streamlit-webrtc#for-users-since-versions-020
  webrtc_ctx = webrtc_streamer(
C:\Users\gokul krishana\OneDrive\Desktop\FaceRecognitionAI\dashboard\pages\05_Attendance.py:342: DeprecationWarning: The argument video_transformer_factory is deprecated. Use video_processor_factory instead.
See https://github.com/whitphx/streamlit-webrtc#for-users-since-versions-020
  webrtc_ctx = webrtc_streamer(
C:\Users\gokul krishana\OneDrive\Desktop\FaceRecognitionAI\dashboard\pages\05_Attendance.py:342: DeprecationWarning: The argument video_transformer_factory is deprecated. Use video_processor_factory instead.
See https://github.com/whitphx/streamlit-webrtc#for-users-since-versions-020
  webrtc_ctx = webrtc_streamer(
C:\Users\gokul krishana\OneDrive\Desktop\FaceRecognitionAI\dashboard\pages\05_Attendance.py:342: DeprecationWarning: The argument video_transformer_factory is deprecated. Use video_processor_factory instead.
See https://github.com/whitphx/streamlit-webrtc#for-users-since-versions-020
  webrtc_ctx = webrtc_streamer(
C:\Users\gokul krishana\OneDrive\Desktop\FaceRecognitionAI\dashboard\pages\05_Attendance.py:342: DeprecationWarning: The argument video_transformer_factory is deprecated. Use video_processor_factory instead.
See https://github.com/whitphx/streamlit-webrtc#for-users-since-versions-020
  webrtc_ctx = webrtc_streamer(
C:\Users\gokul krishana\OneDrive\Desktop\FaceRecognitionAI\dashboard\pages\05_Attendance.py:342: DeprecationWarning: The argument video_transformer_factory is deprecated. Use video_processor_factory instead.
See https://github.com/whitphx/streamlit-webrtc#for-users-since-versions-020
  webrtc_ctx = webrtc_streamer(
C:\Users\gokul krishana\OneDrive\Desktop\FaceRecognitionAI\dashboard\pages\05_Attendance.py:342: DeprecationWarning: The argument video_transformer_factory is deprecated. Use video_processor_factory instead.
See https://github.com/whitphx/streamlit-webrtc#for-users-since-versions-020
  webrtc_ctx = webrtc_streamer(
C:\Users\gokul krishana\OneDrive\Desktop\FaceRecognitionAI\dashboard\pages\05_Attendance.py:342: DeprecationWarning: The argument video_transformer_factory is deprecated. Use video_processor_factory instead.
See https://github.com/whitphx/streamlit-webrtc#for-users-since-versions-020
  webrtc_ctx = webrtc_streamer(
C:\Users\gokul krishana\OneDrive\Desktop\FaceRecognitionAI\dashboard\pages\05_Attendance.py:342: DeprecationWarning: The argument video_transformer_factory is deprecated. Use video_processor_factory instead.
See https://github.com/whitphx/streamlit-webrtc#for-users-since-versions-020
  webrtc_ctx = webrtc_streamer(
C:\Users\gokul krishana\OneDrive\Desktop\FaceRecognitionAI\dashboard\pages\05_Attendance.py:342: DeprecationWarning: The argument video_transformer_factory is deprecated. Use video_processor_factory instead.
See https://github.com/whitphx/streamlit-webrtc#for-users-since-versions-020
  webrtc_ctx = webrtc_streamer(
C:\Users\gokul krishana\OneDrive\Desktop\FaceRecognitionAI\dashboard\pages\05_Attendance.py:342: DeprecationWarning: The argument video_transformer_factory is deprecated. Use video_processor_factory instead.
See https://github.com/whitphx/streamlit-webrtc#for-users-since-versions-020
  webrtc_ctx = webrtc_streamer(
C:\Users\gokul krishana\OneDrive\Desktop\FaceRecognitionAI\dashboard\pages\05_Attendance.py:342: DeprecationWarning: The argument video_transformer_factory is deprecated. Use video_processor_factory instead.
See https://github.com/whitphx/streamlit-webrtc#for-users-since-versions-020
  webrtc_ctx = webrtc_streamer(
C:\Users\gokul krishana\OneDrive\Desktop\FaceRecognitionAI\dashboard\pages\05_Attendance.py:342: DeprecationWarning: The argument video_transformer_factory is deprecated. Use video_processor_factory instead.
See https://github.com/whitphx/streamlit-webrtc#for-users-since-versions-020
  webrtc_ctx = webrtc_streamer(
C:\Users\gokul krishana\OneDrive\Desktop\FaceRecognitionAI\dashboard\pages\05_Attendance.py:342: DeprecationWarning: The argument video_transformer_factory is deprecated. Use video_processor_factory instead.
See https://github.com/whitphx/streamlit-webrtc#for-users-since-versions-020
  webrtc_ctx = webrtc_streamer(
C:\Users\gokul krishana\OneDrive\Desktop\FaceRecognitionAI\dashboard\pages\05_Attendance.py:342: DeprecationWarning: The argument video_transformer_factory is deprecated. Use video_processor_factory instead.
See https://github.com/whitphx/streamlit-webrtc#for-users-since-versions-020
  webrtc_ctx = webrtc_streamer(
C:\Users\gokul krishana\OneDrive\Desktop\FaceRecognitionAI\dashboard\pages\05_Attendance.py:342: DeprecationWarning: The argument video_transformer_factory is deprecated. Use video_processor_factory instead.
See https://github.com/whitphx/streamlit-webrtc#for-users-since-versions-020
  webrtc_ctx = webrtc_streamer(
C:\Users\gokul krishana\OneDrive\Desktop\FaceRecognitionAI\dashboard\pages\05_Attendance.py:342: DeprecationWarning: The argument video_transformer_factory is deprecated. Use video_processor_factory instead.
See https://github.com/whitphx/streamlit-webrtc#for-users-since-versions-020
  webrtc_ctx = webrtc_streamer(
C:\Users\gokul krishana\OneDrive\Desktop\FaceRecognitionAI\dashboard\pages\05_Attendance.py:342: DeprecationWarning: The argument video_transformer_factory is deprecated. Use video_processor_factory instead.
See https://github.com/whitphx/streamlit-webrtc#for-users-since-versions-020
  webrtc_ctx = webrtc_streamer(
C:\Users\gokul krishana\OneDrive\Desktop\FaceRecognitionAI\dashboard\pages\05_Attendance.py:342: DeprecationWarning: The argument video_transformer_factory is deprecated. Use video_processor_factory instead.
See https://github.com/whitphx/streamlit-webrtc#for-users-since-versions-020
  webrtc_ctx = webrtc_streamer(
C:\Users\gokul krishana\OneDrive\Desktop\FaceRecognitionAI\dashboard\pages\05_Attendance.py:342: DeprecationWarning: The argument video_transformer_factory is deprecated. Use video_processor_factory instead.
See https://github.com/whitphx/streamlit-webrtc#for-users-since-versions-020
  webrtc_ctx = webrtc_streamer(
C:\Users\gokul krishana\OneDrive\Desktop\FaceRecognitionAI\dashboard\pages\05_Attendance.py:342: DeprecationWarning: The argument video_transformer_factory is deprecated. Use video_processor_factory instead.
See https://github.com/whitphx/streamlit-webrtc#for-users-since-versions-020
  webrtc_ctx = webrtc_streamer(
C:\Users\gokul krishana\OneDrive\Desktop\FaceRecognitionAI\dashboard\pages\05_Attendance.py:342: DeprecationWarning: The argument video_transformer_factory is deprecated. Use video_processor_factory instead.
See https://github.com/whitphx/streamlit-webrtc#for-users-since-versions-020
  webrtc_ctx = webrtc_streamer(
C:\Users\gokul krishana\OneDrive\Desktop\FaceRecognitionAI\dashboard\pages\05_Attendance.py:342: DeprecationWarning: The argument video_transformer_factory is deprecated. Use video_processor_factory instead.
See https://github.com/whitphx/streamlit-webrtc#for-users-since-versions-020
  webrtc_ctx = webrtc_streamer(
C:\Users\gokul krishana\OneDrive\Desktop\FaceRecognitionAI\dashboard\pages\05_Attendance.py:342: DeprecationWarning: The argument video_transformer_factory is deprecated. Use video_processor_factory instead.
See https://github.com/whitphx/streamlit-webrtc#for-users-since-versions-020
  webrtc_ctx = webrtc_streamer(
C:\Users\gokul krishana\OneDrive\Desktop\FaceRecognitionAI\dashboard\pages\05_Attendance.py:342: DeprecationWarning: The argument video_transformer_factory is deprecated. Use video_processor_factory instead.
See https://github.com/whitphx/streamlit-webrtc#for-users-since-versions-020
  webrtc_ctx = webrtc_streamer(
C:\Users\gokul krishana\OneDrive\Desktop\FaceRecognitionAI\dashboard\pages\05_Attendance.py:342: DeprecationWarning: The argument video_transformer_factory is deprecated. Use video_processor_factory instead.
See https://github.com/whitphx/streamlit-webrtc#for-users-since-versions-020
  webrtc_ctx = webrtc_streamer(
C:\Users\gokul krishana\OneDrive\Desktop\FaceRecognitionAI\dashboard\pages\05_Attendance.py:342: DeprecationWarning: The argument video_transformer_factory is deprecated. Use video_processor_factory instead.
See https://github.com/whitphx/streamlit-webrtc#for-users-since-versions-020
  webrtc_ctx = webrtc_streamer(
C:\Users\gokul krishana\OneDrive\Desktop\FaceRecognitionAI\dashboard\pages\05_Attendance.py:342: DeprecationWarning: The argument video_transformer_factory is deprecated. Use video_processor_factory instead.
See https://github.com/whitphx/streamlit-webrtc#for-users-since-versions-020
  webrtc_ctx = webrtc_streamer(
C:\Users\gokul krishana\OneDrive\Desktop\FaceRecognitionAI\dashboard\pages\05_Attendance.py:342: DeprecationWarning: The argument video_transformer_factory is deprecated. Use video_processor_factory instead.
See https://github.com/whitphx/streamlit-webrtc#for-users-since-versions-020
  webrtc_ctx = webrtc_streamer(
C:\Users\gokul krishana\OneDrive\Desktop\FaceRecognitionAI\dashboard\pages\05_Attendance.py:342: DeprecationWarning: The argument video_transformer_factory is deprecated. Use video_processor_factory instead.
See https://github.com/whitphx/streamlit-webrtc#for-users-since-versions-020
  webrtc_ctx = webrtc_streamer(
C:\Users\gokul krishana\OneDrive\Desktop\FaceRecognitionAI\dashboard\pages\05_Attendance.py:342: DeprecationWarning: The argument video_transformer_factory is deprecated. Use video_processor_factory instead.
See https://github.com/whitphx/streamlit-webrtc#for-users-since-versions-020
  webrtc_ctx = webrtc_streamer(
C:\Users\gokul krishana\OneDrive\Desktop\FaceRecognitionAI\dashboard\pages\05_Attendance.py:342: DeprecationWarning: The argument video_transformer_factory is deprecated. Use video_processor_factory instead.
See https://github.com/whitphx/streamlit-webrtc#for-users-since-versions-020
  webrtc_ctx = webrtc_streamer(
C:\Users\gokul krishana\OneDrive\Desktop\FaceRecognitionAI\dashboard\pages\05_Attendance.py:342: DeprecationWarning: The argument video_transformer_factory is deprecated. Use video_processor_factory instead.
See https://github.com/whitphx/streamlit-webrtc#for-users-since-versions-020
  webrtc_ctx = webrtc_streamer(
C:\Users\gokul krishana\OneDrive\Desktop\FaceRecognitionAI\dashboard\pages\05_Attendance.py:342: DeprecationWarning: The argument video_transformer_factory is deprecated. Use video_processor_factory instead.
See https://github.com/whitphx/streamlit-webrtc#for-users-since-versions-020
  webrtc_ctx = webrtc_streamer(
C:\Users\gokul krishana\OneDrive\Desktop\FaceRecognitionAI\dashboard\pages\05_Attendance.py:342: DeprecationWarning: The argument video_transformer_factory is deprecated. Use video_processor_factory instead.
See https://github.com/whitphx/streamlit-webrtc#for-users-since-versions-020
  webrtc_ctx = webrtc_streamer(
C:\Users\gokul krishana\OneDrive\Desktop\FaceRecognitionAI\dashboard\pages\05_Attendance.py:342: DeprecationWarning: The argument video_transformer_factory is deprecated. Use video_processor_factory instead.
See https://github.com/whitphx/streamlit-webrtc#for-users-since-versions-020
  webrtc_ctx = webrtc_streamer(
C:\Users\gokul krishana\OneDrive\Desktop\FaceRecognitionAI\dashboard\pages\05_Attendance.py:342: DeprecationWarning: The argument video_transformer_factory is deprecated. Use video_processor_factory instead.
See https://github.com/whitphx/streamlit-webrtc#for-users-since-versions-020
  webrtc_ctx = webrtc_streamer(
C:\Users\gokul krishana\OneDrive\Desktop\FaceRecognitionAI\dashboard\pages\05_Attendance.py:342: DeprecationWarning: The argument video_transformer_factory is deprecated. Use video_processor_factory instead.
See https://github.com/whitphx/streamlit-webrtc#for-users-since-versions-020
  webrtc_ctx = webrtc_streamer(
C:\Users\gokul krishana\OneDrive\Desktop\FaceRecognitionAI\dashboard\pages\05_Attendance.py:342: DeprecationWarning: The argument video_transformer_factory is deprecated. Use video_processor_factory instead.
See https://github.com/whitphx/streamlit-webrtc#for-users-since-versions-020
  webrtc_ctx = webrtc_streamer(
C:\Users\gokul krishana\OneDrive\Desktop\FaceRecognitionAI\dashboard\pages\05_Attendance.py:342: DeprecationWarning: The argument video_transformer_factory is deprecated. Use video_processor_factory instead.
See https://github.com/whitphx/streamlit-webrtc#for-users-since-versions-020
  webrtc_ctx = webrtc_streamer(
C:\Users\gokul krishana\OneDrive\Desktop\FaceRecognitionAI\dashboard\pages\05_Attendance.py:342: DeprecationWarning: The argument video_transformer_factory is deprecated. Use video_processor_factory instead.
See https://github.com/whitphx/streamlit-webrtc#for-users-since-versions-020
  webrtc_ctx = webrtc_streamer(
C:\Users\gokul krishana\OneDrive\Desktop\FaceRecognitionAI\dashboard\pages\05_Attendance.py:342: DeprecationWarning: The argument video_transformer_factory is deprecated. Use video_processor_factory instead.
See https://github.com/whitphx/streamlit-webrtc#for-users-since-versions-020
  webrtc_ctx = webrtc_streamer(
C:\Users\gokul krishana\OneDrive\Desktop\FaceRecognitionAI\dashboard\pages\05_Attendance.py:342: DeprecationWarning: The argument video_transformer_factory is deprecated. Use video_processor_factory instead.
See https://github.com/whitphx/streamlit-webrtc#for-users-since-versions-020
  webrtc_ctx = webrtc_streamer(
C:\Users\gokul krishana\OneDrive\Desktop\FaceRecognitionAI\dashboard\pages\05_Attendance.py:342: DeprecationWarning: The argument video_transformer_factory is deprecated. Use video_processor_factory instead.
See https://github.com/whitphx/streamlit-webrtc#for-users-since-versions-020
  webrtc_ctx = webrtc_streamer(
C:\Users\gokul krishana\OneDrive\Desktop\FaceRecognitionAI\dashboard\pages\05_Attendance.py:342: DeprecationWarning: The argument video_transformer_factory is deprecated. Use video_processor_factory instead.
See https://github.com/whitphx/streamlit-webrtc#for-users-since-versions-020
  webrtc_ctx = webrtc_streamer(
C:\Users\gokul krishana\OneDrive\Desktop\FaceRecognitionAI\dashboard\pages\05_Attendance.py:342: DeprecationWarning: The argument video_transformer_factory is deprecated. Use video_processor_factory instead.
See https://github.com/whitphx/streamlit-webrtc#for-users-since-versions-020
  webrtc_ctx = webrtc_streamer(
C:\Users\gokul krishana\OneDrive\Desktop\FaceRecognitionAI\dashboard\pages\05_Attendance.py:342: DeprecationWarning: The argument video_transformer_factory is deprecated. Use video_processor_factory instead.
See https://github.com/whitphx/streamlit-webrtc#for-users-since-versions-020
  webrtc_ctx = webrtc_streamer(
C:\Users\gokul krishana\OneDrive\Desktop\FaceRecognitionAI\dashboard\pages\05_Attendance.py:342: DeprecationWarning: The argument video_transformer_factory is deprecated. Use video_processor_factory instead.
See https://github.com/whitphx/streamlit-webrtc#for-users-since-versions-020
  webrtc_ctx = webrtc_streamer(
C:\Users\gokul krishana\OneDrive\Desktop\FaceRecognitionAI\dashboard\pages\05_Attendance.py:342: DeprecationWarning: The argument video_transformer_factory is deprecated. Use video_processor_factory instead.
See https://github.com/whitphx/streamlit-webrtc#for-users-since-versions-020
  webrtc_ctx = webrtc_streamer(
C:\Users\gokul krishana\OneDrive\Desktop\FaceRecognitionAI\dashboard\pages\05_Attendance.py:342: DeprecationWarning: The argument video_transformer_factory is deprecated. Use video_processor_factory instead.
See https://github.com/whitphx/streamlit-webrtc#for-users-since-versions-020
  webrtc_ctx = webrtc_streamer(
C:\Users\gokul krishana\OneDrive\Desktop\FaceRecognitionAI\dashboard\pages\05_Attendance.py:342: DeprecationWarning: The argument video_transformer_factory is deprecated. Use video_processor_factory instead.
See https://github.com/whitphx/streamlit-webrtc#for-users-since-versions-020
  webrtc_ctx = webrtc_streamer(
C:\Users\gokul krishana\OneDrive\Desktop\FaceRecognitionAI\dashboard\pages\05_Attendance.py:342: DeprecationWarning: The argument video_transformer_factory is deprecated. Use video_processor_factory instead.
See https://github.com/whitphx/streamlit-webrtc#for-users-since-versions-020
  webrtc_ctx = webrtc_streamer(
C:\Users\gokul krishana\OneDrive\Desktop\FaceRecognitionAI\dashboard\pages\05_Attendance.py:342: DeprecationWarning: The argument video_transformer_factory is deprecated. Use video_processor_factory instead.
See https://github.com/whitphx/streamlit-webrtc#for-users-since-versions-020
  webrtc_ctx = webrtc_streamer(
C:\Users\gokul krishana\OneDrive\Desktop\FaceRecognitionAI\dashboard\pages\05_Attendance.py:342: DeprecationWarning: The argument video_transformer_factory is deprecated. Use video_processor_factory instead.
See https://github.com/whitphx/streamlit-webrtc#for-users-since-versions-020
  webrtc_ctx = webrtc_streamer(
C:\Users\gokul krishana\OneDrive\Desktop\FaceRecognitionAI\dashboard\pages\05_Attendance.py:342: DeprecationWarning: The argument video_transformer_factory is deprecated. Use video_processor_factory instead.
See https://github.com/whitphx/streamlit-webrtc#for-users-since-versions-020
  webrtc_ctx = webrtc_streamer(
C:\Users\gokul krishana\OneDrive\Desktop\FaceRecognitionAI\dashboard\pages\05_Attendance.py:342: DeprecationWarning: The argument video_transformer_factory is deprecated. Use video_processor_factory instead.
See https://github.com/whitphx/streamlit-webrtc#for-users-since-versions-020
  webrtc_ctx = webrtc_streamer(
C:\Users\gokul krishana\OneDrive\Desktop\FaceRecognitionAI\dashboard\pages\05_Attendance.py:342: DeprecationWarning: The argument video_transformer_factory is deprecated. Use video_processor_factory instead.
See https://github.com/whitphx/streamlit-webrtc#for-users-since-versions-020
  webrtc_ctx = webrtc_streamer(
C:\Users\gokul krishana\OneDrive\Desktop\FaceRecognitionAI\dashboard\pages\05_Attendance.py:342: DeprecationWarning: The argument video_transformer_factory is deprecated. Use video_processor_factory instead.
See https://github.com/whitphx/streamlit-webrtc#for-users-since-versions-020
  webrtc_ctx = webrtc_streamer(
C:\Users\gokul krishana\OneDrive\Desktop\FaceRecognitionAI\dashboard\pages\05_Attendance.py:342: DeprecationWarning: The argument video_transformer_factory is deprecated. Use video_processor_factory instead.
See https://github.com/whitphx/streamlit-webrtc#for-users-since-versions-020
  webrtc_ctx = webrtc_streamer(
C:\Users\gokul krishana\OneDrive\Desktop\FaceRecognitionAI\dashboard\pages\05_Attendance.py:342: DeprecationWarning: The argument video_transformer_factory is deprecated. Use video_processor_factory instead.
See https://github.com/whitphx/streamlit-webrtc#for-users-since-versions-020
  webrtc_ctx = webrtc_streamer(
C:\Users\gokul krishana\OneDrive\Desktop\FaceRecognitionAI\dashboard\pages\05_Attendance.py:342: DeprecationWarning: The argument video_transformer_factory is deprecated. Use video_processor_factory instead.
See https://github.com/whitphx/streamlit-webrtc#for-users-since-versions-020
  webrtc_ctx = webrtc_streamer(
C:\Users\gokul krishana\OneDrive\Desktop\FaceRecognitionAI\dashboard\pages\05_Attendance.py:342: DeprecationWarning: The argument video_transformer_factory is deprecated. Use video_processor_factory instead.
See https://github.com/whitphx/streamlit-webrtc#for-users-since-versions-020
  webrtc_ctx = webrtc_streamer(
C:\Users\gokul krishana\OneDrive\Desktop\FaceRecognitionAI\dashboard\pages\05_Attendance.py:342: DeprecationWarning: The argument video_transformer_factory is deprecated. Use video_processor_factory instead.
See https://github.com/whitphx/streamlit-webrtc#for-users-since-versions-020
  webrtc_ctx = webrtc_streamer(
C:\Users\gokul krishana\OneDrive\Desktop\FaceRecognitionAI\dashboard\pages\05_Attendance.py:342: DeprecationWarning: The argument video_transformer_factory is deprecated. Use video_processor_factory instead.
See https://github.com/whitphx/streamlit-webrtc#for-users-since-versions-020
  webrtc_ctx = webrtc_streamer(
C:\Users\gokul krishana\OneDrive\Desktop\FaceRecognitionAI\dashboard\pages\05_Attendance.py:342: DeprecationWarning: The argument video_transformer_factory is deprecated. Use video_processor_factory instead.
See https://github.com/whitphx/streamlit-webrtc#for-users-since-versions-020
  webrtc_ctx = webrtc_streamer(
C:\Users\gokul krishana\OneDrive\Desktop\FaceRecognitionAI\dashboard\pages\05_Attendance.py:342: DeprecationWarning: The argument video_transformer_factory is deprecated. Use video_processor_factory instead.
See https://github.com/whitphx/streamlit-webrtc#for-users-since-versions-020
  webrtc_ctx = webrtc_streamer(
C:\Users\gokul krishana\OneDrive\Desktop\FaceRecognitionAI\dashboard\pages\05_Attendance.py:342: DeprecationWarning: The argument video_transformer_factory is deprecated. Use video_processor_factory instead.
See https://github.com/whitphx/streamlit-webrtc#for-users-since-versions-020
  webrtc_ctx = webrtc_streamer(
C:\Users\gokul krishana\OneDrive\Desktop\FaceRecognitionAI\dashboard\pages\05_Attendance.py:342: DeprecationWarning: The argument video_transformer_factory is deprecated. Use video_processor_factory instead.
See https://github.com/whitphx/streamlit-webrtc#for-users-since-versions-020
  webrtc_ctx = webrtc_streamer(
C:\Users\gokul krishana\OneDrive\Desktop\FaceRecognitionAI\dashboard\pages\05_Attendance.py:342: DeprecationWarning: The argument video_transformer_factory is deprecated. Use video_processor_factory instead.
See https://github.com/whitphx/streamlit-webrtc#for-users-since-versions-020
  webrtc_ctx = webrtc_streamer(
C:\Users\gokul krishana\OneDrive\Desktop\FaceRecognitionAI\dashboard\pages\05_Attendance.py:342: DeprecationWarning: The argument video_transformer_factory is deprecated. Use video_processor_factory instead.
See https://github.com/whitphx/streamlit-webrtc#for-users-since-versions-020
  webrtc_ctx = webrtc_streamer(
C:\Users\gokul krishana\OneDrive\Desktop\FaceRecognitionAI\dashboard\pages\05_Attendance.py:342: DeprecationWarning: The argument video_transformer_factory is deprecated. Use video_processor_factory instead.
See https://github.com/whitphx/streamlit-webrtc#for-users-since-versions-020
  webrtc_ctx = webrtc_streamer(
C:\Users\gokul krishana\OneDrive\Desktop\FaceRecognitionAI\dashboard\pages\05_Attendance.py:342: DeprecationWarning: The argument video_transformer_factory is deprecated. Use video_processor_factory instead.
See https://github.com/whitphx/streamlit-webrtc#for-users-since-versions-020
  webrtc_ctx = webrtc_streamer(
C:\Users\gokul krishana\OneDrive\Desktop\FaceRecognitionAI\dashboard\pages\05_Attendance.py:342: DeprecationWarning: The argument video_transformer_factory is deprecated. Use video_processor_factory instead.
See https://github.com/whitphx/streamlit-webrtc#for-users-since-versions-020
  webrtc_ctx = webrtc_streamer(
C:\Users\gokul krishana\OneDrive\Desktop\FaceRecognitionAI\dashboard\pages\05_Attendance.py:342: DeprecationWarning: The argument video_transformer_factory is deprecated. Use video_processor_factory instead.
See https://github.com/whitphx/streamlit-webrtc#for-users-since-versions-020
  webrtc_ctx = webrtc_streamer(
C:\Users\gokul krishana\OneDrive\Desktop\FaceRecognitionAI\dashboard\pages\05_Attendance.py:342: DeprecationWarning: The argument video_transformer_factory is deprecated. Use video_processor_factory instead.
See https://github.com/whitphx/streamlit-webrtc#for-users-since-versions-020
  webrtc_ctx = webrtc_streamer(
C:\Users\gokul krishana\OneDrive\Desktop\FaceRecognitionAI\dashboard\pages\05_Attendance.py:342: DeprecationWarning: The argument video_transformer_factory is deprecated. Use video_processor_factory instead.
See https://github.com/whitphx/streamlit-webrtc#for-users-since-versions-020
  webrtc_ctx = webrtc_streamer(
C:\Users\gokul krishana\OneDrive\Desktop\FaceRecognitionAI\dashboard\pages\05_Attendance.py:342: DeprecationWarning: The argument video_transformer_factory is deprecated. Use video_processor_factory instead.
See https://github.com/whitphx/streamlit-webrtc#for-users-since-versions-020
  webrtc_ctx = webrtc_streamer(
C:\Users\gokul krishana\OneDrive\Desktop\FaceRecognitionAI\dashboard\pages\05_Attendance.py:342: DeprecationWarning: The argument video_transformer_factory is deprecated. Use video_processor_factory instead.
See https://github.com/whitphx/streamlit-webrtc#for-users-since-versions-020
  webrtc_ctx = webrtc_streamer(
C:\Users\gokul krishana\OneDrive\Desktop\FaceRecognitionAI\dashboard\pages\05_Attendance.py:342: DeprecationWarning: The argument video_transformer_factory is deprecated. Use video_processor_factory instead.
See https://github.com/whitphx/streamlit-webrtc#for-users-since-versions-020
  webrtc_ctx = webrtc_streamer(
C:\Users\gokul krishana\OneDrive\Desktop\FaceRecognitionAI\dashboard\pages\05_Attendance.py:342: DeprecationWarning: The argument video_transformer_factory is deprecated. Use video_processor_factory instead.
See https://github.com/whitphx/streamlit-webrtc#for-users-since-versions-020
  webrtc_ctx = webrtc_streamer(
C:\Users\gokul krishana\OneDrive\Desktop\FaceRecognitionAI\dashboard\pages\05_Attendance.py:342: DeprecationWarning: The argument video_transformer_factory is deprecated. Use video_processor_factory instead.
See https://github.com/whitphx/streamlit-webrtc#for-users-since-versions-020
  webrtc_ctx = webrtc_streamer(
C:\Users\gokul krishana\OneDrive\Desktop\FaceRecognitionAI\dashboard\pages\05_Attendance.py:342: DeprecationWarning: The argument video_transformer_factory is deprecated. Use video_processor_factory instead.
See https://github.com/whitphx/streamlit-webrtc#for-users-since-versions-020
  webrtc_ctx = webrtc_streamer(
C:\Users\gokul krishana\OneDrive\Desktop\FaceRecognitionAI\dashboard\pages\05_Attendance.py:342: DeprecationWarning: The argument video_transformer_factory is deprecated. Use video_processor_factory instead.
See https://github.com/whitphx/streamlit-webrtc#for-users-since-versions-020
  webrtc_ctx = webrtc_streamer(
C:\Users\gokul krishana\OneDrive\Desktop\FaceRecognitionAI\dashboard\pages\05_Attendance.py:342: DeprecationWarning: The argument video_transformer_factory is deprecated. Use video_processor_factory instead.
See https://github.com/whitphx/streamlit-webrtc#for-users-since-versions-020
  webrtc_ctx = webrtc_streamer(
C:\Users\gokul krishana\OneDrive\Desktop\FaceRecognitionAI\dashboard\pages\05_Attendance.py:342: DeprecationWarning: The argument video_transformer_factory is deprecated. Use video_processor_factory instead.
See https://github.com/whitphx/streamlit-webrtc#for-users-since-versions-020
  webrtc_ctx = webrtc_streamer(
C:\Users\gokul krishana\OneDrive\Desktop\FaceRecognitionAI\dashboard\pages\05_Attendance.py:342: DeprecationWarning: The argument video_transformer_factory is deprecated. Use video_processor_factory instead.
See https://github.com/whitphx/streamlit-webrtc#for-users-since-versions-020
  webrtc_ctx = webrtc_streamer(
C:\Users\gokul krishana\OneDrive\Desktop\FaceRecognitionAI\dashboard\pages\05_Attendance.py:342: DeprecationWarning: The argument video_transformer_factory is deprecated. Use video_processor_factory instead.
See https://github.com/whitphx/streamlit-webrtc#for-users-since-versions-020
  webrtc_ctx = webrtc_streamer(
C:\Users\gokul krishana\OneDrive\Desktop\FaceRecognitionAI\dashboard\pages\05_Attendance.py:342: DeprecationWarning: The argument video_transformer_factory is deprecated. Use video_processor_factory instead.
See https://github.com/whitphx/streamlit-webrtc#for-users-since-versions-020
  webrtc_ctx = webrtc_streamer(
C:\Users\gokul krishana\OneDrive\Desktop\FaceRecognitionAI\dashboard\pages\05_Attendance.py:342: DeprecationWarning: The argument video_transformer_factory is deprecated. Use video_processor_factory instead.
See https://github.com/whitphx/streamlit-webrtc#for-users-since-versions-020
  webrtc_ctx = webrtc_streamer(
C:\Users\gokul krishana\OneDrive\Desktop\FaceRecognitionAI\dashboard\pages\05_Attendance.py:342: DeprecationWarning: The argument video_transformer_factory is deprecated. Use video_processor_factory instead.
See https://github.com/whitphx/streamlit-webrtc#for-users-since-versions-020
  webrtc_ctx = webrtc_streamer(
C:\Users\gokul krishana\OneDrive\Desktop\FaceRecognitionAI\dashboard\pages\05_Attendance.py:342: DeprecationWarning: The argument video_transformer_factory is deprecated. Use video_processor_factory instead.
See https://github.com/whitphx/streamlit-webrtc#for-users-since-versions-020
  webrtc_ctx = webrtc_streamer(
C:\Users\gokul krishana\OneDrive\Desktop\FaceRecognitionAI\dashboard\pages\05_Attendance.py:342: DeprecationWarning: The argument video_transformer_factory is deprecated. Use video_processor_factory instead.
See https://github.com/whitphx/streamlit-webrtc#for-users-since-versions-020
  webrtc_ctx = webrtc_streamer(
C:\Users\gokul krishana\OneDrive\Desktop\FaceRecognitionAI\dashboard\pages\05_Attendance.py:342: DeprecationWarning: The argument video_transformer_factory is deprecated. Use video_processor_factory instead.
See https://github.com/whitphx/streamlit-webrtc#for-users-since-versions-020
  webrtc_ctx = webrtc_streamer(
C:\Users\gokul krishana\OneDrive\Desktop\FaceRecognitionAI\dashboard\pages\05_Attendance.py:342: DeprecationWarning: The argument video_transformer_factory is deprecated. Use video_processor_factory instead.
See https://github.com/whitphx/streamlit-webrtc#for-users-since-versions-020
  webrtc_ctx = webrtc_streamer(
C:\Users\gokul krishana\OneDrive\Desktop\FaceRecognitionAI\dashboard\pages\05_Attendance.py:342: DeprecationWarning: The argument video_transformer_factory is deprecated. Use video_processor_factory instead.
See https://github.com/whitphx/streamlit-webrtc#for-users-since-versions-020
  webrtc_ctx = webrtc_streamer(
C:\Users\gokul krishana\OneDrive\Desktop\FaceRecognitionAI\dashboard\pages\05_Attendance.py:342: DeprecationWarning: The argument video_transformer_factory is deprecated. Use video_processor_factory instead.
See https://github.com/whitphx/streamlit-webrtc#for-users-since-versions-020
  webrtc_ctx = webrtc_streamer(
C:\Users\gokul krishana\OneDrive\Desktop\FaceRecognitionAI\dashboard\pages\05_Attendance.py:342: DeprecationWarning: The argument video_transformer_factory is deprecated. Use video_processor_factory instead.
See https://github.com/whitphx/streamlit-webrtc#for-users-since-versions-020
  webrtc_ctx = webrtc_streamer(
C:\Users\gokul krishana\OneDrive\Desktop\FaceRecognitionAI\dashboard\pages\05_Attendance.py:342: DeprecationWarning: The argument video_transformer_factory is deprecated. Use video_processor_factory instead.
See https://github.com/whitphx/streamlit-webrtc#for-users-since-versions-020
  webrtc_ctx = webrtc_streamer(
C:\Users\gokul krishana\OneDrive\Desktop\FaceRecognitionAI\dashboard\pages\05_Attendance.py:342: DeprecationWarning: The argument video_transformer_factory is deprecated. Use video_processor_factory instead.
See https://github.com/whitphx/streamlit-webrtc#for-users-since-versions-020
  webrtc_ctx = webrtc_streamer(
C:\Users\gokul krishana\OneDrive\Desktop\FaceRecognitionAI\dashboard\pages\05_Attendance.py:342: DeprecationWarning: The argument video_transformer_factory is deprecated. Use video_processor_factory instead.
See https://github.com/whitphx/streamlit-webrtc#for-users-since-versions-020
  webrtc_ctx = webrtc_streamer(
C:\Users\gokul krishana\OneDrive\Desktop\FaceRecognitionAI\dashboard\pages\05_Attendance.py:342: DeprecationWarning: The argument video_transformer_factory is deprecated. Use video_processor_factory instead.
See https://github.com/whitphx/streamlit-webrtc#for-users-since-versions-020
  webrtc_ctx = webrtc_streamer(
C:\Users\gokul krishana\OneDrive\Desktop\FaceRecognitionAI\dashboard\pages\05_Attendance.py:342: DeprecationWarning: The argument video_transformer_factory is deprecated. Use video_processor_factory instead.
See https://github.com/whitphx/streamlit-webrtc#for-users-since-versions-020
  webrtc_ctx = webrtc_streamer(
C:\Users\gokul krishana\OneDrive\Desktop\FaceRecognitionAI\dashboard\pages\05_Attendance.py:342: DeprecationWarning: The argument video_transformer_factory is deprecated. Use video_processor_factory instead.
See https://github.com/whitphx/streamlit-webrtc#for-users-since-versions-020
  webrtc_ctx = webrtc_streamer(
C:\Users\gokul krishana\OneDrive\Desktop\FaceRecognitionAI\dashboard\pages\05_Attendance.py:342: DeprecationWarning: The argument video_transformer_factory is deprecated. Use video_processor_factory instead.
See https://github.com/whitphx/streamlit-webrtc#for-users-since-versions-020
  webrtc_ctx = webrtc_streamer(
C:\Users\gokul krishana\OneDrive\Desktop\FaceRecognitionAI\dashboard\pages\05_Attendance.py:342: DeprecationWarning: The argument video_transformer_factory is deprecated. Use video_processor_factory instead.
See https://github.com/whitphx/streamlit-webrtc#for-users-since-versions-020
  webrtc_ctx = webrtc_streamer(
C:\Users\gokul krishana\OneDrive\Desktop\FaceRecognitionAI\dashboard\pages\05_Attendance.py:342: DeprecationWarning: The argument video_transformer_factory is deprecated. Use video_processor_factory instead.
See https://github.com/whitphx/streamlit-webrtc#for-users-since-versions-020
  webrtc_ctx = webrtc_streamer(
C:\Users\gokul krishana\OneDrive\Desktop\FaceRecognitionAI\dashboard\pages\05_Attendance.py:342: DeprecationWarning: The argument video_transformer_factory is deprecated. Use video_processor_factory instead.
See https://github.com/whitphx/streamlit-webrtc#for-users-since-versions-020
  webrtc_ctx = webrtc_streamer(
C:\Users\gokul krishana\OneDrive\Desktop\FaceRecognitionAI\dashboard\pages\05_Attendance.py:342: DeprecationWarning: The argument video_transformer_factory is deprecated. Use video_processor_factory instead.
See https://github.com/whitphx/streamlit-webrtc#for-users-since-versions-020
  webrtc_ctx = webrtc_streamer(
C:\Users\gokul krishana\OneDrive\Desktop\FaceRecognitionAI\dashboard\pages\05_Attendance.py:342: DeprecationWarning: The argument video_transformer_factory is deprecated. Use video_processor_factory instead.
See https://github.com/whitphx/streamlit-webrtc#for-users-since-versions-020
  webrtc_ctx = webrtc_streamer(
C:\Users\gokul krishana\OneDrive\Desktop\FaceRecognitionAI\dashboard\pages\05_Attendance.py:342: DeprecationWarning: The argument video_transformer_factory is deprecated. Use video_processor_factory instead.
See https://github.com/whitphx/streamlit-webrtc#for-users-since-versions-020
  webrtc_ctx = webrtc_streamer(
C:\Users\gokul krishana\OneDrive\Desktop\FaceRecognitionAI\dashboard\pages\05_Attendance.py:342: DeprecationWarning: The argument video_transformer_factory is deprecated. Use video_processor_factory instead.
See https://github.com/whitphx/streamlit-webrtc#for-users-since-versions-020
  webrtc_ctx = webrtc_streamer(
C:\Users\gokul krishana\OneDrive\Desktop\FaceRecognitionAI\dashboard\pages\05_Attendance.py:342: DeprecationWarning: The argument video_transformer_factory is deprecated. Use video_processor_factory instead.
See https://github.com/whitphx/streamlit-webrtc#for-users-since-versions-020
  webrtc_ctx = webrtc_streamer(
C:\Users\gokul krishana\OneDrive\Desktop\FaceRecognitionAI\dashboard\pages\05_Attendance.py:342: DeprecationWarning: The argument video_transformer_factory is deprecated. Use video_processor_factory instead.
See https://github.com/whitphx/streamlit-webrtc#for-users-since-versions-020
  webrtc_ctx = webrtc_streamer(
C:\Users\gokul krishana\OneDrive\Desktop\FaceRecognitionAI\dashboard\pages\05_Attendance.py:342: DeprecationWarning: The argument video_transformer_factory is deprecated. Use video_processor_factory instead.
See https://github.com/whitphx/streamlit-webrtc#for-users-since-versions-020
  webrtc_ctx = webrtc_streamer(
C:\Users\gokul krishana\OneDrive\Desktop\FaceRecognitionAI\dashboard\pages\05_Attendance.py:342: DeprecationWarning: The argument video_transformer_factory is deprecated. Use video_processor_factory instead.
See https://github.com/whitphx/streamlit-webrtc#for-users-since-versions-020
  webrtc_ctx = webrtc_streamer(
C:\Users\gokul krishana\OneDrive\Desktop\FaceRecognitionAI\dashboard\pages\05_Attendance.py:342: DeprecationWarning: The argument video_transformer_factory is deprecated. Use video_processor_factory instead.
See https://github.com/whitphx/streamlit-webrtc#for-users-since-versions-020
  webrtc_ctx = webrtc_streamer(
C:\Users\gokul krishana\OneDrive\Desktop\FaceRecognitionAI\dashboard\pages\05_Attendance.py:342: DeprecationWarning: The argument video_transformer_factory is deprecated. Use video_processor_factory instead.
See https://github.com/whitphx/streamlit-webrtc#for-users-since-versions-020
  webrtc_ctx = webrtc_streamer(
C:\Users\gokul krishana\OneDrive\Desktop\FaceRecognitionAI\dashboard\pages\05_Attendance.py:342: DeprecationWarning: The argument video_transformer_factory is deprecated. Use video_processor_factory instead.
See https://github.com/whitphx/streamlit-webrtc#for-users-since-versions-020
  webrtc_ctx = webrtc_streamer(
C:\Users\gokul krishana\OneDrive\Desktop\FaceRecognitionAI\dashboard\pages\05_Attendance.py:342: DeprecationWarning: The argument video_transformer_factory is deprecated. Use video_processor_factory instead.
See https://github.com/whitphx/streamlit-webrtc#for-users-since-versions-020
  webrtc_ctx = webrtc_streamer(
C:\Users\gokul krishana\OneDrive\Desktop\FaceRecognitionAI\dashboard\pages\05_Attendance.py:342: DeprecationWarning: The argument video_transformer_factory is deprecated. Use video_processor_factory instead.
See https://github.com/whitphx/streamlit-webrtc#for-users-since-versions-020
  webrtc_ctx = webrtc_streamer(
C:\Users\gokul krishana\OneDrive\Desktop\FaceRecognitionAI\dashboard\pages\05_Attendance.py:342: DeprecationWarning: The argument video_transformer_factory is deprecated. Use video_processor_factory instead.
See https://github.com/whitphx/streamlit-webrtc#for-users-since-versions-020
  webrtc_ctx = webrtc_streamer(
C:\Users\gokul krishana\OneDrive\Desktop\FaceRecognitionAI\dashboard\pages\05_Attendance.py:342: DeprecationWarning: The argument video_transformer_factory is deprecated. Use video_processor_factory instead.
See https://github.com/whitphx/streamlit-webrtc#for-users-since-versions-020
  webrtc_ctx = webrtc_streamer(
C:\Users\gokul krishana\OneDrive\Desktop\FaceRecognitionAI\dashboard\pages\05_Attendance.py:342: DeprecationWarning: The argument video_transformer_factory is deprecated. Use video_processor_factory instead.
See https://github.com/whitphx/streamlit-webrtc#for-users-since-versions-020
  webrtc_ctx = webrtc_streamer(
C:\Users\gokul krishana\OneDrive\Desktop\FaceRecognitionAI\dashboard\pages\05_Attendance.py:342: DeprecationWarning: The argument video_transformer_factory is deprecated. Use video_processor_factory instead.
See https://github.com/whitphx/streamlit-webrtc#for-users-since-versions-020
  webrtc_ctx = webrtc_streamer(
C:\Users\gokul krishana\OneDrive\Desktop\FaceRecognitionAI\dashboard\pages\05_Attendance.py:342: DeprecationWarning: The argument video_transformer_factory is deprecated. Use video_processor_factory instead.
See https://github.com/whitphx/streamlit-webrtc#for-users-since-versions-020
  webrtc_ctx = webrtc_streamer(
C:\Users\gokul krishana\OneDrive\Desktop\FaceRecognitionAI\dashboard\pages\05_Attendance.py:342: DeprecationWarning: The argument video_transformer_factory is deprecated. Use video_processor_factory instead.
See https://github.com/whitphx/streamlit-webrtc#for-users-since-versions-020
  webrtc_ctx = webrtc_streamer(
C:\Users\gokul krishana\OneDrive\Desktop\FaceRecognitionAI\dashboard\pages\05_Attendance.py:342: DeprecationWarning: The argument video_transformer_factory is deprecated. Use video_processor_factory instead.
See https://github.com/whitphx/streamlit-webrtc#for-users-since-versions-020
  webrtc_ctx = webrtc_streamer(
C:\Users\gokul krishana\OneDrive\Desktop\FaceRecognitionAI\dashboard\pages\05_Attendance.py:342: DeprecationWarning: The argument video_transformer_factory is deprecated. Use video_processor_factory instead.
See https://github.com/whitphx/streamlit-webrtc#for-users-since-versions-020
  webrtc_ctx = webrtc_streamer(
C:\Users\gokul krishana\OneDrive\Desktop\FaceRecognitionAI\dashboard\pages\05_Attendance.py:342: DeprecationWarning: The argument video_transformer_factory is deprecated. Use video_processor_factory instead.
See https://github.com/whitphx/streamlit-webrtc#for-users-since-versions-020
  webrtc_ctx = webrtc_streamer(
C:\Users\gokul krishana\OneDrive\Desktop\FaceRecognitionAI\dashboard\pages\05_Attendance.py:342: DeprecationWarning: The argument video_transformer_factory is deprecated. Use video_processor_factory instead.
See https://github.com/whitphx/streamlit-webrtc#for-users-since-versions-020
  webrtc_ctx = webrtc_streamer(
C:\Users\gokul krishana\OneDrive\Desktop\FaceRecognitionAI\dashboard\pages\05_Attendance.py:342: DeprecationWarning: The argument video_transformer_factory is deprecated. Use video_processor_factory instead.
See https://github.com/whitphx/streamlit-webrtc#for-users-since-versions-020
  webrtc_ctx = webrtc_streamer(
C:\Users\gokul krishana\OneDrive\Desktop\FaceRecognitionAI\dashboard\pages\05_Attendance.py:342: DeprecationWarning: The argument video_transformer_factory is deprecated. Use video_processor_factory instead.
See https://github.com/whitphx/streamlit-webrtc#for-users-since-versions-020
  webrtc_ctx = webrtc_streamer(
C:\Users\gokul krishana\OneDrive\Desktop\FaceRecognitionAI\dashboard\pages\05_Attendance.py:342: DeprecationWarning: The argument video_transformer_factory is deprecated. Use video_processor_factory instead.
See https://github.com/whitphx/streamlit-webrtc#for-users-since-versions-020
  webrtc_ctx = webrtc_streamer(
C:\Users\gokul krishana\OneDrive\Desktop\FaceRecognitionAI\dashboard\pages\05_Attendance.py:342: DeprecationWarning: The argument video_transformer_factory is deprecated. Use video_processor_factory instead.
See https://github.com/whitphx/streamlit-webrtc#for-users-since-versions-020
  webrtc_ctx = webrtc_streamer(
C:\Users\gokul krishana\OneDrive\Desktop\FaceRecognitionAI\dashboard\pages\05_Attendance.py:342: DeprecationWarning: The argument video_transformer_factory is deprecated. Use video_processor_factory instead.
See https://github.com/whitphx/streamlit-webrtc#for-users-since-versions-020
  webrtc_ctx = webrtc_streamer(
C:\Users\gokul krishana\OneDrive\Desktop\FaceRecognitionAI\dashboard\pages\05_Attendance.py:342: DeprecationWarning: The argument video_transformer_factory is deprecated. Use video_processor_factory instead.
See https://github.com/whitphx/streamlit-webrtc#for-users-since-versions-020
  webrtc_ctx = webrtc_streamer(
C:\Users\gokul krishana\OneDrive\Desktop\FaceRecognitionAI\dashboard\pages\05_Attendance.py:342: DeprecationWarning: The argument video_transformer_factory is deprecated. Use video_processor_factory instead.
See https://github.com/whitphx/streamlit-webrtc#for-users-since-versions-020
  webrtc_ctx = webrtc_streamer(
C:\Users\gokul krishana\OneDrive\Desktop\FaceRecognitionAI\dashboard\pages\05_Attendance.py:342: DeprecationWarning: The argument video_transformer_factory is deprecated. Use video_processor_factory instead.
See https://github.com/whitphx/streamlit-webrtc#for-users-since-versions-020
  webrtc_ctx = webrtc_streamer(
C:\Users\gokul krishana\OneDrive\Desktop\FaceRecognitionAI\dashboard\pages\05_Attendance.py:342: DeprecationWarning: The argument video_transformer_factory is deprecated. Use video_processor_factory instead.
See https://github.com/whitphx/streamlit-webrtc#for-users-since-versions-020
  webrtc_ctx = webrtc_streamer(
C:\Users\gokul krishana\OneDrive\Desktop\FaceRecognitionAI\dashboard\pages\05_Attendance.py:342: DeprecationWarning: The argument video_transformer_factory is deprecated. Use video_processor_factory instead.
See https://github.com/whitphx/streamlit-webrtc#for-users-since-versions-020
  webrtc_ctx = webrtc_streamer(
C:\Users\gokul krishana\OneDrive\Desktop\FaceRecognitionAI\dashboard\pages\05_Attendance.py:342: DeprecationWarning: The argument video_transformer_factory is deprecated. Use video_processor_factory instead.
See https://github.com/whitphx/streamlit-webrtc#for-users-since-versions-020
  webrtc_ctx = webrtc_streamer(
C:\Users\gokul krishana\OneDrive\Desktop\FaceRecognitionAI\dashboard\pages\05_Attendance.py:342: DeprecationWarning: The argument video_transformer_factory is deprecated. Use video_processor_factory instead.
See https://github.com/whitphx/streamlit-webrtc#for-users-since-versions-020
  webrtc_ctx = webrtc_streamer(
C:\Users\gokul krishana\OneDrive\Desktop\FaceRecognitionAI\dashboard\pages\05_Attendance.py:342: DeprecationWarning: The argument video_transformer_factory is deprecated. Use video_processor_factory instead.
See https://github.com/whitphx/streamlit-webrtc#for-users-since-versions-020
  webrtc_ctx = webrtc_streamer(
INFO  [alembic.runtime.migration] Context impl SQLiteImpl.
INFO  [alembic.runtime.migration] Will assume non-transactional DDL.
C:\Users\gokul krishana\OneDrive\Desktop\FaceRecognitionAI\dashboard\pages\05_Attendance.py:342: DeprecationWarning: The argument video_transformer_factory is deprecated. Use video_processor_factory instead.
See https://github.com/whitphx/streamlit-webrtc#for-users-since-versions-020
  webrtc_ctx = webrtc_streamer(
C:\Users\gokul krishana\OneDrive\Desktop\FaceRecognitionAI\dashboard\pages\05_Attendance.py:342: DeprecationWarning: The argument video_transformer_factory is deprecated. Use video_processor_factory instead.
See https://github.com/whitphx/streamlit-webrtc#for-users-since-versions-020
  webrtc_ctx = webrtc_streamer(
C:\Users\gokul krishana\OneDrive\Desktop\FaceRecognitionAI\dashboard\pages\05_Attendance.py:342: DeprecationWarning: The argument video_transformer_factory is deprecated. Use video_processor_factory instead.
See https://github.com/whitphx/streamlit-webrtc#for-users-since-versions-020
  webrtc_ctx = webrtc_streamer(
C:\Users\gokul krishana\OneDrive\Desktop\FaceRecognitionAI\dashboard\pages\05_Attendance.py:342: DeprecationWarning: The argument video_transformer_factory is deprecated. Use video_processor_factory instead.
See https://github.com/whitphx/streamlit-webrtc#for-users-since-versions-020
  webrtc_ctx = webrtc_streamer(
INFO  [alembic.runtime.migration] Context impl SQLiteImpl.
INFO  [alembic.runtime.migration] Will assume non-transactional DDL.
C:\Users\gokul krishana\OneDrive\Desktop\FaceRecognitionAI\dashboard\pages\05_Attendance.py:342: DeprecationWarning: The argument video_transformer_factory is deprecated. Use video_processor_factory instead.
See https://github.com/whitphx/streamlit-webrtc#for-users-since-versions-020
  webrtc_ctx = webrtc_streamer(
C:\Users\gokul krishana\OneDrive\Desktop\FaceRecognitionAI\dashboard\pages\05_Attendance.py:342: DeprecationWarning: The argument video_transformer_factory is deprecated. Use video_processor_factory instead.
See https://github.com/whitphx/streamlit-webrtc#for-users-since-versions-020
  webrtc_ctx = webrtc_streamer(
C:\Users\gokul krishana\OneDrive\Desktop\FaceRecognitionAI\dashboard\pages\05_Attendance.py:342: DeprecationWarning: The argument video_transformer_factory is deprecated. Use video_processor_factory instead.
See https://github.com/whitphx/streamlit-webrtc#for-users-since-versions-020
  webrtc_ctx = webrtc_streamer(
C:\Users\gokul krishana\OneDrive\Desktop\FaceRecognitionAI\dashboard\pages\05_Attendance.py:342: DeprecationWarning: The argument video_transformer_factory is deprecated. Use video_processor_factory instead.
See https://github.com/whitphx/streamlit-webrtc#for-users-since-versions-020
  webrtc_ctx = webrtc_streamer(
C:\Users\gokul krishana\OneDrive\Desktop\FaceRecognitionAI\dashboard\pages\05_Attendance.py:342: DeprecationWarning: The argument video_transformer_factory is deprecated. Use video_processor_factory instead.
See https://github.com/whitphx/streamlit-webrtc#for-users-since-versions-020
  webrtc_ctx = webrtc_streamer(
C:\Users\gokul krishana\OneDrive\Desktop\FaceRecognitionAI\dashboard\pages\05_Attendance.py:342: DeprecationWarning: The argument video_transformer_factory is deprecated. Use video_processor_factory instead.
See https://github.com/whitphx/streamlit-webrtc#for-users-since-versions-020
  webrtc_ctx = webrtc_streamer(
[ WARN:5@1757.421] global cap.cpp:344 cv::VideoCapture::open VIDEOIO(DSHOW): backend is generally available but can't be used to capture by index
[ WARN:5@1757.428] global cap.cpp:344 cv::VideoCapture::open VIDEOIO(DSHOW): backend is generally available but can't be used to capture by index
[ WARN:5@1757.434] global cap.cpp:344 cv::VideoCapture::open VIDEOIO(DSHOW): backend is generally available but can't be used to capture by index
[ WARN:5@1757.441] global cap.cpp:344 cv::VideoCapture::open VIDEOIO(DSHOW): backend is generally available but can't be used to capture by index

find model: C:\Users\gokul krishana\OneDrive\Desktop\FaceRecognitionAI\models\.insightface\models\buffalo_l\w600k_r50.onnx recognition ['None', 3, 112, 112] 127.5 127.5
set det-size: (640, 640)
[ModelCache] Models loaded — 100101 enrolled faces
[ModelCache] Loading shared AI models (YOLO, InsightFace, FAISS, AMFR)...
Applied providers: ['CPUExecutionProvider'], with options: {'CPUExecutionProvider': {}}
find model: C:\Users\gokul krishana\OneDrive\Desktop\FaceRecognitionAI\models\.insightface\models\buffalo_l\1k3d68.onnx landmark_3d_68 ['None', 3, 192, 192] 0.0 1.0
Applied providers: ['CPUExecutionProvider'], with options: {'CPUExecutionProvider': {}}
find model: C:\Users\gokul krishana\OneDrive\Desktop\FaceRecognitionAI\models\.insightface\models\buffalo_l\2d106det.onnx landmark_2d_106 ['None', 3, 192, 192] 0.0 1.0
Applied providers: ['CPUExecutionProvider'], with options: {'CPUExecutionProvider': {}}
find model: C:\Users\gokul krishana\OneDrive\Desktop\FaceRecognitionAI\models\.insightface\models\buffalo_l\det_10g.onnx detection [1, 3, '?', '?'] 127.5 128.0
Applied providers: ['CPUExecutionProvider'], with options: {'CPUExecutionProvider': {}}
find model: C:\Users\gokul krishana\OneDrive\Desktop\FaceRecognitionAI\models\.insightface\models\buffalo_l\genderage.onnx genderage ['None', 3, 96, 96] 0.0 1.0
Applied providers: ['CPUExecutionProvider'], with options: {'CPUExecutionProvider': {}}
find model: C:\Users\gokul krishana\OneDrive\Desktop\FaceRecognitionAI\models\.insightface\models\buffalo_l\w600k_r50.onnx recognition ['None', 3, 112, 112] 127.5 127.5
set det-size: (640, 640)
[ModelCache] Models loaded — 100101 enrolled faces
[ModelCache] Loading shared AI models (YOLO, InsightFace, FAISS, AMFR)...
Applied providers: ['CPUExecutionProvider'], with options: {'CPUExecutionProvider': {}}
find model: C:\Users\gokul krishana\OneDrive\Desktop\FaceRecognitionAI\models\.insightface\models\buffalo_l\1k3d68.onnx landmark_3d_68 ['None', 3, 192, 192] 0.0 1.0
Applied providers: ['CPUExecutionProvider'], with options: {'CPUExecutionProvider': {}}
find model: C:\Users\gokul krishana\OneDrive\Desktop\FaceRecognitionAI\models\.insightface\models\buffalo_l\2d106det.onnx landmark_2d_106 ['None', 3, 192, 192] 0.0 1.0
Applied providers: ['CPUExecutionProvider'], with options: {'CPUExecutionProvider': {}}
find model: C:\Users\gokul krishana\OneDrive\Desktop\FaceRecognitionAI\models\.insightface\models\buffalo_l\det_10g.onnx detection [1, 3, '?', '?'] 127.5 128.0
Applied providers: ['CPUExecutionProvider'], with options: {'CPUExecutionProvider': {}}
find model: C:\Users\gokul krishana\OneDrive\Desktop\FaceRecognitionAI\models\.insightface\models\buffalo_l\genderage.onnx genderage ['None', 3, 96, 96] 0.0 1.0
Applied providers: ['CPUExecutionProvider'], with options: {'CPUExecutionProvider': {}}
find model: C:\Users\gokul krishana\OneDrive\Desktop\FaceRecognitionAI\models\.insightface\models\buffalo_l\w600k_r50.onnx recognition ['None', 3, 112, 112] 127.5 127.5
set det-size: (640, 640)
[ModelCache] Models loaded — 100101 enrolled faces
Applied providers: ['CPUExecutionProvider'], with options: {'CPUExecutionProvider': {}}
find model: C:\Users\gokul krishana\OneDrive\Desktop\FaceRecognitionAI\models\.insightface\models\buffalo_l\1k3d68.onnx landmark_3d_68 ['None', 3, 192, 192] 0.0 1.0
Applied providers: ['CPUExecutionProvider'], with options: {'CPUExecutionProvider': {}}
find model: C:\Users\gokul krishana\OneDrive\Desktop\FaceRecognitionAI\models\.insightface\models\buffalo_l\2d106det.onnx landmark_2d_106 ['None', 3, 192, 192] 0.0 1.0
Applied providers: ['CPUExecutionProvider'], with options: {'CPUExecutionProvider': {}}
find model: C:\Users\gokul krishana\OneDrive\Desktop\FaceRecognitionAI\models\.insightface\models\buffalo_l\det_10g.onnx detection [1, 3, '?', '?'] 127.5 128.0
Applied providers: ['CPUExecutionProvider'], with options: {'CPUExecutionProvider': {}}
find model: C:\Users\gokul krishana\OneDrive\Desktop\FaceRecognitionAI\models\.insightface\models\buffalo_l\genderage.onnx genderage ['None', 3, 96, 96] 0.0 1.0
Applied providers: ['CPUExecutionProvider'], with options: {'CPUExecutionProvider': {}}
find model: C:\Users\gokul krishana\OneDrive\Desktop\FaceRecognitionAI\models\.insightface\models\buffalo_l\w600k_r50.onnx recognition ['None', 3, 112, 112] 127.5 127.5
set det-size: (640, 640)
Applied providers: ['CPUExecutionProvider'], with options: {'CPUExecutionProvider': {}}
find model: C:\Users\gokul krishana\OneDrive\Desktop\FaceRecognitionAI\models\.insightface\models\buffalo_l\1k3d68.onnx landmark_3d_68 ['None', 3, 192, 192] 0.0 1.0
Applied providers: ['CPUExecutionProvider'], with options: {'CPUExecutionProvider': {}}
find model: C:\Users\gokul krishana\OneDrive\Desktop\FaceRecognitionAI\models\.insightface\models\buffalo_l\2d106det.onnx landmark_2d_106 ['None', 3, 192, 192] 0.0 1.0
Applied providers: ['CPUExecutionProvider'], with options: {'CPUExecutionProvider': {}}
find model: C:\Users\gokul krishana\OneDrive\Desktop\FaceRecognitionAI\models\.insightface\models\buffalo_l\det_10g.onnx detection [1, 3, '?', '?'] 127.5 128.0
Applied providers: ['CPUExecutionProvider'], with options: {'CPUExecutionProvider': {}}
find model: C:\Users\gokul krishana\OneDrive\Desktop\FaceRecognitionAI\models\.insightface\models\buffalo_l\genderage.onnx genderage ['None', 3, 96, 96] 0.0 1.0
Applied providers: ['CPUExecutionProvider'], with options: {'CPUExecutionProvider': {}}
find model: C:\Users\gokul krishana\OneDrive\Desktop\FaceRecognitionAI\models\.insightface\models\buffalo_l\w600k_r50.onnx recognition ['None', 3, 112, 112] 127.5 127.5
set det-size: (640, 640)
Applied providers: ['CPUExecutionProvider'], with options: {'CPUExecutionProvider': {}}
find model: C:\Users\gokul krishana\OneDrive\Desktop\FaceRecognitionAI\models\.insightface\models\buffalo_l\1k3d68.onnx landmark_3d_68 ['None', 3, 192, 192] 0.0 1.0
Applied providers: ['CPUExecutionProvider'], with options: {'CPUExecutionProvider': {}}
find model: C:\Users\gokul krishana\OneDrive\Desktop\FaceRecognitionAI\models\.insightface\models\buffalo_l\2d106det.onnx landmark_2d_106 ['None', 3, 192, 192] 0.0 1.0
Applied providers: ['CPUExecutionProvider'], with options: {'CPUExecutionProvider': {}}
find model: C:\Users\gokul krishana\OneDrive\Desktop\FaceRecognitionAI\models\.insightface\models\buffalo_l\det_10g.onnx detection [1, 3, '?', '?'] 127.5 128.0
Applied providers: ['CPUExecutionProvider'], with options: {'CPUExecutionProvider': {}}
find model: C:\Users\gokul krishana\OneDrive\Desktop\FaceRecognitionAI\models\.insightface\models\buffalo_l\genderage.onnx genderage ['None', 3, 96, 96] 0.0 1.0
Applied providers: ['CPUExecutionProvider'], with options: {'CPUExecutionProvider': {}}
find model: C:\Users\gokul krishana\OneDrive\Desktop\FaceRecognitionAI\models\.insightface\models\buffalo_l\w600k_r50.onnx recognition ['None', 3, 112, 112] 127.5 127.5
set det-size: (640, 640)
  ⚠️  AMFR BORDERLINE: gokul? | risk=65.90% | collecting more frames
  ⚠️  AMFR BORDERLINE: gokul? | risk=69.00% | collecting more frames
  ✅ AMFR ACCEPT: gokul | risk=73.25% | liveness=39.27%
  ✅ AMFR ACCEPT: gokul | risk=73.44% | liveness=38.15%
  ✅ AMFR ACCEPT: gokul | risk=73.70% | liveness=39.47%
  ✅ AMFR ACCEPT: gokul | risk=72.95% | liveness=38.14%
  ✅ AMFR ACCEPT: gokul | risk=72.93% | liveness=38.20%
[ModelCache] Loading shared AI models (YOLO, InsightFace, FAISS, AMFR)...
Applied providers: ['CPUExecutionProvider'], with options: {'CPUExecutionProvider': {}}
find model: C:\Users\gokul krishana\OneDrive\Desktop\FaceRecognitionAI\models\.insightface\models\buffalo_l\1k3d68.onnx landmark_3d_68 ['None', 3, 192, 192] 0.0 1.0
Applied providers: ['CPUExecutionProvider'], with options: {'CPUExecutionProvider': {}}
find model: C:\Users\gokul krishana\OneDrive\Desktop\FaceRecognitionAI\models\.insightface\models\buffalo_l\2d106det.onnx landmark_2d_106 ['None', 3, 192, 192] 0.0 1.0
Applied providers: ['CPUExecutionProvider'], with options: {'CPUExecutionProvider': {}}
find model: C:\Users\gokul krishana\OneDrive\Desktop\FaceRecognitionAI\models\.insightface\models\buffalo_l\det_10g.onnxC:\Users\gokul krishana\OneDrive\Desktop\FaceRecognitionAI\dashboard\pages\05_Attendance.py:342: DeprecationWarning: The argument video_transformer_factory is deprecated. Use video_processor_factory instead.
See https://github.com/whitphx/streamlit-webrtc#for-users-since-versions-020
  webrtc_ctx = webrtc_streamer(
C:\Users\gokul krishana\OneDrive\Desktop\FaceRecognitionAI\dashboard\pages\05_Attendance.py:342: DeprecationWarning: The argument video_transformer_factory is deprecated. Use video_processor_factory instead.
See https://github.com/whitphx/streamlit-webrtc#for-users-since-versions-020
  webrtc_ctx = webrtc_streamer(
C:\Users\gokul krishana\AppData\Local\Programs\Python\Python312\Lib\site-packages\insightface\utils\face_align.py:23: FutureWarning: `estimate` is deprecated since version 0.26 and will be removed in version 2.2. Please use `SimilarityTransform.from_estimate` class constructor instead.
  tform.estimate(lmk, dst)
C:\Users\gokul krishana\OneDrive\Desktop\FaceRecognitionAI\dashboard\pages\05_Attendance.py:342: DeprecationWarning: The argument video_transformer_factory is deprecated. Use video_processor_factory instead.
See https://github.com/whitphx/streamlit-webrtc#for-users-since-versions-020
  webrtc_ctx = webrtc_streamer(
C:\Users\gokul krishana\OneDrive\Desktop\FaceRecognitionAI\dashboard\pages\05_Attendance.py:342: DeprecationWarning: The argument video_transformer_factory is deprecated. Use video_processor_factory instead.
See https://github.com/whitphx/streamlit-webrtc#for-users-since-versions-020
  webrtc_ctx = webrtc_streamer(
C:\Users\gokul krishana\OneDrive\Desktop\FaceRecognitionAI\dashboard\pages\05_Attendance.py:342: DeprecationWarning: The argument video_transformer_factory is deprecated. Use video_processor_factory instead.
See https://github.com/whitphx/streamlit-webrtc#for-users-since-versions-020
  webrtc_ctx = webrtc_streamer(
C:\Users\gokul krishana\OneDrive\Desktop\FaceRecognitionAI\dashboard\pages\05_Attendance.py:342: DeprecationWarning: The argument video_transformer_factory is deprecated. Use video_processor_factory instead.
See https://github.com/whitphx/streamlit-webrtc#for-users-since-versions-020
  webrtc_ctx = webrtc_streamer(
C:\Users\gokul krishana\OneDrive\Desktop\FaceRecognitionAI\dashboard\pages\05_Attendance.py:342: DeprecationWarning: The argument video_transformer_factory is deprecated. Use video_processor_factory instead.
See https://github.com/whitphx/streamlit-webrtc#for-users-since-versions-020
  webrtc_ctx = webrtc_streamer(
C:\Users\gokul krishana\OneDrive\Desktop\FaceRecognitionAI\dashboard\pages\05_Attendance.py:342: DeprecationWarning: The argument video_transformer_factory is deprecated. Use video_processor_factory instead.
See https://github.com/whitphx/streamlit-webrtc#for-users-since-versions-020
  webrtc_ctx = webrtc_streamer(
C:\Users\gokul krishana\OneDrive\Desktop\FaceRecognitionAI\dashboard\pages\05_Attendance.py:342: DeprecationWarning: The argument video_transformer_factory is deprecated. Use video_processor_factory instead.
See https://github.com/whitphx/streamlit-webrtc#for-users-since-versions-020
  webrtc_ctx = webrtc_streamer(
C:\Users\gokul krishana\OneDrive\Desktop\FaceRecognitionAI\dashboard\pages\05_Attendance.py:342: DeprecationWarning: The argument video_transformer_factory is deprecated. Use video_processor_factory instead.
See https://github.com/whitphx/streamlit-webrtc#for-users-since-versions-020
  webrtc_ctx = webrtc_streamer(
C:\Users\gokul krishana\OneDrive\Desktop\FaceRecognitionAI\dashboard\pages\05_Attendance.py:342: DeprecationWarning: The argument video_transformer_factory is deprecated. Use video_processor_factory instead.
See https://github.com/whitphx/streamlit-webrtc#for-users-since-versions-020
  webrtc_ctx = webrtc_streamer(
C:\Users\gokul krishana\OneDrive\Desktop\FaceRecognitionAI\dashboard\pages\05_Attendance.py:342: DeprecationWarning: The argument video_transformer_factory is deprecated. Use video_processor_factory instead.
See https://github.com/whitphx/streamlit-webrtc#for-users-since-versions-020
  webrtc_ctx = webrtc_streamer(
C:\Users\gokul krishana\OneDrive\Desktop\FaceRecognitionAI\dashboard\pages\05_Attendance.py:342: DeprecationWarning: The argument video_transformer_factory is deprecated. Use video_processor_factory instead.
See https://github.com/whitphx/streamlit-webrtc#for-users-since-versions-020
  webrtc_ctx = webrtc_streamer(
C:\Users\gokul krishana\OneDrive\Desktop\FaceRecognitionAI\dashboard\pages\05_Attendance.py:342: DeprecationWarning: The argument video_transformer_factory is deprecated. Use video_processor_factory instead.
See https://github.com/whitphx/streamlit-webrtc#for-users-since-versions-020
  webrtc_ctx = webrtc_streamer(
C:\Users\gokul krishana\OneDrive\Desktop\FaceRecognitionAI\dashboard\pages\05_Attendance.py:342: DeprecationWarning: The argument video_transformer_factory is deprecated. Use video_processor_factory instead.
See https://github.com/whitphx/streamlit-webrtc#for-users-since-versions-020
  webrtc_ctx = webrtc_streamer(
C:\Users\gokul krishana\OneDrive\Desktop\FaceRecognitionAI\dashboard\pages\05_Attendance.py:342: DeprecationWarning: The argument video_transformer_factory is deprecated. Use video_processor_factory instead.
See https://github.com/whitphx/streamlit-webrtc#for-users-since-versions-020
  webrtc_ctx = webrtc_streamer(
C:\Users\gokul krishana\OneDrive\Desktop\FaceRecognitionAI\dashboard\pages\05_Attendance.py:342: DeprecationWarning: The argument video_transformer_factory is deprecated. Use video_processor_factory instead.
See https://github.com/whitphx/streamlit-webrtc#for-users-since-versions-020
  webrtc_ctx = webrtc_streamer(
C:\Users\gokul krishana\OneDrive\Desktop\FaceRecognitionAI\dashboard\pages\05_Attendance.py:342: DeprecationWarning: The argument video_transformer_factory is deprecated. Use video_processor_factory instead.
See https://github.com/whitphx/streamlit-webrtc#for-users-since-versions-020
  webrtc_ctx = webrtc_streamer(
C:\Users\gokul krishana\OneDrive\Desktop\FaceRecognitionAI\dashboard\pages\05_Attendance.py:342: DeprecationWarning: The argument video_transformer_factory is deprecated. Use video_processor_factory instead.
See https://github.com/whitphx/streamlit-webrtc#for-users-since-versions-020
  webrtc_ctx = webrtc_streamer(
C:\Users\gokul krishana\OneDrive\Desktop\FaceRecognitionAI\dashboard\pages\05_Attendance.py:342: DeprecationWarning: The argument video_transformer_factory is deprecated. Use video_processor_factory instead.
See https://github.com/whitphx/streamlit-webrtc#for-users-since-versions-020
  webrtc_ctx = webrtc_streamer(
C:\Users\gokul krishana\OneDrive\Desktop\FaceRecognitionAI\dashboard\pages\05_Attendance.py:342: DeprecationWarning: The argument video_transformer_factory is deprecated. Use video_processor_factory instead.
See https://github.com/whitphx/streamlit-webrtc#for-users-since-versions-020
  webrtc_ctx = webrtc_streamer(
C:\Users\gokul krishana\OneDrive\Desktop\FaceRecognitionAI\dashboard\pages\05_Attendance.py:342: DeprecationWarning: The argument video_transformer_factory is deprecated. Use video_processor_factory instead.
See https://github.com/whitphx/streamlit-webrtc#for-users-since-versions-020
  webrtc_ctx = webrtc_streamer(
C:\Users\gokul krishana\OneDrive\Desktop\FaceRecognitionAI\dashboard\pages\05_Attendance.py:342: DeprecationWarning: The argument video_transformer_factory is deprecated. Use video_processor_factory instead.
See https://github.com/whitphx/streamlit-webrtc#for-users-since-versions-020
  webrtc_ctx = webrtc_streamer(
C:\Users\gokul krishana\OneDrive\Desktop\FaceRecognitionAI\dashboard\pages\05_Attendance.py:342: DeprecationWarning: The argument video_transformer_factory is deprecated. Use video_processor_factory instead.
See https://github.com/whitphx/streamlit-webrtc#for-users-since-versions-020
  webrtc_ctx = webrtc_streamer(
C:\Users\gokul krishana\OneDrive\Desktop\FaceRecognitionAI\dashboard\pages\05_Attendance.py:342: DeprecationWarning: The argument video_transformer_factory is deprecated. Use video_processor_factory instead.
See https://github.com/whitphx/streamlit-webrtc#for-users-since-versions-020
  webrtc_ctx = webrtc_streamer(
C:\Users\gokul krishana\OneDrive\Desktop\FaceRecognitionAI\dashboard\pages\05_Attendance.py:342: DeprecationWarning: The argument video_transformer_factory is deprecated. Use video_processor_factory instead.
See https://github.com/whitphx/streamlit-webrtc#for-users-since-versions-020
  webrtc_ctx = webrtc_streamer(
C:\Users\gokul krishana\OneDrive\Desktop\FaceRecognitionAI\dashboard\pages\05_Attendance.py:342: DeprecationWarning: The argument video_transformer_factory is deprecated. Use video_processor_factory instead.
See https://github.com/whitphx/streamlit-webrtc#for-users-since-versions-020
  webrtc_ctx = webrtc_streamer(
INFO  [alembic.runtime.migration] Context impl SQLiteImpl.
INFO  [alembic.runtime.migration] Will assume non-transactional DDL.
C:\Users\gokul krishana\OneDrive\Desktop\FaceRecognitionAI\dashboard\pages\05_Attendance.py:342: DeprecationWarning: The argument video_transformer_factory is deprecated. Use video_processor_factory instead.
See https://github.com/whitphx/streamlit-webrtc#for-users-since-versions-020
  webrtc_ctx = webrtc_streamer(
C:\Users\gokul krishana\OneDrive\Desktop\FaceRecognitionAI\dashboard\pages\05_Attendance.py:342: DeprecationWarning: The argument video_transformer_factory is deprecated. Use video_processor_factory instead.
See https://github.com/whitphx/streamlit-webrtc#for-users-since-versions-020
  webrtc_ctx = webrtc_streamer(
C:\Users\gokul krishana\OneDrive\Desktop\FaceRecognitionAI\dashboard\pages\05_Attendance.py:342: DeprecationWarning: The argument video_transformer_factory is deprecated. Use video_processor_factory instead.
See https://github.com/whitphx/streamlit-webrtc#for-users-since-versions-020
  webrtc_ctx = webrtc_streamer(
C:\Users\gokul krishana\OneDrive\Desktop\FaceRecognitionAI\dashboard\pages\05_Attendance.py:342: DeprecationWarning: The argument video_transformer_factory is deprecated. Use video_processor_factory instead.
See https://github.com/whitphx/streamlit-webrtc#for-users-since-versions-020
  webrtc_ctx = webrtc_streamer(
C:\Users\gokul krishana\OneDrive\Desktop\FaceRecognitionAI\dashboard\pages\05_Attendance.py:342: DeprecationWarning: The argument video_transformer_factory is deprecated. Use video_processor_factory instead.
See https://github.com/whitphx/streamlit-webrtc#for-users-since-versions-020
  webrtc_ctx = webrtc_streamer(
C:\Users\gokul krishana\OneDrive\Desktop\FaceRecognitionAI\dashboard\pages\05_Attendance.py:342: DeprecationWarning: The argument video_transformer_factory is deprecated. Use video_processor_factory instead.
See https://github.com/whitphx/streamlit-webrtc#for-users-since-versions-020
  webrtc_ctx = webrtc_streamer(
C:\Users\gokul krishana\OneDrive\Desktop\FaceRecognitionAI\dashboard\pages\05_Attendance.py:342: DeprecationWarning: The argument video_transformer_factory is deprecated. Use video_processor_factory instead.
See https://github.com/whitphx/streamlit-webrtc#for-users-since-versions-020
  webrtc_ctx = webrtc_streamer(
C:\Users\gokul krishana\OneDrive\Desktop\FaceRecognitionAI\dashboard\pages\05_Attendance.py:342: DeprecationWarning: The argument video_transformer_factory is deprecated. Use video_processor_factory instead.
See https://github.com/whitphx/streamlit-webrtc#for-users-since-versions-020
  webrtc_ctx = webrtc_streamer(
C:\Users\gokul krishana\OneDrive\Desktop\FaceRecognitionAI\dashboard\pages\05_Attendance.py:342: DeprecationWarning: The argument video_transformer_factory is deprecated. Use video_processor_factory instead.
See https://github.com/whitphx/streamlit-webrtc#for-users-since-versions-020
  webrtc_ctx = webrtc_streamer(
C:\Users\gokul krishana\OneDrive\Desktop\FaceRecognitionAI\dashboard\pages\05_Attendance.py:342: DeprecationWarning: The argument video_transformer_factory is deprecated. Use video_processor_factory instead.
See https://github.com/whitphx/streamlit-webrtc#for-users-since-versions-020
  webrtc_ctx = webrtc_streamer(
[ WARN:6@1855.466] global cap.cpp:344 cv::VideoCapture::open VIDEOIO(DSHOW): backend is generally available but can't be used to capture by index
[ WARN:6@1855.471] global cap.cpp:344 cv::VideoCapture::open VIDEOIO(DSHOW): backend is generally available but can't be used to capture by index
[ WARN:6@1855.476] global cap.cpp:344 cv::VideoCapture::open VIDEOIO(DSHOW): backend is generally available but can't be used to capture by index
[ WARN:6@1855.480] global cap.cpp:344 cv::VideoCapture::open VIDEOIO(DSHOW): backend is generally available but can't be used to capture by index
C:\Users\gokul krishana\OneDrive\Desktop\FaceRecognitionAI\dashboard\pages\05_Attendance.py:342: DeprecationWarning: The argument video_transformer_factory is deprecated. Use video_processor_factory instead.
See https://github.com/whitphx/streamlit-webrtc#for-users-since-versions-020
  webrtc_ctx = webrtc_streamer(
C:\Users\gokul krishana\OneDrive\Desktop\FaceRecognitionAI\dashboard\pages\05_Attendance.py:342: DeprecationWarning: The argument video_transformer_factory is deprecated. Use video_processor_factory instead.
See https://github.com/whitphx/streamlit-webrtc#for-users-since-versions-020
  webrtc_ctx = webrtc_streamer(
C:\Users\gokul krishana\OneDrive\Desktop\FaceRecognitionAI\dashboard\pages\05_Attendance.py:342: DeprecationWarning: The argument video_transformer_factory is deprecated. Use video_processor_factory instead.
See https://github.com/whitphx/streamlit-webrtc#for-users-since-versions-020
  webrtc_ctx = webrtc_streamer(
C:\Users\gokul krishana\OneDrive\Desktop\FaceRecognitionAI\dashboard\pages\05_Attendance.py:342: DeprecationWarning: The argument video_transformer_factory is deprecated. Use video_processor_factory instead.
See https://github.com/whitphx/streamlit-webrtc#for-users-since-versions-020
  webrtc_ctx = webrtc_streamer(
C:\Users\gokul krishana\OneDrive\Desktop\FaceRecognitionAI\dashboard\pages\05_Attendance.py:342: DeprecationWarning: The argument video_transformer_factory is deprecated. Use video_processor_factory instead.
See https://github.com/whitphx/streamlit-webrtc#for-users-since-versions-020
  webrtc_ctx = webrtc_streamer(
C:\Users\gokul krishana\OneDrive\Desktop\FaceRecognitionAI\dashboard\pages\05_Attendance.py:342: DeprecationWarning: The argument video_transformer_factory is deprecated. Use video_processor_factory instead.
See https://github.com/whitphx/streamlit-webrtc#for-users-since-versions-020
  webrtc_ctx = webrtc_streamer(
C:\Users\gokul krishana\OneDrive\Desktop\FaceRecognitionAI\dashboard\pages\05_Attendance.py:342: DeprecationWarning: The argument video_transformer_factory is deprecated. Use video_processor_factory instead.
See https://github.com/whitphx/streamlit-webrtc#for-users-since-versions-020
  webrtc_ctx = webrtc_streamer(
C:\Users\gokul krishana\OneDrive\Desktop\FaceRecognitionAI\dashboard\pages\05_Attendance.py:342: DeprecationWarning: The argument video_transformer_factory is deprecated. Use video_processor_factory instead.
See https://github.com/whitphx/streamlit-webrtc#for-users-since-versions-020
  webrtc_ctx = webrtc_streamer(
C:\Users\gokul krishana\OneDrive\Desktop\FaceRecognitionAI\dashboard\pages\05_Attendance.py:342: DeprecationWarning: The argument video_transformer_factory is deprecated. Use video_processor_factory instead.
See https://github.com/whitphx/streamlit-webrtc#for-users-since-versions-020
  webrtc_ctx = webrtc_streamer(
C:\Users\gokul krishana\OneDrive\Desktop\FaceRecognitionAI\dashboard\pages\05_Attendance.py:342: DeprecationWarning: The argument video_transformer_factory is deprecated. Use video_processor_factory instead.
See https://github.com/whitphx/streamlit-webrtc#for-users-since-versions-020
  webrtc_ctx = webrtc_streamer(
C:\Users\gokul krishana\OneDrive\Desktop\FaceRecognitionAI\dashboard\pages\05_Attendance.py:342: DeprecationWarning: The argument video_transformer_factory is deprecated. Use video_processor_factory instead.
See https://github.com/whitphx/streamlit-webrtc#for-users-since-versions-020
  webrtc_ctx = webrtc_streamer(
C:\Users\gokul krishana\OneDrive\Desktop\FaceRecognitionAI\dashboard\pages\05_Attendance.py:342: DeprecationWarning: The argument video_transformer_factory is deprecated. Use video_processor_factory instead.
See https://github.com/whitphx/streamlit-webrtc#for-users-since-versions-020
  webrtc_ctx = webrtc_streamer(
C:\Users\gokul krishana\OneDrive\Desktop\FaceRecognitionAI\dashboard\pages\05_Attendance.py:342: DeprecationWarning: The argument video_transformer_factory is deprecated. Use video_processor_factory instead.
See https://github.com/whitphx/streamlit-webrtc#for-users-since-versions-020
  webrtc_ctx = webrtc_streamer(
C:\Users\gokul krishana\OneDrive\Desktop\FaceRecognitionAI\dashboard\pages\05_Attendance.py:342: DeprecationWarning: The argument video_transformer_factory is deprecated. Use video_processor_factory instead.
See https://github.com/whitphx/streamlit-webrtc#for-users-since-versions-020
  webrtc_ctx = webrtc_streamer(
C:\Users\gokul krishana\OneDrive\Desktop\FaceRecognitionAI\dashboard\pages\05_Attendance.py:342: DeprecationWarning: The argument video_transformer_factory is deprecated. Use video_processor_factory instead.
See https://github.com/whitphx/streamlit-webrtc#for-users-since-versions-020
  webrtc_ctx = webrtc_streamer(
C:\Users\gokul krishana\OneDrive\Desktop\FaceRecognitionAI\dashboard\pages\05_Attendance.py:342: DeprecationWarning: The argument video_transformer_factory is deprecated. Use video_processor_factory instead.
See https://github.com/whitphx/streamlit-webrtc#for-users-since-versions-020
  webrtc_ctx = webrtc_streamer(
C:\Users\gokul krishana\OneDrive\Desktop\FaceRecognitionAI\dashboard\pages\05_Attendance.py:342: DeprecationWarning: The argument video_transformer_factory is deprecated. Use video_processor_factory instead.
See https://github.com/whitphx/streamlit-webrtc#for-users-since-versions-020
  webrtc_ctx = webrtc_streamer(
C:\Users\gokul krishana\OneDrive\Desktop\FaceRecognitionAI\dashboard\pages\05_Attendance.py:342: DeprecationWarning: The argument video_transformer_factory is deprecated. Use video_processor_factory instead.
See https://github.com/whitphx/streamlit-webrtc#for-users-since-versions-020
  webrtc_ctx = webrtc_streamer(
C:\Users\gokul krishana\OneDrive\Desktop\FaceRecognitionAI\dashboard\pages\05_Attendance.py:342: DeprecationWarning: The argument video_transformer_factory is deprecated. Use video_processor_factory instead.
See https://github.com/whitphx/streamlit-webrtc#for-users-since-versions-020
  webrtc_ctx = webrtc_streamer(
C:\Users\gokul krishana\OneDrive\Desktop\FaceRecognitionAI\dashboard\pages\05_Attendance.py:342: DeprecationWarning: The argument video_transformer_factory is deprecated. Use video_processor_factory instead.
See https://github.com/whitphx/streamlit-webrtc#for-users-since-versions-020
  webrtc_ctx = webrtc_streamer(
C:\Users\gokul krishana\OneDrive\Desktop\FaceRecognitionAI\dashboard\pages\05_Attendance.py:342: DeprecationWarning: The argument video_transformer_factory is deprecated. Use video_processor_factory instead.
See https://github.com/whitphx/streamlit-webrtc#for-users-since-versions-020
  webrtc_ctx = webrtc_streamer(
C:\Users\gokul krishana\OneDrive\Desktop\FaceRecognitionAI\dashboard\pages\05_Attendance.py:342: DeprecationWarning: The argument video_transformer_factory is deprecated. Use video_processor_factory instead.
See https://github.com/whitphx/streamlit-webrtc#for-users-since-versions-020
  webrtc_ctx = webrtc_streamer(
C:\Users\gokul krishana\OneDrive\Desktop\FaceRecognitionAI\dashboard\pages\05_Attendance.py:342: DeprecationWarning: The argument video_transformer_factory is deprecated. Use video_processor_factory instead.
See https://github.com/whitphx/streamlit-webrtc#for-users-since-versions-020
  webrtc_ctx = webrtc_streamer(
C:\Users\gokul krishana\OneDrive\Desktop\FaceRecognitionAI\dashboard\pages\05_Attendance.py:342: DeprecationWarning: The argument video_transformer_factory is deprecated. Use video_processor_factory instead.
See https://github.com/whitphx/streamlit-webrtc#for-users-since-versions-020
  webrtc_ctx = webrtc_streamer(
C:\Users\gokul krishana\OneDrive\Desktop\FaceRecognitionAI\dashboard\pages\05_Attendance.py:342: DeprecationWarning: The argument video_transformer_factory is deprecated. Use video_processor_factory instead.
See https://github.com/whitphx/streamlit-webrtc#for-users-since-versions-020
  webrtc_ctx = webrtc_streamer(
C:\Users\gokul krishana\OneDrive\Desktop\FaceRecognitionAI\dashboard\pages\05_Attendance.py:342: DeprecationWarning: The argument video_transformer_factory is deprecated. Use video_processor_factory instead.
See https://github.com/whitphx/streamlit-webrtc#for-users-since-versions-020
  webrtc_ctx = webrtc_streamer(
C:\Users\gokul krishana\OneDrive\Desktop\FaceRecognitionAI\dashboard\pages\05_Attendance.py:342: DeprecationWarning: The argument video_transformer_factory is deprecated. Use video_processor_factory instead.
See https://github.com/whitphx/streamlit-webrtc#for-users-since-versions-020
  webrtc_ctx = webrtc_streamer(
C:\Users\gokul krishana\OneDrive\Desktop\FaceRecognitionAI\dashboard\pages\05_Attendance.py:342: DeprecationWarning: The argument video_transformer_factory is deprecated. Use video_processor_factory instead.
See https://github.com/whitphx/streamlit-webrtc#for-users-since-versions-020
  webrtc_ctx = webrtc_streamer(
C:\Users\gokul krishana\OneDrive\Desktop\FaceRecognitionAI\dashboard\pages\05_Attendance.py:342: DeprecationWarning: The argument video_transformer_factory is deprecated. Use video_processor_factory instead.
See https://github.com/whitphx/streamlit-webrtc#for-users-since-versions-020
  webrtc_ctx = webrtc_streamer(
C:\Users\gokul krishana\OneDrive\Desktop\FaceRecognitionAI\dashboard\pages\05_Attendance.py:342: DeprecationWarning: The argument video_transformer_factory is deprecated. Use video_processor_factory instead.
See https://github.com/whitphx/streamlit-webrtc#for-users-since-versions-020
  webrtc_ctx = webrtc_streamer(
C:\Users\gokul krishana\OneDrive\Desktop\FaceRecognitionAI\dashboard\pages\05_Attendance.py:342: DeprecationWarning: The argument video_transformer_factory is deprecated. Use video_processor_factory instead.
See https://github.com/whitphx/streamlit-webrtc#for-users-since-versions-020
  webrtc_ctx = webrtc_streamer(
C:\Users\gokul krishana\OneDrive\Desktop\FaceRecognitionAI\dashboard\pages\05_Attendance.py:342: DeprecationWarning: The argument video_transformer_factory is deprecated. Use video_processor_factory instead.
See https://github.com/whitphx/streamlit-webrtc#for-users-since-versions-020
  webrtc_ctx = webrtc_streamer(
C:\Users\gokul krishana\OneDrive\Desktop\FaceRecognitionAI\dashboard\pages\05_Attendance.py:342: DeprecationWarning: The argument video_transformer_factory is deprecated. Use video_processor_factory instead.
See https://github.com/whitphx/streamlit-webrtc#for-users-since-versions-020
  webrtc_ctx = webrtc_streamer(
C:\Users\gokul krishana\OneDrive\Desktop\FaceRecognitionAI\dashboard\pages\05_Attendance.py:342: DeprecationWarning: The argument video_transformer_factory is deprecated. Use video_processor_factory instead.
See https://github.com/whitphx/streamlit-webrtc#for-users-since-versions-020
  webrtc_ctx = webrtc_streamer(
C:\Users\gokul krishana\OneDrive\Desktop\FaceRecognitionAI\dashboard\pages\05_Attendance.py:342: DeprecationWarning: The argument video_transformer_factory is deprecated. Use video_processor_factory instead.
See https://github.com/whitphx/streamlit-webrtc#for-users-since-versions-020
  webrtc_ctx = webrtc_streamer(
C:\Users\gokul krishana\OneDrive\Desktop\FaceRecognitionAI\dashboard\pages\05_Attendance.py:342: DeprecationWarning: The argument video_transformer_factory is deprecated. Use video_processor_factory instead.
See https://github.com/whitphx/streamlit-webrtc#for-users-since-versions-020
  webrtc_ctx = webrtc_streamer(
C:\Users\gokul krishana\OneDrive\Desktop\FaceRecognitionAI\dashboard\pages\05_Attendance.py:342: DeprecationWarning: The argument video_transformer_factory is deprecated. Use video_processor_factory instead.
See https://github.com/whitphx/streamlit-webrtc#for-users-since-versions-020
  webrtc_ctx = webrtc_streamer(
C:\Users\gokul krishana\OneDrive\Desktop\FaceRecognitionAI\dashboard\pages\05_Attendance.py:342: DeprecationWarning: The argument video_transformer_factory is deprecated. Use video_processor_factory instead.
See https://github.com/whitphx/streamlit-webrtc#for-users-since-versions-020
  webrtc_ctx = webrtc_streamer(
C:\Users\gokul krishana\OneDrive\Desktop\FaceRecognitionAI\dashboard\pages\05_Attendance.py:342: DeprecationWarning: The argument video_transformer_factory is deprecated. Use video_processor_factory instead.
See https://github.com/whitphx/streamlit-webrtc#for-users-since-versions-020
  webrtc_ctx = webrtc_streamer(
C:\Users\gokul krishana\OneDrive\Desktop\FaceRecognitionAI\dashboard\pages\05_Attendance.py:342: DeprecationWarning: The argument video_transformer_factory is deprecated. Use video_processor_factory instead.
See https://github.com/whitphx/streamlit-webrtc#for-users-since-versions-020
  webrtc_ctx = webrtc_streamer(
C:\Users\gokul krishana\OneDrive\Desktop\FaceRecognitionAI\dashboard\pages\05_Attendance.py:342: DeprecationWarning: The argument video_transformer_factory is deprecated. Use video_processor_factory instead.
See https://github.com/whitphx/streamlit-webrtc#for-users-since-versions-020
  webrtc_ctx = webrtc_streamer(
C:\Users\gokul krishana\OneDrive\Desktop\FaceRecognitionAI\dashboard\pages\05_Attendance.py:342: DeprecationWarning: The argument video_transformer_factory is deprecated. Use video_processor_factory instead.
See https://github.com/whitphx/streamlit-webrtc#for-users-since-versions-020
  webrtc_ctx = webrtc_streamer(
C:\Users\gokul krishana\OneDrive\Desktop\FaceRecognitionAI\dashboard\pages\05_Attendance.py:342: DeprecationWarning: The argument video_transformer_factory is deprecated. Use video_processor_factory instead.
See https://github.com/whitphx/streamlit-webrtc#for-users-since-versions-020
  webrtc_ctx = webrtc_streamer(
C:\Users\gokul krishana\OneDrive\Desktop\FaceRecognitionAI\dashboard\pages\05_Attendance.py:342: DeprecationWarning: The argument video_transformer_factory is deprecated. Use video_processor_factory instead.
See https://github.com/whitphx/streamlit-webrtc#for-users-since-versions-020
  webrtc_ctx = webrtc_streamer(
C:\Users\gokul krishana\OneDrive\Desktop\FaceRecognitionAI\dashboard\pages\05_Attendance.py:342: DeprecationWarning: The argument video_transformer_factory is deprecated. Use video_processor_factory instead.
See https://github.com/whitphx/streamlit-webrtc#for-users-since-versions-020
  webrtc_ctx = webrtc_streamer(
C:\Users\gokul krishana\OneDrive\Desktop\FaceRecognitionAI\dashboard\pages\05_Attendance.py:342: DeprecationWarning: The argument video_transformer_factory is deprecated. Use video_processor_factory instead.
See https://github.com/whitphx/streamlit-webrtc#for-users-since-versions-020
  webrtc_ctx = webrtc_streamer(
C:\Users\gokul krishana\OneDrive\Desktop\FaceRecognitionAI\dashboard\pages\05_Attendance.py:342: DeprecationWarning: The argument video_transformer_factory is deprecated. Use video_processor_factory instead.
See https://github.com/whitphx/streamlit-webrtc#for-users-since-versions-020
  webrtc_ctx = webrtc_streamer(
C:\Users\gokul krishana\OneDrive\Desktop\FaceRecognitionAI\dashboard\pages\05_Attendance.py:342: DeprecationWarning: The argument video_transformer_factory is deprecated. Use video_processor_factory instead.
See https://github.com/whitphx/streamlit-webrtc#for-users-since-versions-020
  webrtc_ctx = webrtc_streamer(
C:\Users\gokul krishana\OneDrive\Desktop\FaceRecognitionAI\dashboard\pages\05_Attendance.py:342: DeprecationWarning: The argument video_transformer_factory is deprecated. Use video_processor_factory instead.
See https://github.com/whitphx/streamlit-webrtc#for-users-since-versions-020
  webrtc_ctx = webrtc_streamer(
C:\Users\gokul krishana\OneDrive\Desktop\FaceRecognitionAI\dashboard\pages\05_Attendance.py:342: DeprecationWarning: The argument video_transformer_factory is deprecated. Use video_processor_factory instead.
See https://github.com/whitphx/streamlit-webrtc#for-users-since-versions-020
  webrtc_ctx = webrtc_streamer(
C:\Users\gokul krishana\OneDrive\Desktop\FaceRecognitionAI\dashboard\pages\05_Attendance.py:342: DeprecationWarning: The argument video_transformer_factory is deprecated. Use video_processor_factory instead.
See https://github.com/whitphx/streamlit-webrtc#for-users-since-versions-020
  webrtc_ctx = webrtc_streamer(
C:\Users\gokul krishana\OneDrive\Desktop\FaceRecognitionAI\dashboard\pages\05_Attendance.py:342: DeprecationWarning: The argument video_transformer_factory is deprecated. Use video_processor_factory instead.
See https://github.com/whitphx/streamlit-webrtc#for-users-since-versions-020
  webrtc_ctx = webrtc_streamer(
C:\Users\gokul krishana\OneDrive\Desktop\FaceRecognitionAI\dashboard\pages\05_Attendance.py:342: DeprecationWarning: The argument video_transformer_factory is deprecated. Use video_processor_factory instead.
See https://github.com/whitphx/streamlit-webrtc#for-users-since-versions-020
  webrtc_ctx = webrtc_streamer(
C:\Users\gokul krishana\OneDrive\Desktop\FaceRecognitionAI\dashboard\pages\05_Attendance.py:342: DeprecationWarning: The argument video_transformer_factory is deprecated. Use video_processor_factory instead.
See https://github.com/whitphx/streamlit-webrtc#for-users-since-versions-020
  webrtc_ctx = webrtc_streamer(
C:\Users\gokul krishana\OneDrive\Desktop\FaceRecognitionAI\dashboard\pages\05_Attendance.py:342: DeprecationWarning: The argument video_transformer_factory is deprecated. Use video_processor_factory instead.
See https://github.com/whitphx/streamlit-webrtc#for-users-since-versions-020
  webrtc_ctx = webrtc_streamer(
C:\Users\gokul krishana\OneDrive\Desktop\FaceRecognitionAI\dashboard\pages\05_Attendance.py:342: DeprecationWarning: The argument video_transformer_factory is deprecated. Use video_processor_factory instead.
See https://github.com/whitphx/streamlit-webrtc#for-users-since-versions-020
  webrtc_ctx = webrtc_streamer(
C:\Users\gokul krishana\OneDrive\Desktop\FaceRecognitionAI\dashboard\pages\05_Attendance.py:342: DeprecationWarning: The argument video_transformer_factory is deprecated. Use video_processor_factory instead.
See https://github.com/whitphx/streamlit-webrtc#for-users-since-versions-020
  webrtc_ctx = webrtc_streamer(
C:\Users\gokul krishana\OneDrive\Desktop\FaceRecognitionAI\dashboard\pages\05_Attendance.py:342: DeprecationWarning: The argument video_transformer_factory is deprecated. Use video_processor_factory instead.
See https://github.com/whitphx/streamlit-webrtc#for-users-since-versions-020
  webrtc_ctx = webrtc_streamer(
C:\Users\gokul krishana\OneDrive\Desktop\FaceRecognitionAI\dashboard\pages\05_Attendance.py:342: DeprecationWarning: The argument video_transformer_factory is deprecated. Use video_processor_factory instead.
See https://github.com/whitphx/streamlit-webrtc#for-users-since-versions-020
  webrtc_ctx = webrtc_streamer(
C:\Users\gokul krishana\OneDrive\Desktop\FaceRecognitionAI\dashboard\pages\05_Attendance.py:342: DeprecationWarning: The argument video_transformer_factory is deprecated. Use video_processor_factory instead.
See https://github.com/whitphx/streamlit-webrtc#for-users-since-versions-020
  webrtc_ctx = webrtc_streamer(
C:\Users\gokul krishana\OneDrive\Desktop\FaceRecognitionAI\dashboard\pages\05_Attendance.py:342: DeprecationWarning: The argument video_transformer_factory is deprecated. Use video_processor_factory instead.
See https://github.com/whitphx/streamlit-webrtc#for-users-since-versions-020
  webrtc_ctx = webrtc_streamer(
C:\Users\gokul krishana\OneDrive\Desktop\FaceRecognitionAI\dashboard\pages\05_Attendance.py:342: DeprecationWarning: The argument video_transformer_factory is deprecated. Use video_processor_factory instead.
See https://github.com/whitphx/streamlit-webrtc#for-users-since-versions-020
  webrtc_ctx = webrtc_streamer(
C:\Users\gokul krishana\OneDrive\Desktop\FaceRecognitionAI\dashboard\pages\05_Attendance.py:342: DeprecationWarning: The argument video_transformer_factory is deprecated. Use video_processor_factory instead.
See https://github.com/whitphx/streamlit-webrtc#for-users-since-versions-020
  webrtc_ctx = webrtc_streamer(
C:\Users\gokul krishana\OneDrive\Desktop\FaceRecognitionAI\dashboard\pages\05_Attendance.py:342: DeprecationWarning: The argument video_transformer_factory is deprecated. Use video_processor_factory instead.
See https://github.com/whitphx/streamlit-webrtc#for-users-since-versions-020
  webrtc_ctx = webrtc_streamer(
C:\Users\gokul krishana\OneDrive\Desktop\FaceRecognitionAI\dashboard\pages\05_Attendance.py:342: DeprecationWarning: The argument video_transformer_factory is deprecated. Use video_processor_factory instead.
See https://github.com/whitphx/streamlit-webrtc#for-users-since-versions-020
  webrtc_ctx = webrtc_streamer(
C:\Users\gokul krishana\OneDrive\Desktop\FaceRecognitionAI\dashboard\pages\05_Attendance.py:342: DeprecationWarning: The argument video_transformer_factory is deprecated. Use video_processor_factory instead.
See https://github.com/whitphx/streamlit-webrtc#for-users-since-versions-020
  webrtc_ctx = webrtc_streamer(
C:\Users\gokul krishana\OneDrive\Desktop\FaceRecognitionAI\dashboard\pages\05_Attendance.py:342: DeprecationWarning: The argument video_transformer_factory is deprecated. Use video_processor_factory instead.
See https://github.com/whitphx/streamlit-webrtc#for-users-since-versions-020
  webrtc_ctx = webrtc_streamer(
C:\Users\gokul krishana\OneDrive\Desktop\FaceRecognitionAI\dashboard\pages\05_Attendance.py:342: DeprecationWarning: The argument video_transformer_factory is deprecated. Use video_processor_factory instead.
See https://github.com/whitphx/streamlit-webrtc#for-users-since-versions-020
  webrtc_ctx = webrtc_streamer(
C:\Users\gokul krishana\OneDrive\Desktop\FaceRecognitionAI\dashboard\pages\05_Attendance.py:342: DeprecationWarning: The argument video_transformer_factory is deprecated. Use video_processor_factory instead.
See https://github.com/whitphx/streamlit-webrtc#for-users-since-versions-020
  webrtc_ctx = webrtc_streamer(
C:\Users\gokul krishana\OneDrive\Desktop\FaceRecognitionAI\dashboard\pages\05_Attendance.py:342: DeprecationWarning: The argument video_transformer_factory is deprecated. Use video_processor_factory instead.
See https://github.com/whitphx/streamlit-webrtc#for-users-since-versions-020
  webrtc_ctx = webrtc_streamer(
C:\Users\gokul krishana\OneDrive\Desktop\FaceRecognitionAI\dashboard\pages\05_Attendance.py:342: DeprecationWarning: The argument video_transformer_factory is deprecated. Use video_processor_factory instead.
See https://github.com/whitphx/streamlit-webrtc#for-users-since-versions-020
  webrtc_ctx = webrtc_streamer(
C:\Users\gokul krishana\OneDrive\Desktop\FaceRecognitionAI\dashboard\pages\05_Attendance.py:342: DeprecationWarning: The argument video_transformer_factory is deprecated. Use video_processor_factory instead.
See https://github.com/whitphx/streamlit-webrtc#for-users-since-versions-020
  webrtc_ctx = webrtc_streamer(
C:\Users\gokul krishana\OneDrive\Desktop\FaceRecognitionAI\dashboard\pages\05_Attendance.py:342: DeprecationWarning: The argument video_transformer_factory is deprecated. Use video_processor_factory instead.
See https://github.com/whitphx/streamlit-webrtc#for-users-since-versions-020
  webrtc_ctx = webrtc_streamer(
C:\Users\gokul krishana\OneDrive\Desktop\FaceRecognitionAI\dashboard\pages\05_Attendance.py:342: DeprecationWarning: The argument video_transformer_factory is deprecated. Use video_processor_factory instead.
See https://github.com/whitphx/streamlit-webrtc#for-users-since-versions-020
  webrtc_ctx = webrtc_streamer(
C:\Users\gokul krishana\OneDrive\Desktop\FaceRecognitionAI\dashboard\pages\05_Attendance.py:342: DeprecationWarning: The argument video_transformer_factory is deprecated. Use video_processor_factory instead.
See https://github.com/whitphx/streamlit-webrtc#for-users-since-versions-020
  webrtc_ctx = webrtc_streamer(
C:\Users\gokul krishana\OneDrive\Desktop\FaceRecognitionAI\dashboard\pages\05_Attendance.py:342: DeprecationWarning: The argument video_transformer_factory is deprecated. Use video_processor_factory instead.
See https://github.com/whitphx/streamlit-webrtc#for-users-since-versions-020
  webrtc_ctx = webrtc_streamer(
C:\Users\gokul krishana\OneDrive\Desktop\FaceRecognitionAI\dashboard\pages\05_Attendance.py:342: DeprecationWarning: The argument video_transformer_factory is deprecated. Use video_processor_factory instead.
See https://github.com/whitphx/streamlit-webrtc#for-users-since-versions-020
  webrtc_ctx = webrtc_streamer(
C:\Users\gokul krishana\OneDrive\Desktop\FaceRecognitionAI\dashboard\pages\05_Attendance.py:342: DeprecationWarning: The argument video_transformer_factory is deprecated. Use video_processor_factory instead.
See https://github.com/whitphx/streamlit-webrtc#for-users-since-versions-020
  webrtc_ctx = webrtc_streamer(
C:\Users\gokul krishana\OneDrive\Desktop\FaceRecognitionAI\dashboard\pages\05_Attendance.py:342: DeprecationWarning: The argument video_transformer_factory is deprecated. Use video_processor_factory instead.
See https://github.com/whitphx/streamlit-webrtc#for-users-since-versions-020
  webrtc_ctx = webrtc_streamer(
C:\Users\gokul krishana\OneDrive\Desktop\FaceRecognitionAI\dashboard\pages\05_Attendance.py:342: DeprecationWarning: The argument video_transformer_factory is deprecated. Use video_processor_factory instead.
See https://github.com/whitphx/streamlit-webrtc#for-users-since-versions-020
  webrtc_ctx = webrtc_streamer(
C:\Users\gokul krishana\OneDrive\Desktop\FaceRecognitionAI\dashboard\pages\05_Attendance.py:342: DeprecationWarning: The argument video_transformer_factory is deprecated. Use video_processor_factory instead.
See https://github.com/whitphx/streamlit-webrtc#for-users-since-versions-020
  webrtc_ctx = webrtc_streamer(
C:\Users\gokul krishana\OneDrive\Desktop\FaceRecognitionAI\dashboard\pages\05_Attendance.py:342: DeprecationWarning: The argument video_transformer_factory is deprecated. Use video_processor_factory instead.
See https://github.com/whitphx/streamlit-webrtc#for-users-since-versions-020
  webrtc_ctx = webrtc_streamer(
C:\Users\gokul krishana\OneDrive\Desktop\FaceRecognitionAI\dashboard\pages\05_Attendance.py:342: DeprecationWarning: The argument video_transformer_factory is deprecated. Use video_processor_factory instead.
See https://github.com/whitphx/streamlit-webrtc#for-users-since-versions-020
  webrtc_ctx = webrtc_streamer(
C:\Users\gokul krishana\OneDrive\Desktop\FaceRecognitionAI\dashboard\pages\05_Attendance.py:342: DeprecationWarning: The argument video_transformer_factory is deprecated. Use video_processor_factory instead.
See https://github.com/whitphx/streamlit-webrtc#for-users-since-versions-020
  webrtc_ctx = webrtc_streamer(
C:\Users\gokul krishana\OneDrive\Desktop\FaceRecognitionAI\dashboard\pages\05_Attendance.py:342: DeprecationWarning: The argument video_transformer_factory is deprecated. Use video_processor_factory instead.
See https://github.com/whitphx/streamlit-webrtc#for-users-since-versions-020
  webrtc_ctx = webrtc_streamer(
C:\Users\gokul krishana\OneDrive\Desktop\FaceRecognitionAI\dashboard\pages\05_Attendance.py:342: DeprecationWarning: The argument video_transformer_factory is deprecated. Use video_processor_factory instead.
See https://github.com/whitphx/streamlit-webrtc#for-users-since-versions-020
  webrtc_ctx = webrtc_streamer(
C:\Users\gokul krishana\OneDrive\Desktop\FaceRecognitionAI\dashboard\pages\05_Attendance.py:342: DeprecationWarning: The argument video_transformer_factory is deprecated. Use video_processor_factory instead.
See https://github.com/whitphx/streamlit-webrtc#for-users-since-versions-020
  webrtc_ctx = webrtc_streamer(
C:\Users\gokul krishana\OneDrive\Desktop\FaceRecognitionAI\dashboard\pages\05_Attendance.py:342: DeprecationWarning: The argument video_transformer_factory is deprecated. Use video_processor_factory instead.
See https://github.com/whitphx/streamlit-webrtc#for-users-since-versions-020
  webrtc_ctx = webrtc_streamer(
C:\Users\gokul krishana\OneDrive\Desktop\FaceRecognitionAI\dashboard\pages\05_Attendance.py:342: DeprecationWarning: The argument video_transformer_factory is deprecated. Use video_processor_factory instead.
See https://github.com/whitphx/streamlit-webrtc#for-users-since-versions-020
  webrtc_ctx = webrtc_streamer(
C:\Users\gokul krishana\OneDrive\Desktop\FaceRecognitionAI\dashboard\pages\05_Attendance.py:342: DeprecationWarning: The argument video_transformer_factory is deprecated. Use video_processor_factory instead.
See https://github.com/whitphx/streamlit-webrtc#for-users-since-versions-020
  webrtc_ctx = webrtc_streamer(
C:\Users\gokul krishana\OneDrive\Desktop\FaceRecognitionAI\dashboard\pages\05_Attendance.py:342: DeprecationWarning: The argument video_transformer_factory is deprecated. Use video_processor_factory instead.
See https://github.com/whitphx/streamlit-webrtc#for-users-since-versions-020
  webrtc_ctx = webrtc_streamer(
C:\Users\gokul krishana\OneDrive\Desktop\FaceRecognitionAI\dashboard\pages\05_Attendance.py:342: DeprecationWarning: The argument video_transformer_factory is deprecated. Use video_processor_factory instead.
See https://github.com/whitphx/streamlit-webrtc#for-users-since-versions-020
  webrtc_ctx = webrtc_streamer(
C:\Users\gokul krishana\OneDrive\Desktop\FaceRecognitionAI\dashboard\pages\05_Attendance.py:342: DeprecationWarning: The argument video_transformer_factory is deprecated. Use video_processor_factory instead.
See https://github.com/whitphx/streamlit-webrtc#for-users-since-versions-020
  webrtc_ctx = webrtc_streamer(
C:\Users\gokul krishana\OneDrive\Desktop\FaceRecognitionAI\dashboard\pages\05_Attendance.py:342: DeprecationWarning: The argument video_transformer_factory is deprecated. Use video_processor_factory instead.
See https://github.com/whitphx/streamlit-webrtc#for-users-since-versions-020
  webrtc_ctx = webrtc_streamer(
C:\Users\gokul krishana\OneDrive\Desktop\FaceRecognitionAI\dashboard\pages\05_Attendance.py:342: DeprecationWarning: The argument video_transformer_factory is deprecated. Use video_processor_factory instead.
See https://github.com/whitphx/streamlit-webrtc#for-users-since-versions-020
  webrtc_ctx = webrtc_streamer(
C:\Users\gokul krishana\OneDrive\Desktop\FaceRecognitionAI\dashboard\pages\05_Attendance.py:342: DeprecationWarning: The argument video_transformer_factory is deprecated. Use video_processor_factory instead.
See https://github.com/whitphx/streamlit-webrtc#for-users-since-versions-020
  webrtc_ctx = webrtc_streamer(
C:\Users\gokul krishana\OneDrive\Desktop\FaceRecognitionAI\dashboard\pages\05_Attendance.py:342: DeprecationWarning: The argument video_transformer_factory is deprecated. Use video_processor_factory instead.
See https://github.com/whitphx/streamlit-webrtc#for-users-since-versions-020
  webrtc_ctx = webrtc_streamer(
C:\Users\gokul krishana\OneDrive\Desktop\FaceRecognitionAI\dashboard\pages\05_Attendance.py:342: DeprecationWarning: The argument video_transformer_factory is deprecated. Use video_processor_factory instead.
See https://github.com/whitphx/streamlit-webrtc#for-users-since-versions-020
  webrtc_ctx = webrtc_streamer(
C:\Users\gokul krishana\OneDrive\Desktop\FaceRecognitionAI\dashboard\pages\05_Attendance.py:342: DeprecationWarning: The argument video_transformer_factory is deprecated. Use video_processor_factory instead.
See https://github.com/whitphx/streamlit-webrtc#for-users-since-versions-020
  webrtc_ctx = webrtc_streamer(
C:\Users\gokul krishana\OneDrive\Desktop\FaceRecognitionAI\dashboard\pages\05_Attendance.py:342: DeprecationWarning: The argument video_transformer_factory is deprecated. Use video_processor_factory instead.
See https://github.com/whitphx/streamlit-webrtc#for-users-since-versions-020
  webrtc_ctx = webrtc_streamer(
C:\Users\gokul krishana\OneDrive\Desktop\FaceRecognitionAI\dashboard\pages\05_Attendance.py:342: DeprecationWarning: The argument video_transformer_factory is deprecated. Use video_processor_factory instead.
See https://github.com/whitphx/streamlit-webrtc#for-users-since-versions-020
  webrtc_ctx = webrtc_streamer(
C:\Users\gokul krishana\OneDrive\Desktop\FaceRecognitionAI\dashboard\pages\05_Attendance.py:342: DeprecationWarning: The argument video_transformer_factory is deprecated. Use video_processor_factory instead.
See https://github.com/whitphx/streamlit-webrtc#for-users-since-versions-020
  webrtc_ctx = webrtc_streamer(
C:\Users\gokul krishana\OneDrive\Desktop\FaceRecognitionAI\dashboard\pages\05_Attendance.py:342: DeprecationWarning: The argument video_transformer_factory is deprecated. Use video_processor_factory instead.
See https://github.com/whitphx/streamlit-webrtc#for-users-since-versions-020
  webrtc_ctx = webrtc_streamer(
C:\Users\gokul krishana\OneDrive\Desktop\FaceRecognitionAI\dashboard\pages\05_Attendance.py:342: DeprecationWarning: The argument video_transformer_factory is deprecated. Use video_processor_factory instead.
See https://github.com/whitphx/streamlit-webrtc#for-users-since-versions-020
  webrtc_ctx = webrtc_streamer(
C:\Users\gokul krishana\OneDrive\Desktop\FaceRecognitionAI\dashboard\pages\05_Attendance.py:342: DeprecationWarning: The argument video_transformer_factory is deprecated. Use video_processor_factory instead.
See https://github.com/whitphx/streamlit-webrtc#for-users-since-versions-020
  webrtc_ctx = webrtc_streamer(
C:\Users\gokul krishana\OneDrive\Desktop\FaceRecognitionAI\dashboard\pages\05_Attendance.py:342: DeprecationWarning: The argument video_transformer_factory is deprecated. Use video_processor_factory instead.
See https://github.com/whitphx/streamlit-webrtc#for-users-since-versions-020
  webrtc_ctx = webrtc_streamer(
C:\Users\gokul krishana\OneDrive\Desktop\FaceRecognitionAI\dashboard\pages\05_Attendance.py:342: DeprecationWarning: The argument video_transformer_factory is deprecated. Use video_processor_factory instead.
See https://github.com/whitphx/streamlit-webrtc#for-users-since-versions-020
  webrtc_ctx = webrtc_streamer(
C:\Users\gokul krishana\OneDrive\Desktop\FaceRecognitionAI\dashboard\pages\05_Attendance.py:342: DeprecationWarning: The argument video_transformer_factory is deprecated. Use video_processor_factory instead.
See https://github.com/whitphx/streamlit-webrtc#for-users-since-versions-020
  webrtc_ctx = webrtc_streamer(
C:\Users\gokul krishana\OneDrive\Desktop\FaceRecognitionAI\dashboard\pages\05_Attendance.py:342: DeprecationWarning: The argument video_transformer_factory is deprecated. Use video_processor_factory instead.
See https://github.com/whitphx/streamlit-webrtc#for-users-since-versions-020
  webrtc_ctx = webrtc_streamer(
[ WARN:7@2142.620] global cap.cpp:344 cv::VideoCapture::open VIDEOIO(DSHOW): backend is generally available but can't be used to capture by index
[ WARN:7@2142.622] global cap.cpp:344 cv::VideoCapture::open VIDEOIO(DSHOW): backend is generally available but can't be used to capture by index
[ WARN:7@2142.625] global cap.cpp:344 cv::VideoCapture::open VIDEOIO(DSHOW): backend is generally available but can't be used to capture by index
[ WARN:7@2142.627] global cap.cpp:344 cv::VideoCapture::open VIDEOIO(DSHOW): backend is generally available but can't be used to capture by index
C:\Users\gokul krishana\AppData\Local\Programs\Python\Python312\Lib\site-packages\insightface\utils\face_align.py:23: FutureWarning: `estimate` is deprecated since version 0.26 and will be removed in version 2.2. Please use `SimilarityTransform.from_estimate` class constructor instead.
  tform.estimate(lmk, dst)
C:\Users\gokul krishana\OneDrive\Desktop\FaceRecognitionAI\dashboard\pages\05_Attendance.py:342: DeprecationWarning: The argument video_transformer_factory is deprecated. Use video_processor_factory instead.
See https://github.com/whitphx/streamlit-webrtc#for-users-since-versions-020
  webrtc_ctx = webrtc_streamer(
C:\Users\gokul krishana\AppData\Local\Programs\Python\Python312\Lib\site-packages\insightface\utils\face_align.py:23: FutureWarning: `estimate` is deprecated since version 0.26 and will be removed in version 2.2. Please use `SimilarityTransform.from_estimate` class constructor instead.
  tform.estimate(lmk, dst)
C:\Users\gokul krishana\OneDrive\Desktop\FaceRecognitionAI\dashboard\pages\05_Attendance.py:342: DeprecationWarning: The argument video_transformer_factory is deprecated. Use video_processor_factory instead.
See https://github.com/whitphx/streamlit-webrtc#for-users-since-versions-020
  webrtc_ctx = webrtc_streamer(
C:\Users\gokul krishana\OneDrive\Desktop\FaceRecognitionAI\dashboard\pages\05_Attendance.py:342: DeprecationWarning: The argument video_transformer_factory is deprecated. Use video_processor_factory instead.
See https://github.com/whitphx/streamlit-webrtc#for-users-since-versions-020
  webrtc_ctx = webrtc_streamer(
C:\Users\gokul krishana\OneDrive\Desktop\FaceRecognitionAI\dashboard\pages\05_Attendance.py:342: DeprecationWarning: The argument video_transformer_factory is deprecated. Use video_processor_factory instead.
See https://github.com/whitphx/streamlit-webrtc#for-users-since-versions-020
  webrtc_ctx = webrtc_streamer(
C:\Users\gokul krishana\OneDrive\Desktop\FaceRecognitionAI\dashboard\pages\05_Attendance.py:342: DeprecationWarning: The argument video_transformer_factory is deprecated. Use video_processor_factory instead.
See https://github.com/whitphx/streamlit-webrtc#for-users-since-versions-020
  webrtc_ctx = webrtc_streamer(
C:\Users\gokul krishana\OneDrive\Desktop\FaceRecognitionAI\dashboard\pages\05_Attendance.py:342: DeprecationWarning: The argument video_transformer_factory is deprecated. Use video_processor_factory instead.
See https://github.com/whitphx/streamlit-webrtc#for-users-since-versions-020
  webrtc_ctx = webrtc_streamer(
C:\Users\gokul krishana\OneDrive\Desktop\FaceRecognitionAI\dashboard\pages\05_Attendance.py:342: DeprecationWarning: The argument video_transformer_factory is deprecated. Use video_processor_factory instead.
See https://github.com/whitphx/streamlit-webrtc#for-users-since-versions-020
  webrtc_ctx = webrtc_streamer(
C:\Users\gokul krishana\OneDrive\Desktop\FaceRecognitionAI\dashboard\pages\05_Attendance.py:342: DeprecationWarning: The argument video_transformer_factory is deprecated. Use video_processor_factory instead.
See https://github.com/whitphx/streamlit-webrtc#for-users-since-versions-020
  webrtc_ctx = webrtc_streamer(
C:\Users\gokul krishana\OneDrive\Desktop\FaceRecognitionAI\dashboard\pages\05_Attendance.py:342: DeprecationWarning: The argument video_transformer_factory is deprecated. Use video_processor_factory instead.
See https://github.com/whitphx/streamlit-webrtc#for-users-since-versions-020
  webrtc_ctx = webrtc_streamer(
C:\Users\gokul krishana\OneDrive\Desktop\FaceRecognitionAI\dashboard\pages\05_Attendance.py:342: DeprecationWarning: The argument video_transformer_factory is deprecated. Use video_processor_factory instead.
See https://github.com/whitphx/streamlit-webrtc#for-users-since-versions-020
  webrtc_ctx = webrtc_streamer(
C:\Users\gokul krishana\OneDrive\Desktop\FaceRecognitionAI\dashboard\pages\05_Attendance.py:342: DeprecationWarning: The argument video_transformer_factory is deprecated. Use video_processor_factory instead.
See https://github.com/whitphx/streamlit-webrtc#for-users-since-versions-020
  webrtc_ctx = webrtc_streamer(
C:\Users\gokul krishana\OneDrive\Desktop\FaceRecognitionAI\dashboard\pages\05_Attendance.py:342: DeprecationWarning: The argument video_transformer_factory is deprecated. Use video_processor_factory instead.
See https://github.com/whitphx/streamlit-webrtc#for-users-since-versions-020
  webrtc_ctx = webrtc_streamer(
C:\Users\gokul krishana\OneDrive\Desktop\FaceRecognitionAI\dashboard\pages\05_Attendance.py:342: DeprecationWarning: The argument video_transformer_factory is deprecated. Use video_processor_factory instead.
See https://github.com/whitphx/streamlit-webrtc#for-users-since-versions-020
  webrtc_ctx = webrtc_streamer(
C:\Users\gokul krishana\OneDrive\Desktop\FaceRecognitionAI\dashboard\pages\05_Attendance.py:342: DeprecationWarning: The argument video_transformer_factory is deprecated. Use video_processor_factory instead.
See https://github.com/whitphx/streamlit-webrtc#for-users-since-versions-020
  webrtc_ctx = webrtc_streamer(
C:\Users\gokul krishana\OneDrive\Desktop\FaceRecognitionAI\dashboard\pages\05_Attendance.py:342: DeprecationWarning: The argument video_transformer_factory is deprecated. Use video_processor_factory instead.
See https://github.com/whitphx/streamlit-webrtc#for-users-since-versions-020
  webrtc_ctx = webrtc_streamer(
C:\Users\gokul krishana\OneDrive\Desktop\FaceRecognitionAI\dashboard\pages\05_Attendance.py:342: DeprecationWarning: The argument video_transformer_factory is deprecated. Use video_processor_factory instead.
See https://github.com/whitphx/streamlit-webrtc#for-users-since-versions-020
  webrtc_ctx = webrtc_streamer(
C:\Users\gokul krishana\OneDrive\Desktop\FaceRecognitionAI\dashboard\pages\05_Attendance.py:342: DeprecationWarning: The argument video_transformer_factory is deprecated. Use video_processor_factory instead.
See https://github.com/whitphx/streamlit-webrtc#for-users-since-versions-020
  webrtc_ctx = webrtc_streamer(
C:\Users\gokul krishana\OneDrive\Desktop\FaceRecognitionAI\dashboard\pages\05_Attendance.py:342: DeprecationWarning: The argument video_transformer_factory is deprecated. Use video_processor_factory instead.
See https://github.com/whitphx/streamlit-webrtc#for-users-since-versions-020
  webrtc_ctx = webrtc_streamer(
C:\Users\gokul krishana\OneDrive\Desktop\FaceRecognitionAI\dashboard\pages\05_Attendance.py:342: DeprecationWarning: The argument video_transformer_factory is deprecated. Use video_processor_factory instead.
See https://github.com/whitphx/streamlit-webrtc#for-users-since-versions-020
  webrtc_ctx = webrtc_streamer(
C:\Users\gokul krishana\OneDrive\Desktop\FaceRecognitionAI\dashboard\pages\05_Attendance.py:342: DeprecationWarning: The argument video_transformer_factory is deprecated. Use video_processor_factory instead.
See https://github.com/whitphx/streamlit-webrtc#for-users-since-versions-020
  webrtc_ctx = webrtc_streamer(
C:\Users\gokul krishana\OneDrive\Desktop\FaceRecognitionAI\dashboard\pages\05_Attendance.py:342: DeprecationWarning: The argument video_transformer_factory is deprecated. Use video_processor_factory instead.
See https://github.com/whitphx/streamlit-webrtc#for-users-since-versions-020
  webrtc_ctx = webrtc_streamer(
C:\Users\gokul krishana\OneDrive\Desktop\FaceRecognitionAI\dashboard\pages\05_Attendance.py:342: DeprecationWarning: The argument video_transformer_factory is deprecated. Use video_processor_factory instead.
See https://github.com/whitphx/streamlit-webrtc#for-users-since-versions-020
  webrtc_ctx = webrtc_streamer(
C:\Users\gokul krishana\OneDrive\Desktop\FaceRecognitionAI\dashboard\pages\05_Attendance.py:342: DeprecationWarning: The argument video_transformer_factory is deprecated. Use video_processor_factory instead.
See https://github.com/whitphx/streamlit-webrtc#for-users-since-versions-020
  webrtc_ctx = webrtc_streamer(
[ WARN:8@2204.712] global cap.cpp:344 cv::VideoCapture::open VIDEOIO(DSHOW): backend is generally available but can't be used to capture by index
C:\Users\gokul krishana\OneDrive\Desktop\FaceRecognitionAI\dashboard\pages\05_Attendance.py:342: DeprecationWarning: The argument video_transformer_factory is deprecated. Use video_processor_factory instead.
See https://github.com/whitphx/streamlit-webrtc#for-users-since-versions-020
  webrtc_ctx = webrtc_streamer(
[ WARN:8@2204.716] global cap.cpp:344 cv::VideoCapture::open VIDEOIO(DSHOW): backend is generally available but can't be used to capture by index
[ WARN:8@2204.719] global cap.cpp:344 cv::VideoCapture::open VIDEOIO(DSHOW): backend is generally available but can't be used to capture by index
[ WARN:8@2204.723] global cap.cpp:344 cv::VideoCapture::open VIDEOIO(DSHOW): backend is generally available but can't be used to capture by index
C:\Users\gokul krishana\OneDrive\Desktop\FaceRecognitionAI\dashboard\pages\05_Attendance.py:342: DeprecationWarning: The argument video_transformer_factory is deprecated. Use video_processor_factory instead.
See https://github.com/whitphx/streamlit-webrtc#for-users-since-versions-020
  webrtc_ctx = webrtc_streamer(
C:\Users\gokul krishana\OneDrive\Desktop\FaceRecognitionAI\dashboard\pages\05_Attendance.py:342: DeprecationWarning: The argument video_transformer_factory is deprecated. Use video_processor_factory instead.
See https://github.com/whitphx/streamlit-webrtc#for-users-since-versions-020
  webrtc_ctx = webrtc_streamer(
C:\Users\gokul krishana\OneDrive\Desktop\FaceRecognitionAI\dashboard\pages\05_Attendance.py:342: DeprecationWarning: The argument video_transformer_factory is deprecated. Use video_processor_factory instead.
See https://github.com/whitphx/streamlit-webrtc#for-users-since-versions-020
  webrtc_ctx = webrtc_streamer(
C:\Users\gokul krishana\OneDrive\Desktop\FaceRecognitionAI\dashboard\pages\05_Attendance.py:342: DeprecationWarning: The argument video_transformer_factory is deprecated. Use video_processor_factory instead.
See https://github.com/whitphx/streamlit-webrtc#for-users-since-versions-020
  webrtc_ctx = webrtc_streamer(
C:\Users\gokul krishana\OneDrive\Desktop\FaceRecognitionAI\dashboard\pages\05_Attendance.py:342: DeprecationWarning: The argument video_transformer_factory is deprecated. Use video_processor_factory instead.
See https://github.com/whitphx/streamlit-webrtc#for-users-since-versions-020
  webrtc_ctx = webrtc_streamer(
C:\Users\gokul krishana\OneDrive\Desktop\FaceRecognitionAI\dashboard\pages\05_Attendance.py:342: DeprecationWarning: The argument video_transformer_factory is deprecated. Use video_processor_factory instead.
See https://github.com/whitphx/streamlit-webrtc#for-users-since-versions-020
  webrtc_ctx = webrtc_streamer(
C:\Users\gokul krishana\OneDrive\Desktop\FaceRecognitionAI\dashboard\pages\05_Attendance.py:342: DeprecationWarning: The argument video_transformer_factory is deprecated. Use video_processor_factory instead.
See https://github.com/whitphx/streamlit-webrtc#for-users-since-versions-020
  webrtc_ctx = webrtc_streamer(
C:\Users\gokul krishana\OneDrive\Desktop\FaceRecognitionAI\dashboard\pages\05_Attendance.py:342: DeprecationWarning: The argument video_transformer_factory is deprecated. Use video_processor_factory instead.
See https://github.com/whitphx/streamlit-webrtc#for-users-since-versions-020
  webrtc_ctx = webrtc_streamer(
C:\Users\gokul krishana\OneDrive\Desktop\FaceRecognitionAI\dashboard\pages\05_Attendance.py:342: DeprecationWarning: The argument video_transformer_factory is deprecated. Use video_processor_factory instead.
See https://github.com/whitphx/streamlit-webrtc#for-users-since-versions-020
  webrtc_ctx = webrtc_streamer(
C:\Users\gokul krishana\OneDrive\Desktop\FaceRecognitionAI\dashboard\pages\05_Attendance.py:342: DeprecationWarning: The argument video_transformer_factory is deprecated. Use video_processor_factory instead.
See https://github.com/whitphx/streamlit-webrtc#for-users-since-versions-020
  webrtc_ctx = webrtc_streamer(
C:\Users\gokul krishana\OneDrive\Desktop\FaceRecognitionAI\dashboard\pages\05_Attendance.py:342: DeprecationWarning: The argument video_transformer_factory is deprecated. Use video_processor_factory instead.
See https://github.com/whitphx/streamlit-webrtc#for-users-since-versions-020
  webrtc_ctx = webrtc_streamer(
C:\Users\gokul krishana\OneDrive\Desktop\FaceRecognitionAI\dashboard\pages\05_Attendance.py:342: DeprecationWarning: The argument video_transformer_factory is deprecated. Use video_processor_factory instead.
See https://github.com/whitphx/streamlit-webrtc#for-users-since-versions-020
  webrtc_ctx = webrtc_streamer(
C:\Users\gokul krishana\OneDrive\Desktop\FaceRecognitionAI\dashboard\pages\05_Attendance.py:342: DeprecationWarning: The argument video_transformer_factory is deprecated. Use video_processor_factory instead.
See https://github.com/whitphx/streamlit-webrtc#for-users-since-versions-020
  webrtc_ctx = webrtc_streamer(
C:\Users\gokul krishana\OneDrive\Desktop\FaceRecognitionAI\dashboard\pages\05_Attendance.py:342: DeprecationWarning: The argument video_transformer_factory is deprecated. Use video_processor_factory instead.
See https://github.com/whitphx/streamlit-webrtc#for-users-since-versions-020
  webrtc_ctx = webrtc_streamer(
C:\Users\gokul krishana\OneDrive\Desktop\FaceRecognitionAI\dashboard\pages\05_Attendance.py:342: DeprecationWarning: The argument video_transformer_factory is deprecated. Use video_processor_factory instead.
See https://github.com/whitphx/streamlit-webrtc#for-users-since-versions-020
  webrtc_ctx = webrtc_streamer(
C:\Users\gokul krishana\OneDrive\Desktop\FaceRecognitionAI\dashboard\pages\05_Attendance.py:342: DeprecationWarning: The argument video_transformer_factory is deprecated. Use video_processor_factory instead.
See https://github.com/whitphx/streamlit-webrtc#for-users-since-versions-020
  webrtc_ctx = webrtc_streamer(
C:\Users\gokul krishana\OneDrive\Desktop\FaceRecognitionAI\dashboard\pages\05_Attendance.py:342: DeprecationWarning: The argument video_transformer_factory is deprecated. Use video_processor_factory instead.
See https://github.com/whitphx/streamlit-webrtc#for-users-since-versions-020
  webrtc_ctx = webrtc_streamer(
C:\Users\gokul krishana\OneDrive\Desktop\FaceRecognitionAI\dashboard\pages\05_Attendance.py:342: DeprecationWarning: The argument video_transformer_factory is deprecated. Use video_processor_factory instead.
See https://github.com/whitphx/streamlit-webrtc#for-users-since-versions-020
  webrtc_ctx = webrtc_streamer(
C:\Users\gokul krishana\OneDrive\Desktop\FaceRecognitionAI\dashboard\pages\05_Attendance.py:342: DeprecationWarning: The argument video_transformer_factory is deprecated. Use video_processor_factory instead.
See https://github.com/whitphx/streamlit-webrtc#for-users-since-versions-020
  webrtc_ctx = webrtc_streamer(
C:\Users\gokul krishana\OneDrive\Desktop\FaceRecognitionAI\dashboard\pages\05_Attendance.py:342: DeprecationWarning: The argument video_transformer_factory is deprecated. Use video_processor_factory instead.
See https://github.com/whitphx/streamlit-webrtc#for-users-since-versions-020
  webrtc_ctx = webrtc_streamer(
C:\Users\gokul krishana\OneDrive\Desktop\FaceRecognitionAI\dashboard\pages\05_Attendance.py:342: DeprecationWarning: The argument video_transformer_factory is deprecated. Use video_processor_factory instead.
See https://github.com/whitphx/streamlit-webrtc#for-users-since-versions-020
  webrtc_ctx = webrtc_streamer(
C:\Users\gokul krishana\OneDrive\Desktop\FaceRecognitionAI\dashboard\pages\05_Attendance.py:342: DeprecationWarning: The argument video_transformer_factory is deprecated. Use video_processor_factory instead.
See https://github.com/whitphx/streamlit-webrtc#for-users-since-versions-020
  webrtc_ctx = webrtc_streamer(
C:\Users\gokul krishana\OneDrive\Desktop\FaceRecognitionAI\dashboard\pages\05_Attendance.py:342: DeprecationWarning: The argument video_transformer_factory is deprecated. Use video_processor_factory instead.
See https://github.com/whitphx/streamlit-webrtc#for-users-since-versions-020
  webrtc_ctx = webrtc_streamer(
C:\Users\gokul krishana\OneDrive\Desktop\FaceRecognitionAI\dashboard\pages\05_Attendance.py:342: DeprecationWarning: The argument video_transformer_factory is deprecated. Use video_processor_factory instead.
See https://github.com/whitphx/streamlit-webrtc#for-users-since-versions-020
  webrtc_ctx = webrtc_streamer(
C:\Users\gokul krishana\OneDrive\Desktop\FaceRecognitionAI\dashboard\pages\05_Attendance.py:342: DeprecationWarning: The argument video_transformer_factory is deprecated. Use video_processor_factory instead.
See https://github.com/whitphx/streamlit-webrtc#for-users-since-versions-020
  webrtc_ctx = webrtc_streamer(
C:\Users\gokul krishana\OneDrive\Desktop\FaceRecognitionAI\dashboard\pages\05_Attendance.py:342: DeprecationWarning: The argument video_transformer_factory is deprecated. Use video_processor_factory instead.
See https://github.com/whitphx/streamlit-webrtc#for-users-since-versions-020
  webrtc_ctx = webrtc_streamer(
C:\Users\gokul krishana\OneDrive\Desktop\FaceRecognitionAI\dashboard\pages\05_Attendance.py:342: DeprecationWarning: The argument video_transformer_factory is deprecated. Use video_processor_factory instead.
See https://github.com/whitphx/streamlit-webrtc#for-users-since-versions-020
  webrtc_ctx = webrtc_streamer(
C:\Users\gokul krishana\OneDrive\Desktop\FaceRecognitionAI\dashboard\pages\05_Attendance.py:342: DeprecationWarning: The argument video_transformer_factory is deprecated. Use video_processor_factory instead.
See https://github.com/whitphx/streamlit-webrtc#for-users-since-versions-020
  webrtc_ctx = webrtc_streamer(
C:\Users\gokul krishana\OneDrive\Desktop\FaceRecognitionAI\dashboard\pages\05_Attendance.py:342: DeprecationWarning: The argument video_transformer_factory is deprecated. Use video_processor_factory instead.
See https://github.com/whitphx/streamlit-webrtc#for-users-since-versions-020
  webrtc_ctx = webrtc_streamer(
C:\Users\gokul krishana\OneDrive\Desktop\FaceRecognitionAI\dashboard\pages\05_Attendance.py:342: DeprecationWarning: The argument video_transformer_factory is deprecated. Use video_processor_factory instead.
See https://github.com/whitphx/streamlit-webrtc#for-users-since-versions-020
  webrtc_ctx = webrtc_streamer(
C:\Users\gokul krishana\OneDrive\Desktop\FaceRecognitionAI\dashboard\pages\05_Attendance.py:342: DeprecationWarning: The argument video_transformer_factory is deprecated. Use video_processor_factory instead.
See https://github.com/whitphx/streamlit-webrtc#for-users-since-versions-020
  webrtc_ctx = webrtc_streamer(
C:\Users\gokul krishana\OneDrive\Desktop\FaceRecognitionAI\dashboard\pages\05_Attendance.py:342: DeprecationWarning: The argument video_transformer_factory is deprecated. Use video_processor_factory instead.
See https://github.com/whitphx/streamlit-webrtc#for-users-since-versions-020
  webrtc_ctx = webrtc_streamer(
C:\Users\gokul krishana\OneDrive\Desktop\FaceRecognitionAI\dashboard\pages\05_Attendance.py:342: DeprecationWarning: The argument video_transformer_factory is deprecated. Use video_processor_factory instead.
See https://github.com/whitphx/streamlit-webrtc#for-users-since-versions-020
  webrtc_ctx = webrtc_streamer(
C:\Users\gokul krishana\OneDrive\Desktop\FaceRecognitionAI\dashboard\pages\05_Attendance.py:342: DeprecationWarning: The argument video_transformer_factory is deprecated. Use video_processor_factory instead.
See https://github.com/whitphx/streamlit-webrtc#for-users-since-versions-020
  webrtc_ctx = webrtc_streamer(
C:\Users\gokul krishana\OneDrive\Desktop\FaceRecognitionAI\dashboard\pages\05_Attendance.py:342: DeprecationWarning: The argument video_transformer_factory is deprecated. Use video_processor_factory instead.
See https://github.com/whitphx/streamlit-webrtc#for-users-since-versions-020
  webrtc_ctx = webrtc_streamer(
C:\Users\gokul krishana\OneDrive\Desktop\FaceRecognitionAI\dashboard\pages\05_Attendance.py:342: DeprecationWarning: The argument video_transformer_factory is deprecated. Use video_processor_factory instead.
See https://github.com/whitphx/streamlit-webrtc#for-users-since-versions-020
  webrtc_ctx = webrtc_streamer(
C:\Users\gokul krishana\OneDrive\Desktop\FaceRecognitionAI\dashboard\pages\05_Attendance.py:342: DeprecationWarning: The argument video_transformer_factory is deprecated. Use video_processor_factory instead.
See https://github.com/whitphx/streamlit-webrtc#for-users-since-versions-020
  webrtc_ctx = webrtc_streamer(
C:\Users\gokul krishana\OneDrive\Desktop\FaceRecognitionAI\dashboard\pages\05_Attendance.py:342: DeprecationWarning: The argument video_transformer_factory is deprecated. Use video_processor_factory instead.
See https://github.com/whitphx/streamlit-webrtc#for-users-since-versions-020
  webrtc_ctx = webrtc_streamer(
C:\Users\gokul krishana\OneDrive\Desktop\FaceRecognitionAI\dashboard\pages\05_Attendance.py:342: DeprecationWarning: The argument video_transformer_factory is deprecated. Use video_processor_factory instead.
See https://github.com/whitphx/streamlit-webrtc#for-users-since-versions-020
  webrtc_ctx = webrtc_streamer(
C:\Users\gokul krishana\OneDrive\Desktop\FaceRecognitionAI\dashboard\pages\05_Attendance.py:342: DeprecationWarning: The argument video_transformer_factory is deprecated. Use video_processor_factory instead.
See https://github.com/whitphx/streamlit-webrtc#for-users-since-versions-020
  webrtc_ctx = webrtc_streamer(
C:\Users\gokul krishana\OneDrive\Desktop\FaceRecognitionAI\dashboard\pages\05_Attendance.py:342: DeprecationWarning: The argument video_transformer_factory is deprecated. Use video_processor_factory instead.
See https://github.com/whitphx/streamlit-webrtc#for-users-since-versions-020
  webrtc_ctx = webrtc_streamer(
C:\Users\gokul krishana\OneDrive\Desktop\FaceRecognitionAI\dashboard\pages\05_Attendance.py:342: DeprecationWarning: The argument video_transformer_factory is deprecated. Use video_processor_factory instead.
See https://github.com/whitphx/streamlit-webrtc#for-users-since-versions-020
  webrtc_ctx = webrtc_streamer(
C:\Users\gokul krishana\OneDrive\Desktop\FaceRecognitionAI\dashboard\pages\05_Attendance.py:342: DeprecationWarning: The argument video_transformer_factory is deprecated. Use video_processor_factory instead.
See https://github.com/whitphx/streamlit-webrtc#for-users-since-versions-020
  webrtc_ctx = webrtc_streamer(
C:\Users\gokul krishana\OneDrive\Desktop\FaceRecognitionAI\dashboard\pages\05_Attendance.py:342: DeprecationWarning: The argument video_transformer_factory is deprecated. Use video_processor_factory instead.
See https://github.com/whitphx/streamlit-webrtc#for-users-since-versions-020
  webrtc_ctx = webrtc_streamer(
C:\Users\gokul krishana\OneDrive\Desktop\FaceRecognitionAI\dashboard\pages\05_Attendance.py:342: DeprecationWarning: The argument video_transformer_factory is deprecated. Use video_processor_factory instead.
See https://github.com/whitphx/streamlit-webrtc#for-users-since-versions-020
  webrtc_ctx = webrtc_streamer(
C:\Users\gokul krishana\OneDrive\Desktop\FaceRecognitionAI\dashboard\pages\05_Attendance.py:342: DeprecationWarning: The argument video_transformer_factory is deprecated. Use video_processor_factory instead.
See https://github.com/whitphx/streamlit-webrtc#for-users-since-versions-020
  webrtc_ctx = webrtc_streamer(
C:\Users\gokul krishana\OneDrive\Desktop\FaceRecognitionAI\dashboard\pages\05_Attendance.py:342: DeprecationWarning: The argument video_transformer_factory is deprecated. Use video_processor_factory instead.
See https://github.com/whitphx/streamlit-webrtc#for-users-since-versions-020
  webrtc_ctx = webrtc_streamer(
C:\Users\gokul krishana\OneDrive\Desktop\FaceRecognitionAI\dashboard\pages\05_Attendance.py:342: DeprecationWarning: The argument video_transformer_factory is deprecated. Use video_processor_factory instead.
See https://github.com/whitphx/streamlit-webrtc#for-users-since-versions-020
  webrtc_ctx = webrtc_streamer(
C:\Users\gokul krishana\OneDrive\Desktop\FaceRecognitionAI\dashboard\pages\05_Attendance.py:342: DeprecationWarning: The argument video_transformer_factory is deprecated. Use video_processor_factory instead.
See https://github.com/whitphx/streamlit-webrtc#for-users-since-versions-020
  webrtc_ctx = webrtc_streamer(
C:\Users\gokul krishana\OneDrive\Desktop\FaceRecognitionAI\dashboard\pages\05_Attendance.py:342: DeprecationWarning: The argument video_transformer_factory is deprecated. Use video_processor_factory instead.
See https://github.com/whitphx/streamlit-webrtc#for-users-since-versions-020
  webrtc_ctx = webrtc_streamer(
C:\Users\gokul krishana\OneDrive\Desktop\FaceRecognitionAI\dashboard\pages\05_Attendance.py:342: DeprecationWarning: The argument video_transformer_factory is deprecated. Use video_processor_factory instead.
See https://github.com/whitphx/streamlit-webrtc#for-users-since-versions-020
  webrtc_ctx = webrtc_streamer(
C:\Users\gokul krishana\OneDrive\Desktop\FaceRecognitionAI\dashboard\pages\05_Attendance.py:342: DeprecationWarning: The argument video_transformer_factory is deprecated. Use video_processor_factory instead.
See https://github.com/whitphx/streamlit-webrtc#for-users-since-versions-020
  webrtc_ctx = webrtc_streamer(
C:\Users\gokul krishana\OneDrive\Desktop\FaceRecognitionAI\dashboard\pages\05_Attendance.py:342: DeprecationWarning: The argument video_transformer_factory is deprecated. Use video_processor_factory instead.
See https://github.com/whitphx/streamlit-webrtc#for-users-since-versions-020
  webrtc_ctx = webrtc_streamer(
C:\Users\gokul krishana\OneDrive\Desktop\FaceRecognitionAI\dashboard\pages\05_Attendance.py:342: DeprecationWarning: The argument video_transformer_factory is deprecated. Use video_processor_factory instead.
See https://github.com/whitphx/streamlit-webrtc#for-users-since-versions-020
  webrtc_ctx = webrtc_streamer(
C:\Users\gokul krishana\OneDrive\Desktop\FaceRecognitionAI\dashboard\pages\05_Attendance.py:342: DeprecationWarning: The argument video_transformer_factory is deprecated. Use video_processor_factory instead.
See https://github.com/whitphx/streamlit-webrtc#for-users-since-versions-020
  webrtc_ctx = webrtc_streamer(
C:\Users\gokul krishana\OneDrive\Desktop\FaceRecognitionAI\dashboard\pages\05_Attendance.py:342: DeprecationWarning: The argument video_transformer_factory is deprecated. Use video_processor_factory instead.
See https://github.com/whitphx/streamlit-webrtc#for-users-since-versions-020
  webrtc_ctx = webrtc_streamer(
C:\Users\gokul krishana\OneDrive\Desktop\FaceRecognitionAI\dashboard\pages\05_Attendance.py:342: DeprecationWarning: The argument video_transformer_factory is deprecated. Use video_processor_factory instead.
See https://github.com/whitphx/streamlit-webrtc#for-users-since-versions-020
  webrtc_ctx = webrtc_streamer(
C:\Users\gokul krishana\OneDrive\Desktop\FaceRecognitionAI\dashboard\pages\05_Attendance.py:342: DeprecationWarning: The argument video_transformer_factory is deprecated. Use video_processor_factory instead.
See https://github.com/whitphx/streamlit-webrtc#for-users-since-versions-020
  webrtc_ctx = webrtc_streamer(
C:\Users\gokul krishana\OneDrive\Desktop\FaceRecognitionAI\dashboard\pages\05_Attendance.py:342: DeprecationWarning: The argument video_transformer_factory is deprecated. Use video_processor_factory instead.
See https://github.com/whitphx/streamlit-webrtc#for-users-since-versions-020
  webrtc_ctx = webrtc_streamer(
C:\Users\gokul krishana\OneDrive\Desktop\FaceRecognitionAI\dashboard\pages\05_Attendance.py:342: DeprecationWarning: The argument video_transformer_factory is deprecated. Use video_processor_factory instead.
See https://github.com/whitphx/streamlit-webrtc#for-users-since-versions-020
  webrtc_ctx = webrtc_streamer(
C:\Users\gokul krishana\OneDrive\Desktop\FaceRecognitionAI\dashboard\pages\05_Attendance.py:342: DeprecationWarning: The argument video_transformer_factory is deprecated. Use video_processor_factory instead.
See https://github.com/whitphx/streamlit-webrtc#for-users-since-versions-020
  webrtc_ctx = webrtc_streamer(
C:\Users\gokul krishana\OneDrive\Desktop\FaceRecognitionAI\dashboard\pages\05_Attendance.py:342: DeprecationWarning: The argument video_transformer_factory is deprecated. Use video_processor_factory instead.
See https://github.com/whitphx/streamlit-webrtc#for-users-since-versions-020
  webrtc_ctx = webrtc_streamer(
C:\Users\gokul krishana\OneDrive\Desktop\FaceRecognitionAI\dashboard\pages\05_Attendance.py:342: DeprecationWarning: The argument video_transformer_factory is deprecated. Use video_processor_factory instead.
See https://github.com/whitphx/streamlit-webrtc#for-users-since-versions-020
  webrtc_ctx = webrtc_streamer(
C:\Users\gokul krishana\OneDrive\Desktop\FaceRecognitionAI\dashboard\pages\05_Attendance.py:342: DeprecationWarning: The argument video_transformer_factory is deprecated. Use video_processor_factory instead.
See https://github.com/whitphx/streamlit-webrtc#for-users-since-versions-020
  webrtc_ctx = webrtc_streamer(
C:\Users\gokul krishana\OneDrive\Desktop\FaceRecognitionAI\dashboard\pages\05_Attendance.py:342: DeprecationWarning: The argument video_transformer_factory is deprecated. Use video_processor_factory instead.
See https://github.com/whitphx/streamlit-webrtc#for-users-since-versions-020
  webrtc_ctx = webrtc_streamer(
C:\Users\gokul krishana\OneDrive\Desktop\FaceRecognitionAI\dashboard\pages\05_Attendance.py:342: DeprecationWarning: The argument video_transformer_factory is deprecated. Use video_processor_factory instead.
See https://github.com/whitphx/streamlit-webrtc#for-users-since-versions-020
  webrtc_ctx = webrtc_streamer(
C:\Users\gokul krishana\OneDrive\Desktop\FaceRecognitionAI\dashboard\pages\05_Attendance.py:342: DeprecationWarning: The argument video_transformer_factory is deprecated. Use video_processor_factory instead.
See https://github.com/whitphx/streamlit-webrtc#for-users-since-versions-020
  webrtc_ctx = webrtc_streamer(
C:\Users\gokul krishana\OneDrive\Desktop\FaceRecognitionAI\dashboard\pages\05_Attendance.py:342: DeprecationWarning: The argument video_transformer_factory is deprecated. Use video_processor_factory instead.
See https://github.com/whitphx/streamlit-webrtc#for-users-since-versions-020
  webrtc_ctx = webrtc_streamer(
C:\Users\gokul krishana\OneDrive\Desktop\FaceRecognitionAI\dashboard\pages\05_Attendance.py:342: DeprecationWarning: The argument video_transformer_factory is deprecated. Use video_processor_factory instead.
See https://github.com/whitphx/streamlit-webrtc#for-users-since-versions-020
  webrtc_ctx = webrtc_streamer(
C:\Users\gokul krishana\OneDrive\Desktop\FaceRecognitionAI\dashboard\pages\05_Attendance.py:342: DeprecationWarning: The argument video_transformer_factory is deprecated. Use video_processor_factory instead.
See https://github.com/whitphx/streamlit-webrtc#for-users-since-versions-020
  webrtc_ctx = webrtc_streamer(
C:\Users\gokul krishana\OneDrive\Desktop\FaceRecognitionAI\dashboard\pages\05_Attendance.py:342: DeprecationWarning: The argument video_transformer_factory is deprecated. Use video_processor_factory instead.
See https://github.com/whitphx/streamlit-webrtc#for-users-since-versions-020
  webrtc_ctx = webrtc_streamer(
C:\Users\gokul krishana\OneDrive\Desktop\FaceRecognitionAI\dashboard\pages\05_Attendance.py:342: DeprecationWarning: The argument video_transformer_factory is deprecated. Use video_processor_factory instead.
See https://github.com/whitphx/streamlit-webrtc#for-users-since-versions-020
  webrtc_ctx = webrtc_streamer(
C:\Users\gokul krishana\OneDrive\Desktop\FaceRecognitionAI\dashboard\pages\05_Attendance.py:342: DeprecationWarning: The argument video_transformer_factory is deprecated. Use video_processor_factory instead.
See https://github.com/whitphx/streamlit-webrtc#for-users-since-versions-020
  webrtc_ctx = webrtc_streamer(
C:\Users\gokul krishana\OneDrive\Desktop\FaceRecognitionAI\dashboard\pages\05_Attendance.py:342: DeprecationWarning: The argument video_transformer_factory is deprecated. Use video_processor_factory instead.
See https://github.com/whitphx/streamlit-webrtc#for-users-since-versions-020
  webrtc_ctx = webrtc_streamer(
C:\Users\gokul krishana\OneDrive\Desktop\FaceRecognitionAI\dashboard\pages\05_Attendance.py:342: DeprecationWarning: The argument video_transformer_factory is deprecated. Use video_processor_factory instead.
See https://github.com/whitphx/streamlit-webrtc#for-users-since-versions-020
  webrtc_ctx = webrtc_streamer(
C:\Users\gokul krishana\OneDrive\Desktop\FaceRecognitionAI\dashboard\pages\05_Attendance.py:342: DeprecationWarning: The argument video_transformer_factory is deprecated. Use video_processor_factory instead.
See https://github.com/whitphx/streamlit-webrtc#for-users-since-versions-020
  webrtc_ctx = webrtc_streamer(
C:\Users\gokul krishana\OneDrive\Desktop\FaceRecognitionAI\dashboard\pages\05_Attendance.py:342: DeprecationWarning: The argument video_transformer_factory is deprecated. Use video_processor_factory instead.
See https://github.com/whitphx/streamlit-webrtc#for-users-since-versions-020
  webrtc_ctx = webrtc_streamer(
C:\Users\gokul krishana\OneDrive\Desktop\FaceRecognitionAI\dashboard\pages\05_Attendance.py:342: DeprecationWarning: The argument video_transformer_factory is deprecated. Use video_processor_factory instead.
See https://github.com/whitphx/streamlit-webrtc#for-users-since-versions-020
  webrtc_ctx = webrtc_streamer(
C:\Users\gokul krishana\OneDrive\Desktop\FaceRecognitionAI\dashboard\pages\05_Attendance.py:342: DeprecationWarning: The argument video_transformer_factory is deprecated. Use video_processor_factory instead.
See https://github.com/whitphx/streamlit-webrtc#for-users-since-versions-020
  webrtc_ctx = webrtc_streamer(
C:\Users\gokul krishana\OneDrive\Desktop\FaceRecognitionAI\dashboard\pages\05_Attendance.py:342: DeprecationWarning: The argument video_transformer_factory is deprecated. Use video_processor_factory instead.
See https://github.com/whitphx/streamlit-webrtc#for-users-since-versions-020
  webrtc_ctx = webrtc_streamer(
C:\Users\gokul krishana\OneDrive\Desktop\FaceRecognitionAI\dashboard\pages\05_Attendance.py:342: DeprecationWarning: The argument video_transformer_factory is deprecated. Use video_processor_factory instead.
See https://github.com/whitphx/streamlit-webrtc#for-users-since-versions-020
  webrtc_ctx = webrtc_streamer(
C:\Users\gokul krishana\OneDrive\Desktop\FaceRecognitionAI\dashboard\pages\05_Attendance.py:342: DeprecationWarning: The argument video_transformer_factory is deprecated. Use video_processor_factory instead.
See https://github.com/whitphx/streamlit-webrtc#for-users-since-versions-020
  webrtc_ctx = webrtc_streamer(
C:\Users\gokul krishana\OneDrive\Desktop\FaceRecognitionAI\dashboard\pages\05_Attendance.py:342: DeprecationWarning: The argument video_transformer_factory is deprecated. Use video_processor_factory instead.
See https://github.com/whitphx/streamlit-webrtc#for-users-since-versions-020
  webrtc_ctx = webrtc_streamer(
C:\Users\gokul krishana\OneDrive\Desktop\FaceRecognitionAI\dashboard\pages\05_Attendance.py:342: DeprecationWarning: The argument video_transformer_factory is deprecated. Use video_processor_factory instead.
See https://github.com/whitphx/streamlit-webrtc#for-users-since-versions-020
  webrtc_ctx = webrtc_streamer(
C:\Users\gokul krishana\OneDrive\Desktop\FaceRecognitionAI\dashboard\pages\05_Attendance.py:342: DeprecationWarning: The argument video_transformer_factory is deprecated. Use video_processor_factory instead.
See https://github.com/whitphx/streamlit-webrtc#for-users-since-versions-020
  webrtc_ctx = webrtc_streamer(
C:\Users\gokul krishana\OneDrive\Desktop\FaceRecognitionAI\dashboard\pages\05_Attendance.py:342: DeprecationWarning: The argument video_transformer_factory is deprecated. Use video_processor_factory instead.
See https://github.com/whitphx/streamlit-webrtc#for-users-since-versions-020
  webrtc_ctx = webrtc_streamer(
C:\Users\gokul krishana\OneDrive\Desktop\FaceRecognitionAI\dashboard\pages\05_Attendance.py:342: DeprecationWarning: The argument video_transformer_factory is deprecated. Use video_processor_factory instead.
See https://github.com/whitphx/streamlit-webrtc#for-users-since-versions-020
  webrtc_ctx = webrtc_streamer(
C:\Users\gokul krishana\OneDrive\Desktop\FaceRecognitionAI\dashboard\pages\05_Attendance.py:342: DeprecationWarning: The argument video_transformer_factory is deprecated. Use video_processor_factory instead.
See https://github.com/whitphx/streamlit-webrtc#for-users-since-versions-020
  webrtc_ctx = webrtc_streamer(
C:\Users\gokul krishana\OneDrive\Desktop\FaceRecognitionAI\dashboard\pages\05_Attendance.py:342: DeprecationWarning: The argument video_transformer_factory is deprecated. Use video_processor_factory instead.
See https://github.com/whitphx/streamlit-webrtc#for-users-since-versions-020
  webrtc_ctx = webrtc_streamer(
C:\Users\gokul krishana\OneDrive\Desktop\FaceRecognitionAI\dashboard\pages\05_Attendance.py:342: DeprecationWarning: The argument video_transformer_factory is deprecated. Use video_processor_factory instead.
See https://github.com/whitphx/streamlit-webrtc#for-users-since-versions-020
  webrtc_ctx = webrtc_streamer(
C:\Users\gokul krishana\OneDrive\Desktop\FaceRecognitionAI\dashboard\pages\05_Attendance.py:342: DeprecationWarning: The argument video_transformer_factory is deprecated. Use video_processor_factory instead.
See https://github.com/whitphx/streamlit-webrtc#for-users-since-versions-020
  webrtc_ctx = webrtc_streamer(
C:\Users\gokul krishana\OneDrive\Desktop\FaceRecognitionAI\dashboard\pages\05_Attendance.py:342: DeprecationWarning: The argument video_transformer_factory is deprecated. Use video_processor_factory instead.
See https://github.com/whitphx/streamlit-webrtc#for-users-since-versions-020
  webrtc_ctx = webrtc_streamer(
C:\Users\gokul krishana\OneDrive\Desktop\FaceRecognitionAI\dashboard\pages\05_Attendance.py:342: DeprecationWarning: The argument video_transformer_factory is deprecated. Use video_processor_factory instead.
See https://github.com/whitphx/streamlit-webrtc#for-users-since-versions-020
  webrtc_ctx = webrtc_streamer(
C:\Users\gokul krishana\OneDrive\Desktop\FaceRecognitionAI\dashboard\pages\05_Attendance.py:342: DeprecationWarning: The argument video_transformer_factory is deprecated. Use video_processor_factory instead.
See https://github.com/whitphx/streamlit-webrtc#for-users-since-versions-020
  webrtc_ctx = webrtc_streamer(
C:\Users\gokul krishana\OneDrive\Desktop\FaceRecognitionAI\dashboard\pages\05_Attendance.py:342: DeprecationWarning: The argument video_transformer_factory is deprecated. Use video_processor_factory instead.
See https://github.com/whitphx/streamlit-webrtc#for-users-since-versions-020
  webrtc_ctx = webrtc_streamer(
C:\Users\gokul krishana\OneDrive\Desktop\FaceRecognitionAI\dashboard\pages\05_Attendance.py:342: DeprecationWarning: The argument video_transformer_factory is deprecated. Use video_processor_factory instead.
See https://github.com/whitphx/streamlit-webrtc#for-users-since-versions-020
  webrtc_ctx = webrtc_streamer(
C:\Users\gokul krishana\OneDrive\Desktop\FaceRecognitionAI\dashboard\pages\05_Attendance.py:342: DeprecationWarning: The argument video_transformer_factory is deprecated. Use video_processor_factory instead.
See https://github.com/whitphx/streamlit-webrtc#for-users-since-versions-020
  webrtc_ctx = webrtc_streamer(
C:\Users\gokul krishana\OneDrive\Desktop\FaceRecognitionAI\dashboard\pages\05_Attendance.py:342: DeprecationWarning: The argument video_transformer_factory is deprecated. Use video_processor_factory instead.
See https://github.com/whitphx/streamlit-webrtc#for-users-since-versions-020
  webrtc_ctx = webrtc_streamer(
C:\Users\gokul krishana\OneDrive\Desktop\FaceRecognitionAI\dashboard\pages\05_Attendance.py:342: DeprecationWarning: The argument video_transformer_factory is deprecated. Use video_processor_factory instead.
See https://github.com/whitphx/streamlit-webrtc#for-users-since-versions-020
  webrtc_ctx = webrtc_streamer(
C:\Users\gokul krishana\OneDrive\Desktop\FaceRecognitionAI\dashboard\pages\05_Attendance.py:342: DeprecationWarning: The argument video_transformer_factory is deprecated. Use video_processor_factory instead.
See https://github.com/whitphx/streamlit-webrtc#for-users-since-versions-020
  webrtc_ctx = webrtc_streamer(
C:\Users\gokul krishana\OneDrive\Desktop\FaceRecognitionAI\dashboard\pages\05_Attendance.py:342: DeprecationWarning: The argument video_transformer_factory is deprecated. Use video_processor_factory instead.
See https://github.com/whitphx/streamlit-webrtc#for-users-since-versions-020
  webrtc_ctx = webrtc_streamer(
C:\Users\gokul krishana\OneDrive\Desktop\FaceRecognitionAI\dashboard\pages\05_Attendance.py:342: DeprecationWarning: The argument video_transformer_factory is deprecated. Use video_processor_factory instead.
See https://github.com/whitphx/streamlit-webrtc#for-users-since-versions-020
  webrtc_ctx = webrtc_streamer(
C:\Users\gokul krishana\OneDrive\Desktop\FaceRecognitionAI\dashboard\pages\05_Attendance.py:342: DeprecationWarning: The argument video_transformer_factory is deprecated. Use video_processor_factory instead.
See https://github.com/whitphx/streamlit-webrtc#for-users-since-versions-020
  webrtc_ctx = webrtc_streamer(
C:\Users\gokul krishana\OneDrive\Desktop\FaceRecognitionAI\dashboard\pages\05_Attendance.py:342: DeprecationWarning: The argument video_transformer_factory is deprecated. Use video_processor_factory instead.
See https://github.com/whitphx/streamlit-webrtc#for-users-since-versions-020
  webrtc_ctx = webrtc_streamer(
C:\Users\gokul krishana\OneDrive\Desktop\FaceRecognitionAI\dashboard\pages\05_Attendance.py:342: DeprecationWarning: The argument video_transformer_factory is deprecated. Use video_processor_factory instead.
See https://github.com/whitphx/streamlit-webrtc#for-users-since-versions-020
  webrtc_ctx = webrtc_streamer(
C:\Users\gokul krishana\OneDrive\Desktop\FaceRecognitionAI\dashboard\pages\05_Attendance.py:342: DeprecationWarning: The argument video_transformer_factory is deprecated. Use video_processor_factory instead.
See https://github.com/whitphx/streamlit-webrtc#for-users-since-versions-020
  webrtc_ctx = webrtc_streamer(
C:\Users\gokul krishana\OneDrive\Desktop\FaceRecognitionAI\dashboard\pages\05_Attendance.py:342: DeprecationWarning: The argument video_transformer_factory is deprecated. Use video_processor_factory instead.
See https://github.com/whitphx/streamlit-webrtc#for-users-since-versions-020
  webrtc_ctx = webrtc_streamer(
C:\Users\gokul krishana\OneDrive\Desktop\FaceRecognitionAI\dashboard\pages\05_Attendance.py:342: DeprecationWarning: The argument video_transformer_factory is deprecated. Use video_processor_factory instead.
See https://github.com/whitphx/streamlit-webrtc#for-users-since-versions-020
  webrtc_ctx = webrtc_streamer(
C:\Users\gokul krishana\OneDrive\Desktop\FaceRecognitionAI\dashboard\pages\05_Attendance.py:342: DeprecationWarning: The argument video_transformer_factory is deprecated. Use video_processor_factory instead.
See https://github.com/whitphx/streamlit-webrtc#for-users-since-versions-020
  webrtc_ctx = webrtc_streamer(
C:\Users\gokul krishana\OneDrive\Desktop\FaceRecognitionAI\dashboard\pages\05_Attendance.py:342: DeprecationWarning: The argument video_transformer_factory is deprecated. Use video_processor_factory instead.
See https://github.com/whitphx/streamlit-webrtc#for-users-since-versions-020
  webrtc_ctx = webrtc_streamer(
C:\Users\gokul krishana\OneDrive\Desktop\FaceRecognitionAI\dashboard\pages\05_Attendance.py:342: DeprecationWarning: The argument video_transformer_factory is deprecated. Use video_processor_factory instead.
See https://github.com/whitphx/streamlit-webrtc#for-users-since-versions-020
  webrtc_ctx = webrtc_streamer(
C:\Users\gokul krishana\OneDrive\Desktop\FaceRecognitionAI\dashboard\pages\05_Attendance.py:342: DeprecationWarning: The argument video_transformer_factory is deprecated. Use video_processor_factory instead.
See https://github.com/whitphx/streamlit-webrtc#for-users-since-versions-020
  webrtc_ctx = webrtc_streamer(
C:\Users\gokul krishana\OneDrive\Desktop\FaceRecognitionAI\dashboard\pages\05_Attendance.py:342: DeprecationWarning: The argument video_transformer_factory is deprecated. Use video_processor_factory instead.
See https://github.com/whitphx/streamlit-webrtc#for-users-since-versions-020
  webrtc_ctx = webrtc_streamer(
C:\Users\gokul krishana\OneDrive\Desktop\FaceRecognitionAI\dashboard\pages\05_Attendance.py:342: DeprecationWarning: The argument video_transformer_factory is deprecated. Use video_processor_factory instead.
See https://github.com/whitphx/streamlit-webrtc#for-users-since-versions-020
  webrtc_ctx = webrtc_streamer(
C:\Users\gokul krishana\OneDrive\Desktop\FaceRecognitionAI\dashboard\pages\05_Attendance.py:342: DeprecationWarning: The argument video_transformer_factory is deprecated. Use video_processor_factory instead.
See https://github.com/whitphx/streamlit-webrtc#for-users-since-versions-020
  webrtc_ctx = webrtc_streamer(
C:\Users\gokul krishana\OneDrive\Desktop\FaceRecognitionAI\dashboard\pages\05_Attendance.py:342: DeprecationWarning: The argument video_transformer_factory is deprecated. Use video_processor_factory instead.
See https://github.com/whitphx/streamlit-webrtc#for-users-since-versions-020
  webrtc_ctx = webrtc_streamer(
C:\Users\gokul krishana\OneDrive\Desktop\FaceRecognitionAI\dashboard\pages\05_Attendance.py:342: DeprecationWarning: The argument video_transformer_factory is deprecated. Use video_processor_factory instead.
See https://github.com/whitphx/streamlit-webrtc#for-users-since-versions-020
  webrtc_ctx = webrtc_streamer(
C:\Users\gokul krishana\OneDrive\Desktop\FaceRecognitionAI\dashboard\pages\05_Attendance.py:342: DeprecationWarning: The argument video_transformer_factory is deprecated. Use video_processor_factory instead.
See https://github.com/whitphx/streamlit-webrtc#for-users-since-versions-020
  webrtc_ctx = webrtc_streamer(
C:\Users\gokul krishana\OneDrive\Desktop\FaceRecognitionAI\dashboard\pages\05_Attendance.py:342: DeprecationWarning: The argument video_transformer_factory is deprecated. Use video_processor_factory instead.
See https://github.com/whitphx/streamlit-webrtc#for-users-since-versions-020
  webrtc_ctx = webrtc_streamer(
C:\Users\gokul krishana\OneDrive\Desktop\FaceRecognitionAI\dashboard\pages\05_Attendance.py:342: DeprecationWarning: The argument video_transformer_factory is deprecated. Use video_processor_factory instead.
See https://github.com/whitphx/streamlit-webrtc#for-users-since-versions-020
  webrtc_ctx = webrtc_streamer(
C:\Users\gokul krishana\OneDrive\Desktop\FaceRecognitionAI\dashboard\pages\05_Attendance.py:342: DeprecationWarning: The argument video_transformer_factory is deprecated. Use video_processor_factory instead.
See https://github.com/whitphx/streamlit-webrtc#for-users-since-versions-020
  webrtc_ctx = webrtc_streamer(
C:\Users\gokul krishana\OneDrive\Desktop\FaceRecognitionAI\dashboard\pages\05_Attendance.py:342: DeprecationWarning: The argument video_transformer_factory is deprecated. Use video_processor_factory instead.
See https://github.com/whitphx/streamlit-webrtc#for-users-since-versions-020
  webrtc_ctx = webrtc_streamer(
C:\Users\gokul krishana\OneDrive\Desktop\FaceRecognitionAI\dashboard\pages\05_Attendance.py:342: DeprecationWarning: The argument video_transformer_factory is deprecated. Use video_processor_factory instead.
See https://github.com/whitphx/streamlit-webrtc#for-users-since-versions-020
  webrtc_ctx = webrtc_streamer(
C:\Users\gokul krishana\OneDrive\Desktop\FaceRecognitionAI\dashboard\pages\05_Attendance.py:342: DeprecationWarning: The argument video_transformer_factory is deprecated. Use video_processor_factory instead.
See https://github.com/whitphx/streamlit-webrtc#for-users-since-versions-020
  webrtc_ctx = webrtc_streamer(
C:\Users\gokul krishana\OneDrive\Desktop\FaceRecognitionAI\dashboard\pages\05_Attendance.py:342: DeprecationWarning: The argument video_transformer_factory is deprecated. Use video_processor_factory instead.
See https://github.com/whitphx/streamlit-webrtc#for-users-since-versions-020
  webrtc_ctx = webrtc_streamer(
C:\Users\gokul krishana\OneDrive\Desktop\FaceRecognitionAI\dashboard\pages\05_Attendance.py:342: DeprecationWarning: The argument video_transformer_factory is deprecated. Use video_processor_factory instead.
See https://github.com/whitphx/streamlit-webrtc#for-users-since-versions-020
  webrtc_ctx = webrtc_streamer(
C:\Users\gokul krishana\OneDrive\Desktop\FaceRecognitionAI\dashboard\pages\05_Attendance.py:342: DeprecationWarning: The argument video_transformer_factory is deprecated. Use video_processor_factory instead.
See https://github.com/whitphx/streamlit-webrtc#for-users-since-versions-020
  webrtc_ctx = webrtc_streamer(
C:\Users\gokul krishana\OneDrive\Desktop\FaceRecognitionAI\dashboard\pages\05_Attendance.py:342: DeprecationWarning: The argument video_transformer_factory is deprecated. Use video_processor_factory instead.
See https://github.com/whitphx/streamlit-webrtc#for-users-since-versions-020
  webrtc_ctx = webrtc_streamer(
C:\Users\gokul krishana\OneDrive\Desktop\FaceRecognitionAI\dashboard\pages\05_Attendance.py:342: DeprecationWarning: The argument video_transformer_factory is deprecated. Use video_processor_factory instead.
See https://github.com/whitphx/streamlit-webrtc#for-users-since-versions-020
  webrtc_ctx = webrtc_streamer(
C:\Users\gokul krishana\OneDrive\Desktop\FaceRecognitionAI\dashboard\pages\05_Attendance.py:342: DeprecationWarning: The argument video_transformer_factory is deprecated. Use video_processor_factory instead.
See https://github.com/whitphx/streamlit-webrtc#for-users-since-versions-020
  webrtc_ctx = webrtc_streamer(
C:\Users\gokul krishana\OneDrive\Desktop\FaceRecognitionAI\dashboard\pages\05_Attendance.py:342: DeprecationWarning: The argument video_transformer_factory is deprecated. Use video_processor_factory instead.
See https://github.com/whitphx/streamlit-webrtc#for-users-since-versions-020
  webrtc_ctx = webrtc_streamer(
C:\Users\gokul krishana\OneDrive\Desktop\FaceRecognitionAI\dashboard\pages\05_Attendance.py:342: DeprecationWarning: The argument video_transformer_factory is deprecated. Use video_processor_factory instead.
See https://github.com/whitphx/streamlit-webrtc#for-users-since-versions-020
  webrtc_ctx = webrtc_streamer(
C:\Users\gokul krishana\OneDrive\Desktop\FaceRecognitionAI\dashboard\pages\05_Attendance.py:342: DeprecationWarning: The argument video_transformer_factory is deprecated. Use video_processor_factory instead.
See https://github.com/whitphx/streamlit-webrtc#for-users-since-versions-020
  webrtc_ctx = webrtc_streamer(
C:\Users\gokul krishana\OneDrive\Desktop\FaceRecognitionAI\dashboard\pages\05_Attendance.py:342: DeprecationWarning: The argument video_transformer_factory is deprecated. Use video_processor_factory instead.
See https://github.com/whitphx/streamlit-webrtc#for-users-since-versions-020
  webrtc_ctx = webrtc_streamer(
C:\Users\gokul krishana\OneDrive\Desktop\FaceRecognitionAI\dashboard\pages\05_Attendance.py:342: DeprecationWarning: The argument video_transformer_factory is deprecated. Use video_processor_factory instead.
See https://github.com/whitphx/streamlit-webrtc#for-users-since-versions-020
  webrtc_ctx = webrtc_streamer(
C:\Users\gokul krishana\OneDrive\Desktop\FaceRecognitionAI\dashboard\pages\05_Attendance.py:342: DeprecationWarning: The argument video_transformer_factory is deprecated. Use video_processor_factory instead.
See https://github.com/whitphx/streamlit-webrtc#for-users-since-versions-020
  webrtc_ctx = webrtc_streamer(
C:\Users\gokul krishana\OneDrive\Desktop\FaceRecognitionAI\dashboard\pages\05_Attendance.py:342: DeprecationWarning: The argument video_transformer_factory is deprecated. Use video_processor_factory instead.
See https://github.com/whitphx/streamlit-webrtc#for-users-since-versions-020
  webrtc_ctx = webrtc_streamer(
C:\Users\gokul krishana\OneDrive\Desktop\FaceRecognitionAI\dashboard\pages\05_Attendance.py:342: DeprecationWarning: The argument video_transformer_factory is deprecated. Use video_processor_factory instead.
See https://github.com/whitphx/streamlit-webrtc#for-users-since-versions-020
  webrtc_ctx = webrtc_streamer(
C:\Users\gokul krishana\OneDrive\Desktop\FaceRecognitionAI\dashboard\pages\05_Attendance.py:342: DeprecationWarning: The argument video_transformer_factory is deprecated. Use video_processor_factory instead.
See https://github.com/whitphx/streamlit-webrtc#for-users-since-versions-020
  webrtc_ctx = webrtc_streamer(
C:\Users\gokul krishana\OneDrive\Desktop\FaceRecognitionAI\dashboard\pages\05_Attendance.py:342: DeprecationWarning: The argument video_transformer_factory is deprecated. Use video_processor_factory instead.
See https://github.com/whitphx/streamlit-webrtc#for-users-since-versions-020
  webrtc_ctx = webrtc_streamer(
C:\Users\gokul krishana\OneDrive\Desktop\FaceRecognitionAI\dashboard\pages\05_Attendance.py:342: DeprecationWarning: The argument video_transformer_factory is deprecated. Use video_processor_factory instead.
See https://github.com/whitphx/streamlit-webrtc#for-users-since-versions-020
  webrtc_ctx = webrtc_streamer(
C:\Users\gokul krishana\OneDrive\Desktop\FaceRecognitionAI\dashboard\pages\05_Attendance.py:342: DeprecationWarning: The argument video_transformer_factory is deprecated. Use video_processor_factory instead.
See https://github.com/whitphx/streamlit-webrtc#for-users-since-versions-020
  webrtc_ctx = webrtc_streamer(
C:\Users\gokul krishana\OneDrive\Desktop\FaceRecognitionAI\dashboard\pages\05_Attendance.py:342: DeprecationWarning: The argument video_transformer_factory is deprecated. Use video_processor_factory instead.
See https://github.com/whitphx/streamlit-webrtc#for-users-since-versions-020
  webrtc_ctx = webrtc_streamer(
C:\Users\gokul krishana\OneDrive\Desktop\FaceRecognitionAI\dashboard\pages\05_Attendance.py:342: DeprecationWarning: The argument video_transformer_factory is deprecated. Use video_processor_factory instead.
See https://github.com/whitphx/streamlit-webrtc#for-users-since-versions-020
  webrtc_ctx = webrtc_streamer(
C:\Users\gokul krishana\OneDrive\Desktop\FaceRecognitionAI\dashboard\pages\05_Attendance.py:342: DeprecationWarning: The argument video_transformer_factory is deprecated. Use video_processor_factory instead.
See https://github.com/whitphx/streamlit-webrtc#for-users-since-versions-020
  webrtc_ctx = webrtc_streamer(
C:\Users\gokul krishana\OneDrive\Desktop\FaceRecognitionAI\dashboard\pages\05_Attendance.py:342: DeprecationWarning: The argument video_transformer_factory is deprecated. Use video_processor_factory instead.
See https://github.com/whitphx/streamlit-webrtc#for-users-since-versions-020
  webrtc_ctx = webrtc_streamer(
C:\Users\gokul krishana\OneDrive\Desktop\FaceRecognitionAI\dashboard\pages\05_Attendance.py:342: DeprecationWarning: The argument video_transformer_factory is deprecated. Use video_processor_factory instead.
See https://github.com/whitphx/streamlit-webrtc#for-users-since-versions-020
  webrtc_ctx = webrtc_streamer(
C:\Users\gokul krishana\OneDrive\Desktop\FaceRecognitionAI\dashboard\pages\05_Attendance.py:342: DeprecationWarning: The argument video_transformer_factory is deprecated. Use video_processor_factory instead.
See https://github.com/whitphx/streamlit-webrtc#for-users-since-versions-020
  webrtc_ctx = webrtc_streamer(
C:\Users\gokul krishana\OneDrive\Desktop\FaceRecognitionAI\dashboard\pages\05_Attendance.py:342: DeprecationWarning: The argument video_transformer_factory is deprecated. Use video_processor_factory instead.
See https://github.com/whitphx/streamlit-webrtc#for-users-since-versions-020
  webrtc_ctx = webrtc_streamer(
C:\Users\gokul krishana\OneDrive\Desktop\FaceRecognitionAI\dashboard\pages\05_Attendance.py:342: DeprecationWarning: The argument video_transformer_factory is deprecated. Use video_processor_factory instead.
See https://github.com/whitphx/streamlit-webrtc#for-users-since-versions-020
  webrtc_ctx = webrtc_streamer(
C:\Users\gokul krishana\OneDrive\Desktop\FaceRecognitionAI\dashboard\pages\05_Attendance.py:342: DeprecationWarning: The argument video_transformer_factory is deprecated. Use video_processor_factory instead.
See https://github.com/whitphx/streamlit-webrtc#for-users-since-versions-020
  webrtc_ctx = webrtc_streamer(
C:\Users\gokul krishana\OneDrive\Desktop\FaceRecognitionAI\dashboard\pages\05_Attendance.py:342: DeprecationWarning: The argument video_transformer_factory is deprecated. Use video_processor_factory instead.
See https://github.com/whitphx/streamlit-webrtc#for-users-since-versions-020
  webrtc_ctx = webrtc_streamer(
C:\Users\gokul krishana\OneDrive\Desktop\FaceRecognitionAI\dashboard\pages\05_Attendance.py:342: DeprecationWarning: The argument video_transformer_factory is deprecated. Use video_processor_factory instead.
See https://github.com/whitphx/streamlit-webrtc#for-users-since-versions-020
  webrtc_ctx = webrtc_streamer(
C:\Users\gokul krishana\OneDrive\Desktop\FaceRecognitionAI\dashboard\pages\05_Attendance.py:342: DeprecationWarning: The argument video_transformer_factory is deprecated. Use video_processor_factory instead.
See https://github.com/whitphx/streamlit-webrtc#for-users-since-versions-020
  webrtc_ctx = webrtc_streamer(
C:\Users\gokul krishana\OneDrive\Desktop\FaceRecognitionAI\dashboard\pages\05_Attendance.py:342: DeprecationWarning: The argument video_transformer_factory is deprecated. Use video_processor_factory instead.
See https://github.com/whitphx/streamlit-webrtc#for-users-since-versions-020
  webrtc_ctx = webrtc_streamer(
C:\Users\gokul krishana\OneDrive\Desktop\FaceRecognitionAI\dashboard\pages\05_Attendance.py:342: DeprecationWarning: The argument video_transformer_factory is deprecated. Use video_processor_factory instead.
See https://github.com/whitphx/streamlit-webrtc#for-users-since-versions-020
  webrtc_ctx = webrtc_streamer(
C:\Users\gokul krishana\OneDrive\Desktop\FaceRecognitionAI\dashboard\pages\05_Attendance.py:342: DeprecationWarning: The argument video_transformer_factory is deprecated. Use video_processor_factory instead.
See https://github.com/whitphx/streamlit-webrtc#for-users-since-versions-020
  webrtc_ctx = webrtc_streamer(
C:\Users\gokul krishana\OneDrive\Desktop\FaceRecognitionAI\dashboard\pages\05_Attendance.py:342: DeprecationWarning: The argument video_transformer_factory is deprecated. Use video_processor_factory instead.
See https://github.com/whitphx/streamlit-webrtc#for-users-since-versions-020
  webrtc_ctx = webrtc_streamer(
C:\Users\gokul krishana\OneDrive\Desktop\FaceRecognitionAI\dashboard\pages\05_Attendance.py:342: DeprecationWarning: The argument video_transformer_factory is deprecated. Use video_processor_factory instead.
See https://github.com/whitphx/streamlit-webrtc#for-users-since-versions-020
  webrtc_ctx = webrtc_streamer(
C:\Users\gokul krishana\OneDrive\Desktop\FaceRecognitionAI\dashboard\pages\05_Attendance.py:342: DeprecationWarning: The argument video_transformer_factory is deprecated. Use video_processor_factory instead.
See https://github.com/whitphx/streamlit-webrtc#for-users-since-versions-020
  webrtc_ctx = webrtc_streamer(
C:\Users\gokul krishana\OneDrive\Desktop\FaceRecognitionAI\dashboard\pages\05_Attendance.py:342: DeprecationWarning: The argument video_transformer_factory is deprecated. Use video_processor_factory instead.
See https://github.com/whitphx/streamlit-webrtc#for-users-since-versions-020
  webrtc_ctx = webrtc_streamer(
C:\Users\gokul krishana\OneDrive\Desktop\FaceRecognitionAI\dashboard\pages\05_Attendance.py:342: DeprecationWarning: The argument video_transformer_factory is deprecated. Use video_processor_factory instead.
See https://github.com/whitphx/streamlit-webrtc#for-users-since-versions-020
  webrtc_ctx = webrtc_streamer(
C:\Users\gokul krishana\OneDrive\Desktop\FaceRecognitionAI\dashboard\pages\05_Attendance.py:342: DeprecationWarning: The argument video_transformer_factory is deprecated. Use video_processor_factory instead.
See https://github.com/whitphx/streamlit-webrtc#for-users-since-versions-020
  webrtc_ctx = webrtc_streamer(
C:\Users\gokul krishana\OneDrive\Desktop\FaceRecognitionAI\dashboard\pages\05_Attendance.py:342: DeprecationWarning: The argument video_transformer_factory is deprecated. Use video_processor_factory instead.
See https://github.com/whitphx/streamlit-webrtc#for-users-since-versions-020
  webrtc_ctx = webrtc_streamer(
C:\Users\gokul krishana\OneDrive\Desktop\FaceRecognitionAI\dashboard\pages\05_Attendance.py:342: DeprecationWarning: The argument video_transformer_factory is deprecated. Use video_processor_factory instead.
See https://github.com/whitphx/streamlit-webrtc#for-users-since-versions-020
  webrtc_ctx = webrtc_streamer(
C:\Users\gokul krishana\OneDrive\Desktop\FaceRecognitionAI\dashboard\pages\05_Attendance.py:342: DeprecationWarning: The argument video_transformer_factory is deprecated. Use video_processor_factory instead.
See https://github.com/whitphx/streamlit-webrtc#for-users-since-versions-020
  webrtc_ctx = webrtc_streamer(
C:\Users\gokul krishana\OneDrive\Desktop\FaceRecognitionAI\dashboard\pages\05_Attendance.py:342: DeprecationWarning: The argument video_transformer_factory is deprecated. Use video_processor_factory instead.
See https://github.com/whitphx/streamlit-webrtc#for-users-since-versions-020
  webrtc_ctx = webrtc_streamer(
C:\Users\gokul krishana\OneDrive\Desktop\FaceRecognitionAI\dashboard\pages\05_Attendance.py:342: DeprecationWarning: The argument video_transformer_factory is deprecated. Use video_processor_factory instead.
See https://github.com/whitphx/streamlit-webrtc#for-users-since-versions-020
  webrtc_ctx = webrtc_streamer(
C:\Users\gokul krishana\OneDrive\Desktop\FaceRecognitionAI\dashboard\pages\05_Attendance.py:342: DeprecationWarning: The argument video_transformer_factory is deprecated. Use video_processor_factory instead.
See https://github.com/whitphx/streamlit-webrtc#for-users-since-versions-020
  webrtc_ctx = webrtc_streamer(
C:\Users\gokul krishana\OneDrive\Desktop\FaceRecognitionAI\dashboard\pages\05_Attendance.py:342: DeprecationWarning: The argument video_transformer_factory is deprecated. Use video_processor_factory instead.
See https://github.com/whitphx/streamlit-webrtc#for-users-since-versions-020
  webrtc_ctx = webrtc_streamer(
C:\Users\gokul krishana\OneDrive\Desktop\FaceRecognitionAI\dashboard\pages\05_Attendance.py:342: DeprecationWarning: The argument video_transformer_factory is deprecated. Use video_processor_factory instead.
See https://github.com/whitphx/streamlit-webrtc#for-users-since-versions-020
  webrtc_ctx = webrtc_streamer(
C:\Users\gokul krishana\OneDrive\Desktop\FaceRecognitionAI\dashboard\pages\05_Attendance.py:342: DeprecationWarning: The argument video_transformer_factory is deprecated. Use video_processor_factory instead.
See https://github.com/whitphx/streamlit-webrtc#for-users-since-versions-020
  webrtc_ctx = webrtc_streamer(
C:\Users\gokul krishana\OneDrive\Desktop\FaceRecognitionAI\dashboard\pages\05_Attendance.py:342: DeprecationWarning: The argument video_transformer_factory is deprecated. Use video_processor_factory instead.
See https://github.com/whitphx/streamlit-webrtc#for-users-since-versions-020
  webrtc_ctx = webrtc_streamer(
C:\Users\gokul krishana\OneDrive\Desktop\FaceRecognitionAI\dashboard\pages\05_Attendance.py:342: DeprecationWarning: The argument video_transformer_factory is deprecated. Use video_processor_factory instead.
See https://github.com/whitphx/streamlit-webrtc#for-users-since-versions-020
  webrtc_ctx = webrtc_streamer(
C:\Users\gokul krishana\OneDrive\Desktop\FaceRecognitionAI\dashboard\pages\05_Attendance.py:342: DeprecationWarning: The argument video_transformer_factory is deprecated. Use video_processor_factory instead.
See https://github.com/whitphx/streamlit-webrtc#for-users-since-versions-020
  webrtc_ctx = webrtc_streamer(
C:\Users\gokul krishana\OneDrive\Desktop\FaceRecognitionAI\dashboard\pages\05_Attendance.py:342: DeprecationWarning: The argument video_transformer_factory is deprecated. Use video_processor_factory instead.
See https://github.com/whitphx/streamlit-webrtc#for-users-since-versions-020
  webrtc_ctx = webrtc_streamer(
C:\Users\gokul krishana\OneDrive\Desktop\FaceRecognitionAI\dashboard\pages\05_Attendance.py:342: DeprecationWarning: The argument video_transformer_factory is deprecated. Use video_processor_factory instead.
See https://github.com/whitphx/streamlit-webrtc#for-users-since-versions-020
  webrtc_ctx = webrtc_streamer(
C:\Users\gokul krishana\OneDrive\Desktop\FaceRecognitionAI\dashboard\pages\05_Attendance.py:342: DeprecationWarning: The argument video_transformer_factory is deprecated. Use video_processor_factory instead.
See https://github.com/whitphx/streamlit-webrtc#for-users-since-versions-020
  webrtc_ctx = webrtc_streamer(
C:\Users\gokul krishana\OneDrive\Desktop\FaceRecognitionAI\dashboard\pages\05_Attendance.py:342: DeprecationWarning: The argument video_transformer_factory is deprecated. Use video_processor_factory instead.
See https://github.com/whitphx/streamlit-webrtc#for-users-since-versions-020
  webrtc_ctx = webrtc_streamer(
C:\Users\gokul krishana\OneDrive\Desktop\FaceRecognitionAI\dashboard\pages\05_Attendance.py:342: DeprecationWarning: The argument video_transformer_factory is deprecated. Use video_processor_factory instead.
See https://github.com/whitphx/streamlit-webrtc#for-users-since-versions-020
  webrtc_ctx = webrtc_streamer(
C:\Users\gokul krishana\OneDrive\Desktop\FaceRecognitionAI\dashboard\pages\05_Attendance.py:342: DeprecationWarning: The argument video_transformer_factory is deprecated. Use video_processor_factory instead.
See https://github.com/whitphx/streamlit-webrtc#for-users-since-versions-020
  webrtc_ctx = webrtc_streamer(
C:\Users\gokul krishana\OneDrive\Desktop\FaceRecognitionAI\dashboard\pages\05_Attendance.py:342: DeprecationWarning: The argument video_transformer_factory is deprecated. Use video_processor_factory instead.
See https://github.com/whitphx/streamlit-webrtc#for-users-since-versions-020
  webrtc_ctx = webrtc_streamer(
C:\Users\gokul krishana\OneDrive\Desktop\FaceRecognitionAI\dashboard\pages\05_Attendance.py:342: DeprecationWarning: The argument video_transformer_factory is deprecated. Use video_processor_factory instead.
See https://github.com/whitphx/streamlit-webrtc#for-users-since-versions-020
  webrtc_ctx = webrtc_streamer(
C:\Users\gokul krishana\OneDrive\Desktop\FaceRecognitionAI\dashboard\pages\05_Attendance.py:342: DeprecationWarning: The argument video_transformer_factory is deprecated. Use video_processor_factory instead.
See https://github.com/whitphx/streamlit-webrtc#for-users-since-versions-020
  webrtc_ctx = webrtc_streamer(
C:\Users\gokul krishana\OneDrive\Desktop\FaceRecognitionAI\dashboard\pages\05_Attendance.py:342: DeprecationWarning: The argument video_transformer_factory is deprecated. Use video_processor_factory instead.
See https://github.com/whitphx/streamlit-webrtc#for-users-since-versions-020
  webrtc_ctx = webrtc_streamer(
C:\Users\gokul krishana\OneDrive\Desktop\FaceRecognitionAI\dashboard\pages\05_Attendance.py:342: DeprecationWarning: The argument video_transformer_factory is deprecated. Use video_processor_factory instead.
See https://github.com/whitphx/streamlit-webrtc#for-users-since-versions-020
  webrtc_ctx = webrtc_streamer(
C:\Users\gokul krishana\OneDrive\Desktop\FaceRecognitionAI\dashboard\pages\05_Attendance.py:342: DeprecationWarning: The argument video_transformer_factory is deprecated. Use video_processor_factory instead.
See https://github.com/whitphx/streamlit-webrtc#for-users-since-versions-020
  webrtc_ctx = webrtc_streamer(
C:\Users\gokul krishana\OneDrive\Desktop\FaceRecognitionAI\dashboard\pages\05_Attendance.py:342: DeprecationWarning: The argument video_transformer_factory is deprecated. Use video_processor_factory instead.
See https://github.com/whitphx/streamlit-webrtc#for-users-since-versions-020
  webrtc_ctx = webrtc_streamer(
C:\Users\gokul krishana\OneDrive\Desktop\FaceRecognitionAI\dashboard\pages\05_Attendance.py:342: DeprecationWarning: The argument video_transformer_factory is deprecated. Use video_processor_factory instead.
See https://github.com/whitphx/streamlit-webrtc#for-users-since-versions-020
  webrtc_ctx = webrtc_streamer(
C:\Users\gokul krishana\OneDrive\Desktop\FaceRecognitionAI\dashboard\pages\05_Attendance.py:342: DeprecationWarning: The argument video_transformer_factory is deprecated. Use video_processor_factory instead.
See https://github.com/whitphx/streamlit-webrtc#for-users-since-versions-020
  webrtc_ctx = webrtc_streamer(
C:\Users\gokul krishana\OneDrive\Desktop\FaceRecognitionAI\dashboard\pages\05_Attendance.py:342: DeprecationWarning: The argument video_transformer_factory is deprecated. Use video_processor_factory instead.
See https://github.com/whitphx/streamlit-webrtc#for-users-since-versions-020
  webrtc_ctx = webrtc_streamer(
C:\Users\gokul krishana\OneDrive\Desktop\FaceRecognitionAI\dashboard\pages\05_Attendance.py:342: DeprecationWarning: The argument video_transformer_factory is deprecated. Use video_processor_factory instead.
See https://github.com/whitphx/streamlit-webrtc#for-users-since-versions-020
  webrtc_ctx = webrtc_streamer(
C:\Users\gokul krishana\OneDrive\Desktop\FaceRecognitionAI\dashboard\pages\05_Attendance.py:342: DeprecationWarning: The argument video_transformer_factory is deprecated. Use video_processor_factory instead.
See https://github.com/whitphx/streamlit-webrtc#for-users-since-versions-020
  webrtc_ctx = webrtc_streamer(
C:\Users\gokul krishana\OneDrive\Desktop\FaceRecognitionAI\dashboard\pages\05_Attendance.py:342: DeprecationWarning: The argument video_transformer_factory is deprecated. Use video_processor_factory instead.
See https://github.com/whitphx/streamlit-webrtc#for-users-since-versions-020
  webrtc_ctx = webrtc_streamer(
C:\Users\gokul krishana\OneDrive\Desktop\FaceRecognitionAI\dashboard\pages\05_Attendance.py:342: DeprecationWarning: The argument video_transformer_factory is deprecated. Use video_processor_factory instead.
See https://github.com/whitphx/streamlit-webrtc#for-users-since-versions-020
  webrtc_ctx = webrtc_streamer(
C:\Users\gokul krishana\OneDrive\Desktop\FaceRecognitionAI\dashboard\pages\05_Attendance.py:342: DeprecationWarning: The argument video_transformer_factory is deprecated. Use video_processor_factory instead.
See https://github.com/whitphx/streamlit-webrtc#for-users-since-versions-020
  webrtc_ctx = webrtc_streamer(
C:\Users\gokul krishana\OneDrive\Desktop\FaceRecognitionAI\dashboard\pages\05_Attendance.py:342: DeprecationWarning: The argument video_transformer_factory is deprecated. Use video_processor_factory instead.
See https://github.com/whitphx/streamlit-webrtc#for-users-since-versions-020
  webrtc_ctx = webrtc_streamer(
C:\Users\gokul krishana\OneDrive\Desktop\FaceRecognitionAI\dashboard\pages\05_Attendance.py:342: DeprecationWarning: The argument video_transformer_factory is deprecated. Use video_processor_factory instead.
See https://github.com/whitphx/streamlit-webrtc#for-users-since-versions-020
  webrtc_ctx = webrtc_streamer(
C:\Users\gokul krishana\OneDrive\Desktop\FaceRecognitionAI\dashboard\pages\05_Attendance.py:342: DeprecationWarning: The argument video_transformer_factory is deprecated. Use video_processor_factory instead.
See https://github.com/whitphx/streamlit-webrtc#for-users-since-versions-020
  webrtc_ctx = webrtc_streamer(
C:\Users\gokul krishana\OneDrive\Desktop\FaceRecognitionAI\dashboard\pages\05_Attendance.py:342: DeprecationWarning: The argument video_transformer_factory is deprecated. Use video_processor_factory instead.
See https://github.com/whitphx/streamlit-webrtc#for-users-since-versions-020
  webrtc_ctx = webrtc_streamer(
C:\Users\gokul krishana\OneDrive\Desktop\FaceRecognitionAI\dashboard\pages\05_Attendance.py:342: DeprecationWarning: The argument video_transformer_factory is deprecated. Use video_processor_factory instead.
See https://github.com/whitphx/streamlit-webrtc#for-users-since-versions-020
  webrtc_ctx = webrtc_streamer(
C:\Users\gokul krishana\OneDrive\Desktop\FaceRecognitionAI\dashboard\pages\05_Attendance.py:342: DeprecationWarning: The argument video_transformer_factory is deprecated. Use video_processor_factory instead.
See https://github.com/whitphx/streamlit-webrtc#for-users-since-versions-020
  webrtc_ctx = webrtc_streamer(
C:\Users\gokul krishana\OneDrive\Desktop\FaceRecognitionAI\dashboard\pages\05_Attendance.py:342: DeprecationWarning: The argument video_transformer_factory is deprecated. Use video_processor_factory instead.
See https://github.com/whitphx/streamlit-webrtc#for-users-since-versions-020
  webrtc_ctx = webrtc_streamer(
C:\Users\gokul krishana\OneDrive\Desktop\FaceRecognitionAI\dashboard\pages\05_Attendance.py:342: DeprecationWarning: The argument video_transformer_factory is deprecated. Use video_processor_factory instead.
See https://github.com/whitphx/streamlit-webrtc#for-users-since-versions-020
  webrtc_ctx = webrtc_streamer(
C:\Users\gokul krishana\OneDrive\Desktop\FaceRecognitionAI\dashboard\pages\05_Attendance.py:342: DeprecationWarning: The argument video_transformer_factory is deprecated. Use video_processor_factory instead.
See https://github.com/whitphx/streamlit-webrtc#for-users-since-versions-020
  webrtc_ctx = webrtc_streamer(
C:\Users\gokul krishana\OneDrive\Desktop\FaceRecognitionAI\dashboard\pages\05_Attendance.py:342: DeprecationWarning: The argument video_transformer_factory is deprecated. Use video_processor_factory instead.
See https://github.com/whitphx/streamlit-webrtc#for-users-since-versions-020
  webrtc_ctx = webrtc_streamer(
INFO  [alembic.runtime.migration] Context impl SQLiteImpl.
INFO  [alembic.runtime.migration] Will assume non-transactional DDL.
C:\Users\gokul krishana\OneDrive\Desktop\FaceRecognitionAI\dashboard\pages\05_Attendance.py:342: DeprecationWarning: The argument video_transformer_factory is deprecated. Use video_processor_factory instead.
See https://github.com/whitphx/streamlit-webrtc#for-users-since-versions-020
  webrtc_ctx = webrtc_streamer(
C:\Users\gokul krishana\OneDrive\Desktop\FaceRecognitionAI\dashboard\pages\05_Attendance.py:342: DeprecationWarning: The argument video_transformer_factory is deprecated. Use video_processor_factory instead.
See https://github.com/whitphx/streamlit-webrtc#for-users-since-versions-020
  webrtc_ctx = webrtc_streamer(
C:\Users\gokul krishana\OneDrive\Desktop\FaceRecognitionAI\dashboard\pages\05_Attendance.py:342: DeprecationWarning: The argument video_transformer_factory is deprecated. Use video_processor_factory instead.
See https://github.com/whitphx/streamlit-webrtc#for-users-since-versions-020
  webrtc_ctx = webrtc_streamer(
C:\Users\gokul krishana\OneDrive\Desktop\FaceRecognitionAI\dashboard\pages\05_Attendance.py:342: DeprecationWarning: The argument video_transformer_factory is deprecated. Use video_processor_factory instead.
See https://github.com/whitphx/streamlit-webrtc#for-users-since-versions-020
  webrtc_ctx = webrtc_streamer(
C:\Users\gokul krishana\OneDrive\Desktop\FaceRecognitionAI\dashboard\pages\05_Attendance.py:342: DeprecationWarning: The argument video_transformer_factory is deprecated. Use video_processor_factory instead.
See https://github.com/whitphx/streamlit-webrtc#for-users-since-versions-020
  webrtc_ctx = webrtc_streamer(
C:\Users\gokul krishana\OneDrive\Desktop\FaceRecognitionAI\dashboard\pages\05_Attendance.py:342: DeprecationWarning: The argument video_transformer_factory is deprecated. Use video_processor_factory instead.
See https://github.com/whitphx/streamlit-webrtc#for-users-since-versions-020
  webrtc_ctx = webrtc_streamer(
[ WARN:9@2971.356] global cap.cpp:344 cv::VideoCapture::open VIDEOIO(DSHOW): backend is generally available but can't be used to capture by index
[ WARN:9@2971.359] global cap.cpp:344 cv::VideoCapture::open VIDEOIO(DSHOW): backend is generally available but can't be used to capture by index
[ WARN:9@2971.362] global cap.cpp:344 cv::VideoCapture::open VIDEOIO(DSHOW): backend is generally available but can't be used to capture by index
[ WARN:9@2971.364] global cap.cpp:344 cv::VideoCapture::open VIDEOIO(DSHOW): backend is generally available but can't be used to capture by index
C:\Users\gokul krishana\AppData\Local\Programs\Python\Python312\Lib\site-packages\insightface\utils\face_align.py:23: FutureWarning: `estimate` is deprecated since version 0.26 and will be removed in version 2.2. Please use `SimilarityTransform.from_estimate` class constructor instead.
  tform.estimate(lmk, dst)
C:\Users\gokul krishana\OneDrive\Desktop\FaceRecognitionAI\dashboard\pages\05_Attendance.py:342: DeprecationWarning: The argument video_transformer_factory is deprecated. Use video_processor_factory instead.
See https://github.com/whitphx/streamlit-webrtc#for-users-since-versions-020
  webrtc_ctx = webrtc_streamer(
C:\Users\gokul krishana\OneDrive\Desktop\FaceRecognitionAI\dashboard\pages\05_Attendance.py:342: DeprecationWarning: The argument video_transformer_factory is deprecated. Use video_processor_factory instead.
See https://github.com/whitphx/streamlit-webrtc#for-users-since-versions-020
  webrtc_ctx = webrtc_streamer(
C:\Users\gokul krishana\OneDrive\Desktop\FaceRecognitionAI\dashboard\pages\05_Attendance.py:342: DeprecationWarning: The argument video_transformer_factory is deprecated. Use video_processor_factory instead.
See https://github.com/whitphx/streamlit-webrtc#for-users-since-versions-020
  webrtc_ctx = webrtc_streamer(
C:\Users\gokul krishana\OneDrive\Desktop\FaceRecognitionAI\dashboard\pages\05_Attendance.py:342: DeprecationWarning: The argument video_transformer_factory is deprecated. Use video_processor_factory instead.
See https://github.com/whitphx/streamlit-webrtc#for-users-since-versions-020
  webrtc_ctx = webrtc_streamer(
C:\Users\gokul krishana\OneDrive\Desktop\FaceRecognitionAI\dashboard\pages\05_Attendance.py:342: DeprecationWarning: The argument video_transformer_factory is deprecated. Use video_processor_factory instead.
See https://github.com/whitphx/streamlit-webrtc#for-users-since-versions-020
  webrtc_ctx = webrtc_streamer(
C:\Users\gokul krishana\OneDrive\Desktop\FaceRecognitionAI\dashboard\pages\05_Attendance.py:342: DeprecationWarning: The argument video_transformer_factory is deprecated. Use video_processor_factory instead.
See https://github.com/whitphx/streamlit-webrtc#for-users-since-versions-020
  webrtc_ctx = webrtc_streamer(
C:\Users\gokul krishana\OneDrive\Desktop\FaceRecognitionAI\dashboard\pages\05_Attendance.py:342: DeprecationWarning: The argument video_transformer_factory is deprecated. Use video_processor_factory instead.
See https://github.com/whitphx/streamlit-webrtc#for-users-since-versions-020
  webrtc_ctx = webrtc_streamer(
C:\Users\gokul krishana\OneDrive\Desktop\FaceRecognitionAI\dashboard\pages\05_Attendance.py:342: DeprecationWarning: The argument video_transformer_factory is deprecated. Use video_processor_factory instead.
See https://github.com/whitphx/streamlit-webrtc#for-users-since-versions-020
  webrtc_ctx = webrtc_streamer(
C:\Users\gokul krishana\OneDrive\Desktop\FaceRecognitionAI\dashboard\pages\05_Attendance.py:342: DeprecationWarning: The argument video_transformer_factory is deprecated. Use video_processor_factory instead.
See https://github.com/whitphx/streamlit-webrtc#for-users-since-versions-020
  webrtc_ctx = webrtc_streamer(
C:\Users\gokul krishana\OneDrive\Desktop\FaceRecognitionAI\dashboard\pages\05_Attendance.py:342: DeprecationWarning: The argument video_transformer_factory is deprecated. Use video_processor_factory instead.
See https://github.com/whitphx/streamlit-webrtc#for-users-since-versions-020
  webrtc_ctx = webrtc_streamer(
C:\Users\gokul krishana\OneDrive\Desktop\FaceRecognitionAI\dashboard\pages\05_Attendance.py:342: DeprecationWarning: The argument video_transformer_factory is deprecated. Use video_processor_factory instead.
See https://github.com/whitphx/streamlit-webrtc#for-users-since-versions-020
  webrtc_ctx = webrtc_streamer(
C:\Users\gokul krishana\OneDrive\Desktop\FaceRecognitionAI\dashboard\pages\05_Attendance.py:342: DeprecationWarning: The argument video_transformer_factory is deprecated. Use video_processor_factory instead.
See https://github.com/whitphx/streamlit-webrtc#for-users-since-versions-020
  webrtc_ctx = webrtc_streamer(
C:\Users\gokul krishana\OneDrive\Desktop\FaceRecognitionAI\dashboard\pages\05_Attendance.py:342: DeprecationWarning: The argument video_transformer_factory is deprecated. Use video_processor_factory instead.
See https://github.com/whitphx/streamlit-webrtc#for-users-since-versions-020
  webrtc_ctx = webrtc_streamer(
C:\Users\gokul krishana\OneDrive\Desktop\FaceRecognitionAI\dashboard\pages\05_Attendance.py:342: DeprecationWarning: The argument video_transformer_factory is deprecated. Use video_processor_factory instead.
See https://github.com/whitphx/streamlit-webrtc#for-users-since-versions-020
  webrtc_ctx = webrtc_streamer(
C:\Users\gokul krishana\OneDrive\Desktop\FaceRecognitionAI\dashboard\pages\05_Attendance.py:342: DeprecationWarning: The argument video_transformer_factory is deprecated. Use video_processor_factory instead.
See https://github.com/whitphx/streamlit-webrtc#for-users-since-versions-020
  webrtc_ctx = webrtc_streamer(
C:\Users\gokul krishana\OneDrive\Desktop\FaceRecognitionAI\dashboard\pages\05_Attendance.py:342: DeprecationWarning: The argument video_transformer_factory is deprecated. Use video_processor_factory instead.
See https://github.com/whitphx/streamlit-webrtc#for-users-since-versions-020
  webrtc_ctx = webrtc_streamer(
C:\Users\gokul krishana\OneDrive\Desktop\FaceRecognitionAI\dashboard\pages\05_Attendance.py:342: DeprecationWarning: The argument video_transformer_factory is deprecated. Use video_processor_factory instead.
See https://github.com/whitphx/streamlit-webrtc#for-users-since-versions-020
  webrtc_ctx = webrtc_streamer(
C:\Users\gokul krishana\OneDrive\Desktop\FaceRecognitionAI\dashboard\pages\05_Attendance.py:342: DeprecationWarning: The argument video_transformer_factory is deprecated. Use video_processor_factory instead.
See https://github.com/whitphx/streamlit-webrtc#for-users-since-versions-020
  webrtc_ctx = webrtc_streamer(
C:\Users\gokul krishana\OneDrive\Desktop\FaceRecognitionAI\dashboard\pages\05_Attendance.py:342: DeprecationWarning: The argument video_transformer_factory is deprecated. Use video_processor_factory instead.
See https://github.com/whitphx/streamlit-webrtc#for-users-since-versions-020
  webrtc_ctx = webrtc_streamer(
C:\Users\gokul krishana\OneDrive\Desktop\FaceRecognitionAI\dashboard\pages\05_Attendance.py:342: DeprecationWarning: The argument video_transformer_factory is deprecated. Use video_processor_factory instead.
See https://github.com/whitphx/streamlit-webrtc#for-users-since-versions-020
  webrtc_ctx = webrtc_streamer(
C:\Users\gokul krishana\OneDrive\Desktop\FaceRecognitionAI\dashboard\pages\05_Attendance.py:342: DeprecationWarning: The argument video_transformer_factory is deprecated. Use video_processor_factory instead.
See https://github.com/whitphx/streamlit-webrtc#for-users-since-versions-020
  webrtc_ctx = webrtc_streamer(
C:\Users\gokul krishana\OneDrive\Desktop\FaceRecognitionAI\dashboard\pages\05_Attendance.py:342: DeprecationWarning: The argument video_transformer_factory is deprecated. Use video_processor_factory instead.
See https://github.com/whitphx/streamlit-webrtc#for-users-since-versions-020
  webrtc_ctx = webrtc_streamer(
C:\Users\gokul krishana\OneDrive\Desktop\FaceRecognitionAI\dashboard\pages\05_Attendance.py:342: DeprecationWarning: The argument video_transformer_factory is deprecated. Use video_processor_factory instead.
See https://github.com/whitphx/streamlit-webrtc#for-users-since-versions-020
  webrtc_ctx = webrtc_streamer(
C:\Users\gokul krishana\OneDrive\Desktop\FaceRecognitionAI\dashboard\pages\05_Attendance.py:342: DeprecationWarning: The argument video_transformer_factory is deprecated. Use video_processor_factory instead.
See https://github.com/whitphx/streamlit-webrtc#for-users-since-versions-020
  webrtc_ctx = webrtc_streamer(
C:\Users\gokul krishana\OneDrive\Desktop\FaceRecognitionAI\dashboard\pages\05_Attendance.py:342: DeprecationWarning: The argument video_transformer_factory is deprecated. Use video_processor_factory instead.
See https://github.com/whitphx/streamlit-webrtc#for-users-since-versions-020
  webrtc_ctx = webrtc_streamer(
C:\Users\gokul krishana\OneDrive\Desktop\FaceRecognitionAI\dashboard\pages\05_Attendance.py:342: DeprecationWarning: The argument video_transformer_factory is deprecated. Use video_processor_factory instead.
See https://github.com/whitphx/streamlit-webrtc#for-users-since-versions-020
  webrtc_ctx = webrtc_streamer(
C:\Users\gokul krishana\OneDrive\Desktop\FaceRecognitionAI\dashboard\pages\05_Attendance.py:342: DeprecationWarning: The argument video_transformer_factory is deprecated. Use video_processor_factory instead.
See https://github.com/whitphx/streamlit-webrtc#for-users-since-versions-020
  webrtc_ctx = webrtc_streamer(
C:\Users\gokul krishana\OneDrive\Desktop\FaceRecognitionAI\dashboard\pages\05_Attendance.py:342: DeprecationWarning: The argument video_transformer_factory is deprecated. Use video_processor_factory instead.
See https://github.com/whitphx/streamlit-webrtc#for-users-since-versions-020
  webrtc_ctx = webrtc_streamer(
C:\Users\gokul krishana\OneDrive\Desktop\FaceRecognitionAI\dashboard\pages\05_Attendance.py:342: DeprecationWarning: The argument video_transformer_factory is deprecated. Use video_processor_factory instead.
See https://github.com/whitphx/streamlit-webrtc#for-users-since-versions-020
  webrtc_ctx = webrtc_streamer(
C:\Users\gokul krishana\OneDrive\Desktop\FaceRecognitionAI\dashboard\pages\05_Attendance.py:342: DeprecationWarning: The argument video_transformer_factory is deprecated. Use video_processor_factory instead.
See https://github.com/whitphx/streamlit-webrtc#for-users-since-versions-020
  webrtc_ctx = webrtc_streamer(
C:\Users\gokul krishana\OneDrive\Desktop\FaceRecognitionAI\dashboard\pages\05_Attendance.py:342: DeprecationWarning: The argument video_transformer_factory is deprecated. Use video_processor_factory instead.
See https://github.com/whitphx/streamlit-webrtc#for-users-since-versions-020
  webrtc_ctx = webrtc_streamer(
C:\Users\gokul krishana\OneDrive\Desktop\FaceRecognitionAI\dashboard\pages\05_Attendance.py:342: DeprecationWarning: The argument video_transformer_factory is deprecated. Use video_processor_factory instead.
See https://github.com/whitphx/streamlit-webrtc#for-users-since-versions-020
  webrtc_ctx = webrtc_streamer(
C:\Users\gokul krishana\OneDrive\Desktop\FaceRecognitionAI\dashboard\pages\05_Attendance.py:342: DeprecationWarning: The argument video_transformer_factory is deprecated. Use video_processor_factory instead.
See https://github.com/whitphx/streamlit-webrtc#for-users-since-versions-020
  webrtc_ctx = webrtc_streamer(
C:\Users\gokul krishana\OneDrive\Desktop\FaceRecognitionAI\dashboard\pages\05_Attendance.py:342: DeprecationWarning: The argument video_transformer_factory is deprecated. Use video_processor_factory instead.
See https://github.com/whitphx/streamlit-webrtc#for-users-since-versions-020
  webrtc_ctx = webrtc_streamer(
C:\Users\gokul krishana\OneDrive\Desktop\FaceRecognitionAI\dashboard\pages\05_Attendance.py:342: DeprecationWarning: The argument video_transformer_factory is deprecated. Use video_processor_factory instead.
See https://github.com/whitphx/streamlit-webrtc#for-users-since-versions-020
  webrtc_ctx = webrtc_streamer(
C:\Users\gokul krishana\OneDrive\Desktop\FaceRecognitionAI\dashboard\pages\05_Attendance.py:342: DeprecationWarning: The argument video_transformer_factory is deprecated. Use video_processor_factory instead.
See https://github.com/whitphx/streamlit-webrtc#for-users-since-versions-020
  webrtc_ctx = webrtc_streamer(
C:\Users\gokul krishana\OneDrive\Desktop\FaceRecognitionAI\dashboard\pages\05_Attendance.py:342: DeprecationWarning: The argument video_transformer_factory is deprecated. Use video_processor_factory instead.
See https://github.com/whitphx/streamlit-webrtc#for-users-since-versions-020
  webrtc_ctx = webrtc_streamer(
C:\Users\gokul krishana\OneDrive\Desktop\FaceRecognitionAI\dashboard\pages\05_Attendance.py:342: DeprecationWarning: The argument video_transformer_factory is deprecated. Use video_processor_factory instead.
See https://github.com/whitphx/streamlit-webrtc#for-users-since-versions-020
  webrtc_ctx = webrtc_streamer(
C:\Users\gokul krishana\OneDrive\Desktop\FaceRecognitionAI\dashboard\pages\05_Attendance.py:342: DeprecationWarning: The argument video_transformer_factory is deprecated. Use video_processor_factory instead.
See https://github.com/whitphx/streamlit-webrtc#for-users-since-versions-020
  webrtc_ctx = webrtc_streamer(
C:\Users\gokul krishana\OneDrive\Desktop\FaceRecognitionAI\dashboard\pages\05_Attendance.py:342: DeprecationWarning: The argument video_transformer_factory is deprecated. Use video_processor_factory instead.
See https://github.com/whitphx/streamlit-webrtc#for-users-since-versions-020
  webrtc_ctx = webrtc_streamer(
C:\Users\gokul krishana\OneDrive\Desktop\FaceRecognitionAI\dashboard\pages\05_Attendance.py:342: DeprecationWarning: The argument video_transformer_factory is deprecated. Use video_processor_factory instead.
See https://github.com/whitphx/streamlit-webrtc#for-users-since-versions-020
  webrtc_ctx = webrtc_streamer(
C:\Users\gokul krishana\OneDrive\Desktop\FaceRecognitionAI\dashboard\pages\05_Attendance.py:342: DeprecationWarning: The argument video_transformer_factory is deprecated. Use video_processor_factory instead.
See https://github.com/whitphx/streamlit-webrtc#for-users-since-versions-020
  webrtc_ctx = webrtc_streamer(
C:\Users\gokul krishana\OneDrive\Desktop\FaceRecognitionAI\dashboard\pages\05_Attendance.py:342: DeprecationWarning: The argument video_transformer_factory is deprecated. Use video_processor_factory instead.
See https://github.com/whitphx/streamlit-webrtc#for-users-since-versions-020
  webrtc_ctx = webrtc_streamer(
C:\Users\gokul krishana\OneDrive\Desktop\FaceRecognitionAI\dashboard\pages\05_Attendance.py:342: DeprecationWarning: The argument video_transformer_factory is deprecated. Use video_processor_factory instead.
See https://github.com/whitphx/streamlit-webrtc#for-users-since-versions-020
  webrtc_ctx = webrtc_streamer(
C:\Users\gokul krishana\OneDrive\Desktop\FaceRecognitionAI\dashboard\pages\05_Attendance.py:342: DeprecationWarning: The argument video_transformer_factory is deprecated. Use video_processor_factory instead.
See https://github.com/whitphx/streamlit-webrtc#for-users-since-versions-020
  webrtc_ctx = webrtc_streamer(
C:\Users\gokul krishana\OneDrive\Desktop\FaceRecognitionAI\dashboard\pages\05_Attendance.py:342: DeprecationWarning: The argument video_transformer_factory is deprecated. Use video_processor_factory instead.
See https://github.com/whitphx/streamlit-webrtc#for-users-since-versions-020
  webrtc_ctx = webrtc_streamer(
C:\Users\gokul krishana\OneDrive\Desktop\FaceRecognitionAI\dashboard\pages\05_Attendance.py:342: DeprecationWarning: The argument video_transformer_factory is deprecated. Use video_processor_factory instead.
See https://github.com/whitphx/streamlit-webrtc#for-users-since-versions-020
  webrtc_ctx = webrtc_streamer(
C:\Users\gokul krishana\OneDrive\Desktop\FaceRecognitionAI\dashboard\pages\05_Attendance.py:342: DeprecationWarning: The argument video_transformer_factory is deprecated. Use video_processor_factory instead.
See https://github.com/whitphx/streamlit-webrtc#for-users-since-versions-020
  webrtc_ctx = webrtc_streamer(
C:\Users\gokul krishana\OneDrive\Desktop\FaceRecognitionAI\dashboard\pages\05_Attendance.py:342: DeprecationWarning: The argument video_transformer_factory is deprecated. Use video_processor_factory instead.
See https://github.com/whitphx/streamlit-webrtc#for-users-since-versions-020
  webrtc_ctx = webrtc_streamer(
[ WARN:10@3228.382] global cap.cpp:344 cv::VideoCapture::open VIDEOIO(DSHOW): backend is generally available but can't be used to capture by index
[ WARN:10@3228.386] global cap.cpp:344 cv::VideoCapture::open VIDEOIO(DSHOW): backend is generally available but can't be used to capture by index
[ WARN:10@3228.389] global cap.cpp:344 cv::VideoCapture::open VIDEOIO(DSHOW): backend is generally available but can't be used to capture by index
[ WARN:10@3228.392] global cap.cpp:344 cv::VideoCapture::open VIDEOIO(DSHOW): backend is generally available but can't be used to capture by index
[ WARN:11@3231.659] global cap.cpp:344 cv::VideoCapture::open VIDEOIO(DSHOW): backend is generally available but can't be used to capture by index
[ WARN:11@3231.662] global cap.cpp:344 cv::VideoCapture::open VIDEOIO(DSHOW): backend is generally available but can't be used to capture by index
[ WARN:11@3231.665] global cap.cpp:344 cv::VideoCapture::open VIDEOIO(DSHOW): backend is generally available but can't be used to capture by index
[ WARN:11@3231.667] global cap.cpp:344 cv::VideoCapture::open VIDEOIO(DSHOW): backend is generally available but can't be used to capture by index
[ WARN:12@3234.247] global cap.cpp:344 cv::VideoCapture::open VIDEOIO(DSHOW): backend is generally available but can't be used to capture by index
[ WARN:12@3234.251] global cap.cpp:344 cv::VideoCapture::open VIDEOIO(DSHOW): backend is generally available but can't be used to capture by index
[ WARN:12@3234.255] global cap.cpp:344 cv::VideoCapture::open VIDEOIO(DSHOW): backend is generally available but can't be used to capture by index
[ WARN:12@3234.258] global cap.cpp:344 cv::VideoCapture::open VIDEOIO(DSHOW): backend is generally available but can't be used to capture by index
C:\Users\gokul krishana\AppData\Local\Programs\Python\Python312\Lib\site-packages\insightface\utils\face_align.py:23: FutureWarning: `estimate` is deprecated since version 0.26 and will be removed in version 2.2. Please use `SimilarityTransform.from_estimate` class constructor instead.
  tform.estimate(lmk, dst)
C:\Users\gokul krishana\AppData\Local\Programs\Python\Python312\Lib\site-packages\insightface\utils\face_align.py:23: FutureWarning: `estimate` is deprecated since version 0.26 and will be removed in version 2.2. Please use `SimilarityTransform.from_estimate` class constructor instead.
  tform.estimate(lmk, dst)
C:\Users\gokul krishana\AppData\Local\Programs\Python\Python312\Lib\site-packages\insightface\utils\face_align.py:23: FutureWarning: `estimate` is deprecated since version 0.26 and will be removed in version 2.2. Please use `SimilarityTransform.from_estimate` class constructor instead.
  tform.estimate(lmk, dst)
C:\Users\gokul krishana\AppData\Local\Programs\Python\Python312\Lib\site-packages\insightface\utils\face_align.py:23: FutureWarning: `estimate` is deprecated since version 0.26 and will be removed in version 2.2. Please use `SimilarityTransform.from_estimate` class constructor instead.
  tform.estimate(lmk, dst)
 detection [1, 3, '?', '?'] 127.5 128.0
Applied providers: ['CPUExecutionProvider'], with options: {'CPUExecutionProvider': {}}
find model: C:\Users\gokul krishana\OneDrive\Desktop\FaceRecognitionAI\models\.insightface\models\buffalo_l\genderage.onnx genderage ['None', 3, 96, 96] 0.0 1.0
Applied providers: ['CPUExecutionProvider'], with options: {'CPUExecutionProvider': {}}
find model: C:\Users\gokul krishana\OneDrive\Desktop\FaceRecognitionAI\models\.insightface\models\buffalo_l\w600k_r50.onnx recognition ['None', 3, 112, 112] 127.5 127.5
set det-size: (640, 640)
[ModelCache] Models loaded — 100101 enrolled faces
[ModelCache] Loading shared AI models (YOLO, InsightFace, FAISS, AMFR)...
Applied providers: ['CPUExecutionProvider'], with options: {'CPUExecutionProvider': {}}
find model: C:\Users\gokul krishana\OneDrive\Desktop\FaceRecognitionAI\models\.insightface\models\buffalo_l\1k3d68.onnx landmark_3d_68 ['None', 3, 192, 192] 0.0 1.0
Applied providers: ['CPUExecutionProvider'], with options: {'CPUExecutionProvider': {}}
find model: C:\Users\gokul krishana\OneDrive\Desktop\FaceRecognitionAI\models\.insightface\models\buffalo_l\2d106det.onnx landmark_2d_106 ['None', 3, 192, 192] 0.0 1.0
Applied providers: ['CPUExecutionProvider'], with options: {'CPUExecutionProvider': {}}
find model: C:\Users\gokul krishana\OneDrive\Desktop\FaceRecognitionAI\models\.insightface\models\buffalo_l\det_10g.onnx detection [1, 3, '?', '?'] 127.5 128.0
Applied providers: ['CPUExecutionProvider'], with options: {'CPUExecutionProvider': {}}
find model: C:\Users\gokul krishana\OneDrive\Desktop\FaceRecognitionAI\models\.insightface\models\buffalo_l\genderage.onnx genderage ['None', 3, 96, 96] 0.0 1.0
Applied providers: ['CPUExecutionProvider'], with options: {'CPUExecutionProvider': {}}
find model: C:\Users\gokul krishana\OneDrive\Desktop\FaceRecognitionAI\models\.insightface\models\buffalo_l\w600k_r50.onnx recognition ['None', 3, 112, 112] 127.5 127.5
set det-size: (640, 640)
[ModelCache] Models loaded — 100101 enrolled faces
[ModelCache] Loading shared AI models (YOLO, InsightFace, FAISS, AMFR)...
Applied providers: ['CPUExecutionProvider'], with options: {'CPUExecutionProvider': {}}
find model: C:\Users\gokul krishana\OneDrive\Desktop\FaceRecognitionAI\models\.insightface\models\buffalo_l\1k3d68.onnx landmark_3d_68 ['None', 3, 192, 192] 0.0 1.0
Applied providers: ['CPUExecutionProvider'], with options: {'CPUExecutionProvider': {}}
find model: C:\Users\gokul krishana\OneDrive\Desktop\FaceRecognitionAI\models\.insightface\models\buffalo_l\2d106det.onnx landmark_2d_106 ['None', 3, 192, 192] 0.0 1.0
Applied providers: ['CPUExecutionProvider'], with options: {'CPUExecutionProvider': {}}
find model: C:\Users\gokul krishana\OneDrive\Desktop\FaceRecognitionAI\models\.insightface\models\buffalo_l\det_10g.onnx detection [1, 3, '?', '?'] 127.5 128.0
Applied providers: ['CPUExecutionProvider'], with options: {'CPUExecutionProvider': {}}
find model: C:\Users\gokul krishana\OneDrive\Desktop\FaceRecognitionAI\models\.insightface\models\buffalo_l\genderage.onnx genderage ['None', 3, 96, 96] 0.0 1.0
Applied providers: ['CPUExecutionProvider'], with options: {'CPUExecutionProvider': {}}
find model: C:\Users\gokul krishana\OneDrive\Desktop\FaceRecognitionAI\models\.insightface\models\buffalo_l\w600k_r50.onnx recognition ['None', 3, 112, 112] 127.5 127.5
set det-size: (640, 640)
[ModelCache] Models loaded — 100101 enrolled faces
[ModelCache] Loading shared AI models (YOLO, InsightFace, FAISS, AMFR)...
Applied providers: ['CPUExecutionProvider'], with options: {'CPUExecutionProvider': {}}
find model: C:\Users\gokul krishana\OneDrive\Desktop\FaceRecognitionAI\models\.insightface\models\buffalo_l\1k3d68.onnx landmark_3d_68 ['None', 3, 192, 192] 0.0 1.0
Applied providers: ['CPUExecutionProvider'], with options: {'CPUExecutionProvider': {}}
find model: C:\Users\gokul krishana\OneDrive\Desktop\FaceRecognitionAI\models\.insightface\models\buffalo_l\2d106det.onnx landmark_2d_106 ['None', 3, 192, 192] 0.0 1.0
Applied providers: ['CPUExecutionProvider'], with options: {'CPUExecutionProvider': {}}
find model: C:\Users\gokul krishana\OneDrive\Desktop\FaceRecognitionAI\models\.insightface\models\buffalo_l\det_10g.onnx detection [1, 3, '?', '?'] 127.5 128.0
Applied providers: ['CPUExecutionProvider'], with options: {'CPUExecutionProvider': {}}
find model: C:\Users\gokul krishana\OneDrive\Desktop\FaceRecognitionAI\models\.insightface\models\buffalo_l\genderage.onnx genderage ['None', 3, 96, 96] 0.0 1.0
Applied providers: ['CPUExecutionProvider'], with options: {'CPUExecutionProvider': {}}
find model: C:\Users\gokul krishana\OneDrive\Desktop\FaceRecognitionAI\models\.insightface\models\buffalo_l\w600k_r50.onnx recognition ['None', 3, 112, 112] 127.5 127.5
set det-size: (640, 640)
[ModelCache] Models loaded — 100101 enrolled faces
[ModelCache] Loading shared AI models (YOLO, InsightFace, FAISS, AMFR)...
Applied providers: ['CPUExecutionProvider'], with options: {'CPUExecutionProvider': {}}
find model: C:\Users\gokul krishana\OneDrive\Desktop\FaceRecognitionAI\models\.insightface\models\buffalo_l\1k3d68.onnx landmark_3d_68 ['None', 3, 192, 192] 0.0 1.0
Applied providers: ['CPUExecutionProvider'], with options: {'CPUExecutionProvider': {}}
find model: C:\Users\gokul krishana\OneDrive\Desktop\FaceRecognitionAI\models\.insightface\models\buffalo_l\2d106det.onnx landmark_2d_106 ['None', 3, 192, 192] 0.0 1.0
Applied providers: ['CPUExecutionProvider'], with options: {'CPUExecutionProvider': {}}
find model: C:\Users\gokul krishana\OneDrive\Desktop\FaceRecognitionAI\models\.insightface\models\buffalo_l\det_10g.onnx detection [1, 3, '?', '?'] 127.5 128.0
Applied providers: ['CPUExecutionProvider'], with options: {'CPUExecutionProvider': {}}
find model: C:\Users\gokul krishana\OneDrive\Desktop\FaceRecognitionAI\models\.insightface\models\buffalo_l\genderage.onnx genderage ['None', 3, 96, 96] 0.0 1.0
Applied providers: ['CPUExecutionProvider'], with options: {'CPUExecutionProvider': {}}
find model: C:\Users\gokul krishana\OneDrive\Desktop\FaceRecognitionAI\models\.insightface\models\buffalo_l\w600k_r50.onnx recognition ['None', 3, 112, 112] 127.5 127.5
set det-size: (640, 640)
[ModelCache] Models loaded — 1 enrolled faces
[ModelCache] Loading shared AI models (YOLO, InsightFace, FAISS, AMFR)...
Applied providers: ['CPUExecutionProvider'], with options: {'CPUExecutionProvider': {}}
find model: C:\Users\gokul krishana\OneDrive\Desktop\FaceRecognitionAI\models\.insightface\models\buffalo_l\1k3d68.onnx landmark_3d_68 ['None', 3, 192, 192] 0.0 1.0
Applied providers: ['CPUExecutionProvider'], with options: {'CPUExecutionProvider': {}}
find model: C:\Users\gokul krishana\OneDrive\Desktop\FaceRecognitionAI\models\.insightface\models\buffalo_l\2d106det.onnx landmark_2d_106 ['None', 3, 192, 192] 0.0 1.0
Applied providers: ['CPUExecutionProvider'], with options: {'CPUExecutionProvider': {}}
find model: C:\Users\gokul krishana\OneDrive\Desktop\FaceRecognitionAI\models\.insightface\models\buffalo_l\det_10g.onnx detection [1, 3, '?', '?'] 127.5 128.0
Applied providers: ['CPUExecutionProvider'], with options: {'CPUExecutionProvider': {}}
find model: C:\Users\gokul krishana\OneDrive\Desktop\FaceRecognitionAI\models\.insightface\models\buffalo_l\genderage.onnx genderage ['None', 3, 96, 96] 0.0 1.0
Applied providers: ['CPUExecutionProvider'], with options: {'CPUExecutionProvider': {}}
find model: C:\Users\gokul krishana\OneDrive\Desktop\FaceRecognitionAI\models\.insightface\models\buffalo_l\w600k_r50.onnx recognition ['None', 3, 112, 112] 127.5 127.5
set det-size: (640, 640)
[ModelCache] Models loaded — 1 enrolled faces
[ModelCache] Loading shared AI models (YOLO, InsightFace, FAISS, AMFR)...
Applied providers: ['CPUExecutionProvider'], with options: {'CPUExecutionProvider': {}}
find model: C:\Users\gokul krishana\OneDrive\Desktop\FaceRecognitionAI\models\.insightface\models\buffalo_l\1k3d68.onnx landmark_3d_68 ['None', 3, 192, 192] 0.0 1.0
Applied providers: ['CPUExecutionProvider'], with options: {'CPUExecutionProvider': {}}
find model: C:\Users\gokul krishana\OneDrive\Desktop\FaceRecognitionAI\models\.insightface\models\buffalo_l\2d106det.onnx landmark_2d_106 ['None', 3, 192, 192] 0.0 1.0
Applied providers: ['CPUExecutionProvider'], with options: {'CPUExecutionProvider': {}}
find model: C:\Users\gokul krishana\OneDrive\Desktop\FaceRecognitionAI\models\.insightface\models\buffalo_l\det_10g.onnx detection [1, 3, '?', '?'] 127.5 128.0
Applied providers: ['CPUExecutionProvider'], with options: {'CPUExecutionProvider': {}}
find model: C:\Users\gokul krishana\OneDrive\Desktop\FaceRecognitionAI\models\.insightface\models\buffalo_l\genderage.onnx genderage ['None', 3, 96, 96] 0.0 1.0
Applied providers: ['CPUExecutionProvider'], with options: {'CPUExecutionProvider': {}}
find model: C:\Users\gokul krishana\OneDrive\Desktop\FaceRecognitionAI\models\.insightface\models\buffalo_l\w600k_r50.onnx recognition ['None', 3, 112, 112] 127.5 127.5
set det-size: (640, 640)
[ModelCache] Models loaded — 1 enrolled faces
[ModelCache] Loading shared AI models (YOLO, InsightFace, FAISS, AMFR)...
Applied providers: ['CPUExecutionProvider'], with options: {'CPUExecutionProvider': {}}
find model: C:\Users\gokul krishana\OneDrive\Desktop\FaceRecognitionAI\models\.insightface\models\buffalo_l\1k3d68.onnx landmark_3d_68 ['None', 3, 192, 192] 0.0 1.0
Applied providers: ['CPUExecutionProvider'], with options: {'CPUExecutionProvider': {}}
find model: C:\Users\gokul krishana\OneDrive\Desktop\FaceRecognitionAI\models\.insightface\models\buffalo_l\2d106det.onnx landmark_2d_106 ['None', 3, 192, 192] 0.0 1.0
Applied providers: ['CPUExecutionProvider'], with options: {'CPUExecutionProvider': {}}
find model: C:\Users\gokul krishana\OneDrive\Desktop\FaceRecognitionAI\models\.insightface\models\buffalo_l\det_10g.onnx detection [1, 3, '?', '?'] 127.5 128.0
Applied providers: ['CPUExecutionProvider'], with options: {'CPUExecutionProvider': {}}
find model: C:\Users\gokul krishana\OneDrive\Desktop\FaceRecognitionAI\models\.insightface\models\buffalo_l\genderage.onnx genderage ['None', 3, 96, 96] 0.0 1.0
[Webcam] Opened camera #0 via DirectShow
Applied providers: ['CPUExecutionProvider'], with options: {'CPUExecutionProvider': {}}
find model: C:\Users\gokul krishana\OneDrive\Desktop\FaceRecognitionAI\models\.insightface\models\buffalo_l\w600k_r50.onnx recognition ['None', 3, 112, 112] 127.5 127.5
set det-size: (640, 640)
[ModelCache] Models loaded — 1 enrolled faces
[Webcam] Opened camera #0 via DirectShow
[ModelCache] Loading shared AI models (YOLO, InsightFace, FAISS, AMFR)...
Applied providers: ['CPUExecutionProvider'], with options: {'CPUExecutionProvider': {}}
find model: C:\Users\gokul krishana\OneDrive\Desktop\FaceRecognitionAI\models\.insightface\models\buffalo_l\1k3d68.onnx landmark_3d_68 ['None', 3, 192, 192] 0.0 1.0
Applied providers: ['CPUExecutionProvider'], with options: {'CPUExecutionProvider': {}}
find model: C:\Users\gokul krishana\OneDrive\Desktop\FaceRecognitionAI\models\.insightface\models\buffalo_l\2d106det.onnx landmark_2d_106 ['None', 3, 192, 192] 0.0 1.0
Applied providers: ['CPUExecutionProvider'], with options: {'CPUExecutionProvider': {}}
find model: C:\Users\gokul krishana\OneDrive\Desktop\FaceRecognitionAI\models\.insightface\models\buffalo_l\det_10g.onnx detection [1, 3, '?', '?'] 127.5 128.0
Applied providers: ['CPUExecutionProvider'], with options: {'CPUExecutionProvider': {}}
find model: C:\Users\gokul krishana\OneDrive\Desktop\FaceRecognitionAI\models\.insightface\models\buffalo_l\genderage.onnx genderage ['None', 3, 96, 96] 0.0 1.0
Applied providers: ['CPUExecutionProvider'], with options: {'CPUExecutionProvider': {}}
find model: C:\Users\gokul krishana\OneDrive\Desktop\FaceRecognitionAI\models\.insightface\models\buffalo_l\w600k_r50.onnx recognition ['None', 3, 112, 112] 127.5 127.5
set det-size: (640, 640)
[ModelCache] Models loaded — 1 enrolled faces
[ModelCache] Loading shared AI models (YOLO, InsightFace, FAISS, AMFR)...
Applied providers: ['CPUExecutionProvider'], with options: {'CPUExecutionProvider': {}}
find model: C:\Users\gokul krishana\OneDrive\Desktop\FaceRecognitionAI\models\.insightface\models\buffalo_l\1k3d68.onnx landmark_3d_68 ['None', 3, 192, 192] 0.0 1.0
Applied providers: ['CPUExecutionProvider'], with options: {'CPUExecutionProvider': {}}
find model: C:\Users\gokul krishana\OneDrive\Desktop\FaceRecognitionAI\models\.insightface\models\buffalo_l\2d106det.onnx landmark_2d_106 ['None', 3, 192, 192] 0.0 1.0
Applied providers: ['CPUExecutionProvider'], with options: {'CPUExecutionProvider': {}}
find model: C:\Users\gokul krishana\OneDrive\Desktop\FaceRecognitionAI\models\.insightface\models\buffalo_l\det_10g.onnx detection [1, 3, '?', '?'] 127.5 128.0
Applied providers: ['CPUExecutionProvider'], with options: {'CPUExecutionProvider': {}}
find model: C:\Users\gokul krishana\OneDrive\Desktop\FaceRecognitionAI\models\.insightface\models\buffalo_l\genderage.onnx genderage ['None', 3, 96, 96] 0.0 1.0
Applied providers: ['CPUExecutionProvider'], with options: {'CPUExecutionProvider': {}}
find model: C:\Users\gokul krishana\OneDrive\Desktop\FaceRecognitionAI\models\.insightface\models\buffalo_l\w600k_r50.onnx recognition ['None', 3, 112, 112] 127.5 127.5
set det-size: (640, 640)
[ModelCache] Models loaded — 1 enrolled faces
[ModelCache] Loading shared AI models (YOLO, InsightFace, FAISS, AMFR)...
Applied providers: ['CPUExecutionProvider'], with options: {'CPUExecutionProvider': {}}
find model: C:\Users\gokul krishana\OneDrive\Desktop\FaceRecognitionAI\models\.insightface\models\buffalo_l\1k3d68.onnx landmark_3d_68 ['None', 3, 192, 192] 0.0 1.0
Applied providers: ['CPUExecutionProvider'], with options: {'CPUExecutionProvider': {}}
find model: C:\Users\gokul krishana\OneDrive\Desktop\FaceRecognitionAI\models\.insightface\models\buffalo_l\2d106det.onnx landmark_2d_106 ['None', 3, 192, 192] 0.0 1.0
Applied providers: ['CPUExecutionProvider'], with options: {'CPUExecutionProvider': {}}
find model: C:\Users\gokul krishana\OneDrive\Desktop\FaceRecognitionAI\models\.insightface\models\buffalo_l\det_10g.onnx detection [1, 3, '?', '?'] 127.5 128.0
Applied providers: ['CPUExecutionProvider'], with options: {'CPUExecutionProvider': {}}
find model: C:\Users\gokul krishana\OneDrive\Desktop\FaceRecognitionAI\models\.insightface\models\buffalo_l\genderage.onnx genderage ['None', 3, 96, 96] 0.0 1.0
Applied providers: ['CPUExecutionProvider'], with options: {'CPUExecutionProvider': {}}
find model: C:\Users\gokul krishana\OneDrive\Desktop\FaceRecognitionAI\models\.insightface\models\buffalo_l\w600k_r50.onnx recognition ['None', 3, 112, 112] 127.5 127.5
set det-size: (640, 640)
[ModelCache] Models loaded — 1 enrolled faces
[ModelCache] Loading shared AI models (YOLO, InsightFace, FAISS, AMFR)...
Applied providers: ['CPUExecutionProvider'], with options: {'CPUExecutionProvider': {}}
find model: C:\Users\gokul krishana\OneDrive\Desktop\FaceRecognitionAI\models\.insightface\models\buffalo_l\1k3d68.onnx landmark_3d_68 ['None', 3, 192, 192] 0.0 1.0
Applied providers: ['CPUExecutionProvider'], with options: {'CPUExecutionProvider': {}}
find model: C:\Users\gokul krishana\OneDrive\Desktop\FaceRecognitionAI\models\.insightface\models\buffalo_l\2d106det.onnx landmark_2d_106 ['None', 3, 192, 192] 0.0 1.0
Applied providers: ['CPUExecutionProvider'], with options: {'CPUExecutionProvider': {}}
find model: C:\Users\gokul krishana\OneDrive\Desktop\FaceRecognitionAI\models\.insightface\models\buffalo_l\det_10g.onnx detection [1, 3, '?', '?'] 127.5 128.0
Applied providers: ['CPUExecutionProvider'], with options: {'CPUExecutionProvider': {}}
find model: C:\Users\gokul krishana\OneDrive\Desktop\FaceRecognitionAI\models\.insightface\models\buffalo_l\genderage.onnx genderage ['None', 3, 96, 96] 0.0 1.0
Applied providers: ['CPUExecutionProvider'], with options: {'CPUExecutionProvider': {}}
find model: C:\Users\gokul krishana\OneDrive\Desktop\FaceRecognitionAI\models\.insightface\models\buffalo_l\w600k_r50.onnx recognition ['None', 3, 112, 112] 127.5 127.5
set det-size: (640, 640)
[ModelCache] Models loaded — 1 enrolled faces
[ModelCache] Loading shared AI models (YOLO, InsightFace, FAISS, AMFR)...C:\Users\gokul krishana\AppData\Local\Programs\Python\Python312\Lib\site-packages\insightface\utils\face_align.py:23: FutureWarning: `estimate` is deprecated since version 0.26 and will be removed in version 2.2. Please use `SimilarityTransform.from_estimate` class constructor instead.
  tform.estimate(lmk, dst)
C:\Users\gokul krishana\AppData\Local\Programs\Python\Python312\Lib\site-packages\insightface\utils\face_align.py:23: FutureWarning: `estimate` is deprecated since version 0.26 and will be removed in version 2.2. Please use `SimilarityTransform.from_estimate` class constructor instead.
  tform.estimate(lmk, dst)
C:\Users\gokul krishana\AppData\Local\Programs\Python\Python312\Lib\site-packages\insightface\utils\face_align.py:23: FutureWarning: `estimate` is deprecated since version 0.26 and will be removed in version 2.2. Please use `SimilarityTransform.from_estimate` class constructor instead.
  tform.estimate(lmk, dst)
C:\Users\gokul krishana\AppData\Local\Programs\Python\Python312\Lib\site-packages\insightface\utils\face_align.py:23: FutureWarning: `estimate` is deprecated since version 0.26 and will be removed in version 2.2. Please use `SimilarityTransform.from_estimate` class constructor instead.
  tform.estimate(lmk, dst)

Applied providers: ['CPUExecutionProvider'], with options: {'CPUExecutionProvider': {}}
find model: C:\Users\gokul krishana\OneDrive\Desktop\FaceRecognitionAI\models\.insightface\models\buffalo_l\1k3d68.onnx landmark_3d_68 ['None', 3, 192, 192] 0.0 1.0
Applied providers: ['CPUExecutionProvider'], with options: {'CPUExecutionProvider': {}}
find model: C:\Users\gokul krishana\OneDrive\Desktop\FaceRecognitionAI\models\.insightface\models\buffalo_l\2d106det.onnx landmark_2d_106 ['None', 3, 192, 192] 0.0 1.0
Applied providers: ['CPUExecutionProvider'], with options: {'CPUExecutionProvider': {}}
find model: C:\Users\gokul krishana\OneDrive\Desktop\FaceRecognitionAI\models\.insightface\models\buffalo_l\det_10g.onnx detection [1, 3, '?', '?'] 127.5 128.0
Applied providers: ['CPUExecutionProvider'], with options: {'CPUExecutionProvider': {}}
find model: C:\Users\gokul krishana\OneDrive\Desktop\FaceRecognitionAI\models\.insightface\models\buffalo_l\genderage.onnx genderage ['None', 3, 96, 96] 0.0 1.0
Applied providers: ['CPUExecutionProvider'], with options: {'CPUExecutionProvider': {}}
find model: C:\Users\gokul krishana\OneDrive\Desktop\FaceRecognitionAI\models\.insightface\models\buffalo_l\w600k_r50.onnx recognition ['None', 3, 112, 112] 127.5 127.5
set det-size: (640, 640)
[ModelCache] Models loaded — 1 enrolled faces
[ModelCache] Loading shared AI models (YOLO, InsightFace, FAISS, AMFR)...
Applied providers: ['CPUExecutionProvider'], with options: {'CPUExecutionProvider': {}}
find model: C:\Users\gokul krishana\OneDrive\Desktop\FaceRecognitionAI\models\.insightface\models\buffalo_l\1k3d68.onnx landmark_3d_68 ['None', 3, 192, 192] 0.0 1.0
Applied providers: ['CPUExecutionProvider'], with options: {'CPUExecutionProvider': {}}
find model: C:\Users\gokul krishana\OneDrive\Desktop\FaceRecognitionAI\models\.insightface\models\buffalo_l\2d106det.onnx landmark_2d_106 ['None', 3, 192, 192] 0.0 1.0
Applied providers: ['CPUExecutionProvider'], with options: {'CPUExecutionProvider': {}}
find model: C:\Users\gokul krishana\OneDrive\Desktop\FaceRecognitionAI\models\.insightface\models\buffalo_l\det_10g.onnx detection [1, 3, '?', '?'] 127.5 128.0
Applied providers: ['CPUExecutionProvider'], with options: {'CPUExecutionProvider': {}}
find model: C:\Users\gokul krishana\OneDrive\Desktop\FaceRecognitionAI\models\.insightface\models\buffalo_l\genderage.onnx genderage ['None', 3, 96, 96] 0.0 1.0
Applied providers: ['CPUExecutionProvider'], with options: {'CPUExecutionProvider': {}}
find model: C:\Users\gokul krishana\OneDrive\Desktop\FaceRecognitionAI\models\.insightface\models\buffalo_l\w600k_r50.onnx recognition ['None', 3, 112, 112] 127.5 127.5
set det-size: (640, 640)
[ModelCache] Models loaded — 1 enrolled faces
[ModelCache] Loading shared AI models (YOLO, InsightFace, FAISS, AMFR)...
Applied providers: ['CPUExecutionProvider'], with options: {'CPUExecutionProvider': {}}
find model: C:\Users\gokul krishana\OneDrive\Desktop\FaceRecognitionAI\models\.insightface\models\buffalo_l\1k3d68.onnx landmark_3d_68 ['None', 3, 192, 192] 0.0 1.0
Applied providers: ['CPUExecutionProvider'], with options: {'CPUExecutionProvider': {}}
find model: C:\Users\gokul krishana\OneDrive\Desktop\FaceRecognitionAI\models\.insightface\models\buffalo_l\2d106det.onnx landmark_2d_106 ['None', 3, 192, 192] 0.0 1.0
Applied providers: ['CPUExecutionProvider'], with options: {'CPUExecutionProvider': {}}
find model: C:\Users\gokul krishana\OneDrive\Desktop\FaceRecognitionAI\models\.insightface\models\buffalo_l\det_10g.onnx detection [1, 3, '?', '?'] 127.5 128.0
Applied providers: ['CPUExecutionProvider'], with options: {'CPUExecutionProvider': {}}
find model: C:\Users\gokul krishana\OneDrive\Desktop\FaceRecognitionAI\models\.insightface\models\buffalo_l\genderage.onnx genderage ['None', 3, 96, 96] 0.0 1.0
Applied providers: ['CPUExecutionProvider'], with options: {'CPUExecutionProvider': {}}
find model: C:\Users\gokul krishana\OneDrive\Desktop\FaceRecognitionAI\models\.insightface\models\buffalo_l\w600k_r50.onnx recognition ['None', 3, 112, 112] 127.5 127.5
set det-size: (640, 640)
[ModelCache] Models loaded — 1 enrolled faces
[ModelCache] Loading shared AI models (YOLO, InsightFace, FAISS, AMFR)...
Applied providers: ['CPUExecutionProvider'], with options: {'CPUExecutionProvider': {}}
find model: C:\Users\gokul krishana\OneDrive\Desktop\FaceRecognitionAI\models\.insightface\models\buffalo_l\1k3d68.onnx landmark_3d_68 ['None', 3, 192, 192] 0.0 1.0
Applied providers: ['CPUExecutionProvider'], with options: {'CPUExecutionProvider': {}}
find model: C:\Users\gokul krishana\OneDrive\Desktop\FaceRecognitionAI\models\.insightface\models\buffalo_l\2d106det.onnx landmark_2d_106 ['None', 3, 192, 192] 0.0 1.0
Applied providers: ['CPUExecutionProvider'], with options: {'CPUExecutionProvider': {}}
find model: C:\Users\gokul krishana\OneDrive\Desktop\FaceRecognitionAI\models\.insightface\models\buffalo_l\det_10g.onnx detection [1, 3, '?', '?'] 127.5 128.0
Applied providers: ['CPUExecutionProvider'], with options: {'CPUExecutionProvider': {}}
find model: C:\Users\gokul krishana\OneDrive\Desktop\FaceRecognitionAI\models\.insightface\models\buffalo_l\genderage.onnx genderage ['None', 3, 96, 96] 0.0 1.0
Applied providers: ['CPUExecutionProvider'], with options: {'CPUExecutionProvider': {}}
find model: C:\Users\gokul krishana\OneDrive\Desktop\FaceRecognitionAI\models\.insightface\models\buffalo_l\w600k_r50.onnx recognition ['None', 3, 112, 112] 127.5 127.5
set det-size: (640, 640)
[ModelCache] Models loaded — 1 enrolled faces
[ModelCache] Loading shared AI models (YOLO, InsightFace, FAISS, AMFR)...
Applied providers: ['CPUExecutionProvider'], with options: {'CPUExecutionProvider': {}}
find model: C:\Users\gokul krishana\OneDrive\Desktop\FaceRecognitionAI\models\.insightface\models\buffalo_l\1k3d68.onnx landmark_3d_68 ['None', 3, 192, 192] 0.0 1.0
Applied providers: ['CPUExecutionProvider'], with options: {'CPUExecutionProvider': {}}
find model: C:\Users\gokul krishana\OneDrive\Desktop\FaceRecognitionAI\models\.insightface\models\buffalo_l\2d106det.onnx landmark_2d_106 ['None', 3, 192, 192] 0.0 1.0
Applied providers: ['CPUExecutionProvider'], with options: {'CPUExecutionProvider': {}}
find model: C:\Users\gokul krishana\OneDrive\Desktop\FaceRecognitionAI\models\.insightface\models\buffalo_l\det_10g.onnx detection [1, 3, '?', '?'] 127.5 128.0
Applied providers: ['CPUExecutionProvider'], with options: {'CPUExecutionProvider': {}}
find model: C:\Users\gokul krishana\OneDrive\Desktop\FaceRecognitionAI\models\.insightface\models\buffalo_l\genderage.onnx genderage ['None', 3, 96, 96] 0.0 1.0
Applied providers: ['CPUExecutionProvider'], with options: {'CPUExecutionProvider': {}}
find model: C:\Users\gokul krishana\OneDrive\Desktop\FaceRecognitionAI\models\.insightface\models\buffalo_l\w600k_r50.onnx recognition ['None', 3, 112, 112] 127.5 127.5
set det-size: (640, 640)
[ModelCache] Models loaded — 1 enrolled faces
[ModelCache] Loading shared AI models (YOLO, InsightFace, FAISS, AMFR)...
Applied providers: ['CPUExecutionProvider'], with options: {'CPUExecutionProvider': {}}
find model: C:\Users\gokul krishana\OneDrive\Desktop\FaceRecognitionAI\models\.insightface\models\buffalo_l\1k3d68.onnx landmark_3d_68 ['None', 3, 192, 192] 0.0 1.0
Applied providers: ['CPUExecutionProvider'], with options: {'CPUExecutionProvider': {}}
find model: C:\Users\gokul krishana\OneDrive\Desktop\FaceRecognitionAI\models\.insightface\models\buffalo_l\2d106det.onnx landmark_2d_106 ['None', 3, 192, 192] 0.0 1.0
Applied providers: ['CPUExecutionProvider'], with options: {'CPUExecutionProvider': {}}
find model: C:\Users\gokul krishana\OneDrive\Desktop\FaceRecognitionAI\models\.insightface\models\buffalo_l\det_10g.onnx detection [1, 3, '?', '?'] 127.5 128.0
Applied providers: ['CPUExecutionProvider'], with options: {'CPUExecutionProvider': {}}
find model: C:\Users\gokul krishana\OneDrive\Desktop\FaceRecognitionAI\models\.insightface\models\buffalo_l\genderage.onnx genderage ['None', 3, 96, 96] 0.0 1.0
Applied providers: ['CPUExecutionProvider'], with options: {'CPUExecutionProvider': {}}C:\Users\gokul krishana\AppData\Local\Programs\Python\Python312\Lib\site-packages\insightface\utils\face_align.py:23: FutureWarning: `estimate` is deprecated since version 0.26 and will be removed in version 2.2. Please use `SimilarityTransform.from_estimate` class constructor instead.
  tform.estimate(lmk, dst)
C:\Users\gokul krishana\AppData\Local\Programs\Python\Python312\Lib\site-packages\insightface\utils\face_align.py:23: FutureWarning: `estimate` is deprecated since version 0.26 and will be removed in version 2.2. Please use `SimilarityTransform.from_estimate` class constructor instead.
  tform.estimate(lmk, dst)
C:\Users\gokul krishana\AppData\Local\Programs\Python\Python312\Lib\site-packages\insightface\utils\face_align.py:23: FutureWarning: `estimate` is deprecated since version 0.26 and will be removed in version 2.2. Please use `SimilarityTransform.from_estimate` class constructor instead.
  tform.estimate(lmk, dst)
[ WARN:13@3305.927] global cap.cpp:344 cv::VideoCapture::open VIDEOIO(DSHOW): backend is generally available but can't be used to capture by index
[ WARN:13@3305.931] global cap.cpp:344 cv::VideoCapture::open VIDEOIO(DSHOW): backend is generally available but can't be used to capture by index
[ WARN:13@3305.933] global cap.cpp:344 cv::VideoCapture::open VIDEOIO(DSHOW): backend is generally available but can't be used to capture by index
[ WARN:13@3305.937] global cap.cpp:344 cv::VideoCapture::open VIDEOIO(DSHOW): backend is generally available but can't be used to capture by index
C:\Users\gokul krishana\AppData\Local\Programs\Python\Python312\Lib\site-packages\insightface\utils\face_align.py:23: FutureWarning: `estimate` is deprecated since version 0.26 and will be removed in version 2.2. Please use `SimilarityTransform.from_estimate` class constructor instead.
  tform.estimate(lmk, dst)
C:\Users\gokul krishana\AppData\Local\Programs\Python\Python312\Lib\site-packages\insightface\utils\face_align.py:23: FutureWarning: `estimate` is deprecated since version 0.26 and will be removed in version 2.2. Please use `SimilarityTransform.from_estimate` class constructor instead.
  tform.estimate(lmk, dst)

find model: C:\Users\gokul krishana\OneDrive\Desktop\FaceRecognitionAI\models\.insightface\models\buffalo_l\w600k_r50.onnx recognition ['None', 3, 112, 112] 127.5 127.5
set det-size: (640, 640)
[ModelCache] Models loaded — 1 enrolled faces
[ModelCache] Loading shared AI models (YOLO, InsightFace, FAISS, AMFR)...
Applied providers: ['CPUExecutionProvider'], with options: {'CPUExecutionProvider': {}}
find model: C:\Users\gokul krishana\OneDrive\Desktop\FaceRecognitionAI\models\.insightface\models\buffalo_l\1k3d68.onnx landmark_3d_68 ['None', 3, 192, 192] 0.0 1.0
Applied providers: ['CPUExecutionProvider'], with options: {'CPUExecutionProvider': {}}
find model: C:\Users\gokul krishana\OneDrive\Desktop\FaceRecognitionAI\models\.insightface\models\buffalo_l\2d106det.onnx landmark_2d_106 ['None', 3, 192, 192] 0.0 1.0
Applied providers: ['CPUExecutionProvider'], with options: {'CPUExecutionProvider': {}}
find model: C:\Users\gokul krishana\OneDrive\Desktop\FaceRecognitionAI\models\.insightface\models\buffalo_l\det_10g.onnx detection [1, 3, '?', '?'] 127.5 128.0
Applied providers: ['CPUExecutionProvider'], with options: {'CPUExecutionProvider': {}}
find model: C:\Users\gokul krishana\OneDrive\Desktop\FaceRecognitionAI\models\.insightface\models\buffalo_l\genderage.onnx genderage ['None', 3, 96, 96] 0.0 1.0
Applied providers: ['CPUExecutionProvider'], with options: {'CPUExecutionProvider': {}}
find model: C:\Users\gokul krishana\OneDrive\Desktop\FaceRecognitionAI\models\.insightface\models\buffalo_l\w600k_r50.onnx recognition ['None', 3, 112, 112] 127.5 127.5
set det-size: (640, 640)
[ModelCache] Models loaded — 1 enrolled faces
[ModelCache] Loading shared AI models (YOLO, InsightFace, FAISS, AMFR)...
Applied providers: ['CPUExecutionProvider'], with options: {'CPUExecutionProvider': {}}
find model: C:\Users\gokul krishana\OneDrive\Desktop\FaceRecognitionAI\models\.insightface\models\buffalo_l\1k3d68.onnx landmark_3d_68 ['None', 3, 192, 192] 0.0 1.0
Applied providers: ['CPUExecutionProvider'], with options: {'CPUExecutionProvider': {}}
find model: C:\Users\gokul krishana\OneDrive\Desktop\FaceRecognitionAI\models\.insightface\models\buffalo_l\2d106det.onnx landmark_2d_106 ['None', 3, 192, 192] 0.0 1.0
Applied providers: ['CPUExecutionProvider'], with options: {'CPUExecutionProvider': {}}
find model: C:\Users\gokul krishana\OneDrive\Desktop\FaceRecognitionAI\models\.insightface\models\buffalo_l\det_10g.onnx detection [1, 3, '?', '?'] 127.5 128.0
Applied providers: ['CPUExecutionProvider'], with options: {'CPUExecutionProvider': {}}
find model: C:\Users\gokul krishana\OneDrive\Desktop\FaceRecognitionAI\models\.insightface\models\buffalo_l\genderage.onnx genderage ['None', 3, 96, 96] 0.0 1.0
Applied providers: ['CPUExecutionProvider'], with options: {'CPUExecutionProvider': {}}
find model: C:\Users\gokul krishana\OneDrive\Desktop\FaceRecognitionAI\models\.insightface\models\buffalo_l\w600k_r50.onnx recognition ['None', 3, 112, 112] 127.5 127.5
set det-size: (640, 640)
[ModelCache] Models loaded — 1 enrolled faces
[ModelCache] Loading shared AI models (YOLO, InsightFace, FAISS, AMFR)...
Applied providers: ['CPUExecutionProvider'], with options: {'CPUExecutionProvider': {}}
find model: C:\Users\gokul krishana\OneDrive\Desktop\FaceRecognitionAI\models\.insightface\models\buffalo_l\1k3d68.onnx landmark_3d_68 ['None', 3, 192, 192] 0.0 1.0
Applied providers: ['CPUExecutionProvider'], with options: {'CPUExecutionProvider': {}}
find model: C:\Users\gokul krishana\OneDrive\Desktop\FaceRecognitionAI\models\.insightface\models\buffalo_l\2d106det.onnx landmark_2d_106 ['None', 3, 192, 192] 0.0 1.0
Applied providers: ['CPUExecutionProvider'], with options: {'CPUExecutionProvider': {}}
find model: C:\Users\gokul krishana\OneDrive\Desktop\FaceRecognitionAI\models\.insightface\models\buffalo_l\det_10g.onnx detection [1, 3, '?', '?'] 127.5 128.0
Applied providers: ['CPUExecutionProvider'], with options: {'CPUExecutionProvider': {}}
find model: C:\Users\gokul krishana\OneDrive\Desktop\FaceRecognitionAI\models\.insightface\models\buffalo_l\genderage.onnx genderage ['None', 3, 96, 96] 0.0 1.0
Applied providers: ['CPUExecutionProvider'], with options: {'CPUExecutionProvider': {}}
find model: C:\Users\gokul krishana\OneDrive\Desktop\FaceRecognitionAI\models\.insightface\models\buffalo_l\w600k_r50.onnx recognition ['None', 3, 112, 112] 127.5 127.5
set det-size: (640, 640)
[ModelCache] Models loaded — 1 enrolled faces
[ModelCache] Loading shared AI models (YOLO, InsightFace, FAISS, AMFR)...
Applied providers: ['CPUExecutionProvider'], with options: {'CPUExecutionProvider': {}}
find model: C:\Users\gokul krishana\OneDrive\Desktop\FaceRecognitionAI\models\.insightface\models\buffalo_l\1k3d68.onnx landmark_3d_68 ['None', 3, 192, 192] 0.0 1.0
Applied providers: ['CPUExecutionProvider'], with options: {'CPUExecutionProvider': {}}
find model: C:\Users\gokul krishana\OneDrive\Desktop\FaceRecognitionAI\models\.insightface\models\buffalo_l\2d106det.onnx landmark_2d_106 ['None', 3, 192, 192] 0.0 1.0
Applied providers: ['CPUExecutionProvider'], with options: {'CPUExecutionProvider': {}}
find model: C:\Users\gokul krishana\OneDrive\Desktop\FaceRecognitionAI\models\.insightface\models\buffalo_l\det_10g.onnx detection [1, 3, '?', '?'] 127.5 128.0
Applied providers: ['CPUExecutionProvider'], with options: {'CPUExecutionProvider': {}}
find model: C:\Users\gokul krishana\OneDrive\Desktop\FaceRecognitionAI\models\.insightface\models\buffalo_l\genderage.onnx genderage ['None', 3, 96, 96] 0.0 1.0
Applied providers: ['CPUExecutionProvider'], with options: {'CPUExecutionProvider': {}}
find model: C:\Users\gokul krishana\OneDrive\Desktop\FaceRecognitionAI\models\.insightface\models\buffalo_l\w600k_r50.onnx recognition ['None', 3, 112, 112] 127.5 127.5
set det-size: (640, 640)
[ModelCache] Models loaded — 1 enrolled faces
[Webcam] Opened camera #0 via DirectShow
[ModelCache] Loading shared AI models (YOLO, InsightFace, FAISS, AMFR)...
Applied providers: ['CPUExecutionProvider'], with options: {'CPUExecutionProvider': {}}
find model: C:\Users\gokul krishana\OneDrive\Desktop\FaceRecognitionAI\models\.insightface\models\buffalo_l\1k3d68.onnx landmark_3d_68 ['None', 3, 192, 192] 0.0 1.0
Applied providers: ['CPUExecutionProvider'], with options: {'CPUExecutionProvider': {}}
find model: C:\Users\gokul krishana\OneDrive\Desktop\FaceRecognitionAI\models\.insightface\models\buffalo_l\2d106det.onnx landmark_2d_106 ['None', 3, 192, 192] 0.0 1.0
Applied providers: ['CPUExecutionProvider'], with options: {'CPUExecutionProvider': {}}
find model: C:\Users\gokul krishana\OneDrive\Desktop\FaceRecognitionAI\models\.insightface\models\buffalo_l\det_10g.onnx detection [1, 3, '?', '?'] 127.5 128.0
Applied providers: ['CPUExecutionProvider'], with options: {'CPUExecutionProvider': {}}
find model: C:\Users\gokul krishana\OneDrive\Desktop\FaceRecognitionAI\models\.insightface\models\buffalo_l\genderage.onnx genderage ['None', 3, 96, 96] 0.0 1.0
Applied providers: ['CPUExecutionProvider'], with options: {'CPUExecutionProvider': {}}
find model: C:\Users\gokul krishana\OneDrive\Desktop\FaceRecognitionAI\models\.insightface\models\buffalo_l\w600k_r50.onnx recognition ['None', 3, 112, 112] 127.5 127.5
set det-size: (640, 640)
[ModelCache] Models loaded — 1 enrolled faces
[ModelCache] Loading shared AI models (YOLO, InsightFace, FAISS, AMFR)...
Applied providers: ['CPUExecutionProvider'], with options: {'CPUExecutionProvider': {}}
find model: C:\Users\gokul krishana\OneDrive\Desktop\FaceRecognitionAI\models\.insightface\models\buffalo_l\1k3d68.onnx landmark_3d_68 ['None', 3, 192, 192] 0.0 1.0
Applied providers: ['CPUExecutionProvider'], with options: {'CPUExecutionProvider': {}}
find model: C:\Users\gokul krishana\OneDrive\Desktop\FaceRecognitionAI\models\.insightface\models\buffalo_l\2d106det.onnx landmark_2d_106 ['None', 3, 192, 192] 0.0 1.0
Applied providers: ['CPUExecutionProvider'], with options: {'CPUExecutionProvider': {}}
find model: C:\Users\gokul krishana\OneDrive\Desktop\FaceRecognitionAI\models\.insightface\models\buffalo_l\det_10g.onnxC:\Users\gokul krishana\AppData\Local\Programs\Python\Python312\Lib\site-packages\insightface\utils\face_align.py:23: FutureWarning: `estimate` is deprecated since version 0.26 and will be removed in version 2.2. Please use `SimilarityTransform.from_estimate` class constructor instead.
  tform.estimate(lmk, dst)
C:\Users\gokul krishana\AppData\Local\Programs\Python\Python312\Lib\site-packages\insightface\utils\face_align.py:23: FutureWarning: `estimate` is deprecated since version 0.26 and will be removed in version 2.2. Please use `SimilarityTransform.from_estimate` class constructor instead.
  tform.estimate(lmk, dst)
C:\Users\gokul krishana\AppData\Local\Programs\Python\Python312\Lib\site-packages\insightface\utils\face_align.py:23: FutureWarning: `estimate` is deprecated since version 0.26 and will be removed in version 2.2. Please use `SimilarityTransform.from_estimate` class constructor instead.
  tform.estimate(lmk, dst)
C:\Users\gokul krishana\AppData\Local\Programs\Python\Python312\Lib\site-packages\insightface\utils\face_align.py:23: FutureWarning: `estimate` is deprecated since version 0.26 and will be removed in version 2.2. Please use `SimilarityTransform.from_estimate` class constructor instead.
  tform.estimate(lmk, dst)
 detection [1, 3, '?', '?'] 127.5 128.0
Applied providers: ['CPUExecutionProvider'], with options: {'CPUExecutionProvider': {}}
find model: C:\Users\gokul krishana\OneDrive\Desktop\FaceRecognitionAI\models\.insightface\models\buffalo_l\genderage.onnx genderage ['None', 3, 96, 96] 0.0 1.0
Applied providers: ['CPUExecutionProvider'], with options: {'CPUExecutionProvider': {}}
find model: C:\Users\gokul krishana\OneDrive\Desktop\FaceRecognitionAI\models\.insightface\models\buffalo_l\w600k_r50.onnx recognition ['None', 3, 112, 112] 127.5 127.5
set det-size: (640, 640)
[ModelCache] Models loaded — 1 enrolled faces
[ModelCache] Loading shared AI models (YOLO, InsightFace, FAISS, AMFR)...
Applied providers: ['CPUExecutionProvider'], with options: {'CPUExecutionProvider': {}}
find model: C:\Users\gokul krishana\OneDrive\Desktop\FaceRecognitionAI\models\.insightface\models\buffalo_l\1k3d68.onnx landmark_3d_68 ['None', 3, 192, 192] 0.0 1.0
Applied providers: ['CPUExecutionProvider'], with options: {'CPUExecutionProvider': {}}
find model: C:\Users\gokul krishana\OneDrive\Desktop\FaceRecognitionAI\models\.insightface\models\buffalo_l\2d106det.onnx landmark_2d_106 ['None', 3, 192, 192] 0.0 1.0
Applied providers: ['CPUExecutionProvider'], with options: {'CPUExecutionProvider': {}}
find model: C:\Users\gokul krishana\OneDrive\Desktop\FaceRecognitionAI\models\.insightface\models\buffalo_l\det_10g.onnx detection [1, 3, '?', '?'] 127.5 128.0
Applied providers: ['CPUExecutionProvider'], with options: {'CPUExecutionProvider': {}}
find model: C:\Users\gokul krishana\OneDrive\Desktop\FaceRecognitionAI\models\.insightface\models\buffalo_l\genderage.onnx genderage ['None', 3, 96, 96] 0.0 1.0
Applied providers: ['CPUExecutionProvider'], with options: {'CPUExecutionProvider': {}}
find model: C:\Users\gokul krishana\OneDrive\Desktop\FaceRecognitionAI\models\.insightface\models\buffalo_l\w600k_r50.onnx recognition ['None', 3, 112, 112] 127.5 127.5
set det-size: (640, 640)
[ModelCache] Models loaded — 1 enrolled faces
[ModelCache] Loading shared AI models (YOLO, InsightFace, FAISS, AMFR)...
Applied providers: ['CPUExecutionProvider'], with options: {'CPUExecutionProvider': {}}
find model: C:\Users\gokul krishana\OneDrive\Desktop\FaceRecognitionAI\models\.insightface\models\buffalo_l\1k3d68.onnx landmark_3d_68 ['None', 3, 192, 192] 0.0 1.0
Applied providers: ['CPUExecutionProvider'], with options: {'CPUExecutionProvider': {}}
find model: C:\Users\gokul krishana\OneDrive\Desktop\FaceRecognitionAI\models\.insightface\models\buffalo_l\2d106det.onnx landmark_2d_106 ['None', 3, 192, 192] 0.0 1.0
Applied providers: ['CPUExecutionProvider'], with options: {'CPUExecutionProvider': {}}
find model: C:\Users\gokul krishana\OneDrive\Desktop\FaceRecognitionAI\models\.insightface\models\buffalo_l\det_10g.onnx detection [1, 3, '?', '?'] 127.5 128.0
Applied providers: ['CPUExecutionProvider'], with options: {'CPUExecutionProvider': {}}
find model: C:\Users\gokul krishana\OneDrive\Desktop\FaceRecognitionAI\models\.insightface\models\buffalo_l\genderage.onnx genderage ['None', 3, 96, 96] 0.0 1.0
Applied providers: ['CPUExecutionProvider'], with options: {'CPUExecutionProvider': {}}
find model: C:\Users\gokul krishana\OneDrive\Desktop\FaceRecognitionAI\models\.insightface\models\buffalo_l\w600k_r50.onnx recognition ['None', 3, 112, 112] 127.5 127.5
set det-size: (640, 640)
[ModelCache] Models loaded — 1 enrolled faces
[ModelCache] Loading shared AI models (YOLO, InsightFace, FAISS, AMFR)...
Applied providers: ['CPUExecutionProvider'], with options: {'CPUExecutionProvider': {}}
find model: C:\Users\gokul krishana\OneDrive\Desktop\FaceRecognitionAI\models\.insightface\models\buffalo_l\1k3d68.onnx landmark_3d_68 ['None', 3, 192, 192] 0.0 1.0
Applied providers: ['CPUExecutionProvider'], with options: {'CPUExecutionProvider': {}}
find model: C:\Users\gokul krishana\OneDrive\Desktop\FaceRecognitionAI\models\.insightface\models\buffalo_l\2d106det.onnx landmark_2d_106 ['None', 3, 192, 192] 0.0 1.0
Applied providers: ['CPUExecutionProvider'], with options: {'CPUExecutionProvider': {}}
find model: C:\Users\gokul krishana\OneDrive\Desktop\FaceRecognitionAI\models\.insightface\models\buffalo_l\det_10g.onnx detection [1, 3, '?', '?'] 127.5 128.0
Applied providers: ['CPUExecutionProvider'], with options: {'CPUExecutionProvider': {}}
find model: C:\Users\gokul krishana\OneDrive\Desktop\FaceRecognitionAI\models\.insightface\models\buffalo_l\genderage.onnx genderage ['None', 3, 96, 96] 0.0 1.0
Applied providers: ['CPUExecutionProvider'], with options: {'CPUExecutionProvider': {}}
find model: C:\Users\gokul krishana\OneDrive\Desktop\FaceRecognitionAI\models\.insightface\models\buffalo_l\w600k_r50.onnx recognition ['None', 3, 112, 112] 127.5 127.5
set det-size: (640, 640)
[ModelCache] Models loaded — 1 enrolled faces
[ModelCache] Loading shared AI models (YOLO, InsightFace, FAISS, AMFR)...
Applied providers: ['CPUExecutionProvider'], with options: {'CPUExecutionProvider': {}}
find model: C:\Users\gokul krishana\OneDrive\Desktop\FaceRecognitionAI\models\.insightface\models\buffalo_l\1k3d68.onnx landmark_3d_68 ['None', 3, 192, 192] 0.0 1.0
Applied providers: ['CPUExecutionProvider'], with options: {'CPUExecutionProvider': {}}
find model: C:\Users\gokul krishana\OneDrive\Desktop\FaceRecognitionAI\models\.insightface\models\buffalo_l\2d106det.onnx landmark_2d_106 ['None', 3, 192, 192] 0.0 1.0
Applied providers: ['CPUExecutionProvider'], with options: {'CPUExecutionProvider': {}}
find model: C:\Users\gokul krishana\OneDrive\Desktop\FaceRecognitionAI\models\.insightface\models\buffalo_l\det_10g.onnx detection [1, 3, '?', '?'] 127.5 128.0
Applied providers: ['CPUExecutionProvider'], with options: {'CPUExecutionProvider': {}}
find model: C:\Users\gokul krishana\OneDrive\Desktop\FaceRecognitionAI\models\.insightface\models\buffalo_l\genderage.onnx genderage ['None', 3, 96, 96] 0.0 1.0
Applied providers: ['CPUExecutionProvider'], with options: {'CPUExecutionProvider': {}}
find model: C:\Users\gokul krishana\OneDrive\Desktop\FaceRecognitionAI\models\.insightface\models\buffalo_l\w600k_r50.onnx recognition ['None', 3, 112, 112] 127.5 127.5
set det-size: (640, 640)
[ModelCache] Models loaded — 1 enrolled faces
[ModelCache] Loading shared AI models (YOLO, InsightFace, FAISS, AMFR)...
Applied providers: ['CPUExecutionProvider'], with options: {'CPUExecutionProvider': {}}
find model: C:\Users\gokul krishana\OneDrive\Desktop\FaceRecognitionAI\models\.insightface\models\buffalo_l\1k3d68.onnx landmark_3d_68 ['None', 3, 192, 192] 0.0 1.0
Applied providers: ['CPUExecutionProvider'], with options: {'CPUExecutionProvider': {}}
find model: C:\Users\gokul krishana\OneDrive\Desktop\FaceRecognitionAI\models\.insightface\models\buffalo_l\2d106det.onnx landmark_2d_106 ['None', 3, 192, 192] 0.0 1.0
Applied providers: ['CPUExecutionProvider'], with options: {'CPUExecutionProvider': {}}
find model: C:\Users\gokul krishana\OneDrive\Desktop\FaceRecognitionAI\models\.insightface\models\buffalo_l\det_10g.onnx detection [1, 3, '?', '?'] 127.5 128.0
Applied providers: ['CPUExecutionProvider'], with options: {'CPUExecutionProvider': {}}
find model: C:\Users\gokul krishana\OneDrive\Desktop\FaceRecognitionAI\models\.insightface\models\buffalo_l\genderage.onnx genderage ['None', 3, 96, 96] 0.0 1.0
Applied providers: ['CPUExecutionProvider'], with options: {'CPUExecutionProvider': {}}
find model: C:\Users\gokul krishana\OneDrive\Desktop\FaceRecognitionAI\models\.insightface\models\buffalo_l\w600k_r50.onnx recognition ['None', 3, 112, 112] 127.5 127.5
set det-size: (640, 640)
[ModelCache] Models loaded — 1 enrolled faces
[ModelCache] Loading shared AI models (YOLO, InsightFace, FAISS, AMFR)...
Applied providers: ['CPUExecutionProvider'], with options: {'CPUExecutionProvider': {}}
find model: C:\Users\gokul krishana\OneDrive\Desktop\FaceRecognitionAI\models\.insightface\models\buffalo_l\1k3d68.onnx landmark_3d_68 ['None', 3, 192, 192] 0.0 1.0
Applied providers: ['CPUExecutionProvider'], with options: {'CPUExecutionProvider': {}}
find model: C:\Users\gokul krishana\OneDrive\Desktop\FaceRecognitionAI\models\.insightface\models\buffalo_l\2d106det.onnxINFO  [alembic.runtime.migration] Context impl SQLiteImpl.
INFO  [alembic.runtime.migration] Will assume non-transactional DDL.
INFO  [alembic.runtime.migration] Context impl SQLiteImpl.
INFO  [alembic.runtime.migration] Will assume non-transactional DDL.
[ WARN:14@4116.938] global cap.cpp:344 cv::VideoCapture::open VIDEOIO(DSHOW): backend is generally available but can't be used to capture by index
[ WARN:14@4116.946] global cap.cpp:344 cv::VideoCapture::open VIDEOIO(DSHOW): backend is generally available but can't be used to capture by index
[ WARN:14@4116.949] global cap.cpp:344 cv::VideoCapture::open VIDEOIO(DSHOW): backend is generally available but can't be used to capture by index
[ WARN:14@4116.952] global cap.cpp:344 cv::VideoCapture::open VIDEOIO(DSHOW): backend is generally available but can't be used to capture by index
 landmark_2d_106 ['None', 3, 192, 192] 0.0 1.0
Applied providers: ['CPUExecutionProvider'], with options: {'CPUExecutionProvider': {}}
find model: C:\Users\gokul krishana\OneDrive\Desktop\FaceRecognitionAI\models\.insightface\models\buffalo_l\det_10g.onnx detection [1, 3, '?', '?'] 127.5 128.0
Applied providers: ['CPUExecutionProvider'], with options: {'CPUExecutionProvider': {}}
find model: C:\Users\gokul krishana\OneDrive\Desktop\FaceRecognitionAI\models\.insightface\models\buffalo_l\genderage.onnx genderage ['None', 3, 96, 96] 0.0 1.0
Applied providers: ['CPUExecutionProvider'], with options: {'CPUExecutionProvider': {}}
find model: C:\Users\gokul krishana\OneDrive\Desktop\FaceRecognitionAI\models\.insightface\models\buffalo_l\w600k_r50.onnx recognition ['None', 3, 112, 112] 127.5 127.5
set det-size: (640, 640)
[ModelCache] Models loaded — 1 enrolled faces
[ModelCache] Loading shared AI models (YOLO, InsightFace, FAISS, AMFR)...
Applied providers: ['CPUExecutionProvider'], with options: {'CPUExecutionProvider': {}}
find model: C:\Users\gokul krishana\OneDrive\Desktop\FaceRecognitionAI\models\.insightface\models\buffalo_l\1k3d68.onnx landmark_3d_68 ['None', 3, 192, 192] 0.0 1.0
Applied providers: ['CPUExecutionProvider'], with options: {'CPUExecutionProvider': {}}
find model: C:\Users\gokul krishana\OneDrive\Desktop\FaceRecognitionAI\models\.insightface\models\buffalo_l\2d106det.onnx landmark_2d_106 ['None', 3, 192, 192] 0.0 1.0
Applied providers: ['CPUExecutionProvider'], with options: {'CPUExecutionProvider': {}}
find model: C:\Users\gokul krishana\OneDrive\Desktop\FaceRecognitionAI\models\.insightface\models\buffalo_l\det_10g.onnx detection [1, 3, '?', '?'] 127.5 128.0
Applied providers: ['CPUExecutionProvider'], with options: {'CPUExecutionProvider': {}}
find model: C:\Users\gokul krishana\OneDrive\Desktop\FaceRecognitionAI\models\.insightface\models\buffalo_l\genderage.onnx genderage ['None', 3, 96, 96] 0.0 1.0
Applied providers: ['CPUExecutionProvider'], with options: {'CPUExecutionProvider': {}}
find model: C:\Users\gokul krishana\OneDrive\Desktop\FaceRecognitionAI\models\.insightface\models\buffalo_l\w600k_r50.onnx recognition ['None', 3, 112, 112] 127.5 127.5
set det-size: (640, 640)
[ModelCache] Models loaded — 1 enrolled faces
[ModelCache] Loading shared AI models (YOLO, InsightFace, FAISS, AMFR)...
Applied providers: ['CPUExecutionProvider'], with options: {'CPUExecutionProvider': {}}
find model: C:\Users\gokul krishana\OneDrive\Desktop\FaceRecognitionAI\models\.insightface\models\buffalo_l\1k3d68.onnx landmark_3d_68 ['None', 3, 192, 192] 0.0 1.0
Applied providers: ['CPUExecutionProvider'], with options: {'CPUExecutionProvider': {}}
find model: C:\Users\gokul krishana\OneDrive\Desktop\FaceRecognitionAI\models\.insightface\models\buffalo_l\2d106det.onnx landmark_2d_106 ['None', 3, 192, 192] 0.0 1.0
Applied providers: ['CPUExecutionProvider'], with options: {'CPUExecutionProvider': {}}
find model: C:\Users\gokul krishana\OneDrive\Desktop\FaceRecognitionAI\models\.insightface\models\buffalo_l\det_10g.onnx detection [1, 3, '?', '?'] 127.5 128.0
Applied providers: ['CPUExecutionProvider'], with options: {'CPUExecutionProvider': {}}
find model: C:\Users\gokul krishana\OneDrive\Desktop\FaceRecognitionAI\models\.insightface\models\buffalo_l\genderage.onnx genderage ['None', 3, 96, 96] 0.0 1.0
Applied providers: ['CPUExecutionProvider'], with options: {'CPUExecutionProvider': {}}
find model: C:\Users\gokul krishana\OneDrive\Desktop\FaceRecognitionAI\models\.insightface\models\buffalo_l\w600k_r50.onnx recognition ['None', 3, 112, 112] 127.5 127.5
set det-size: (640, 640)
[ModelCache] Models loaded — 1 enrolled faces
[ModelCache] Loading shared AI models (YOLO, InsightFace, FAISS, AMFR)...
Applied providers: ['CPUExecutionProvider'], with options: {'CPUExecutionProvider': {}}
find model: C:\Users\gokul krishana\OneDrive\Desktop\FaceRecognitionAI\models\.insightface\models\buffalo_l\1k3d68.onnx landmark_3d_68 ['None', 3, 192, 192] 0.0 1.0
Applied providers: ['CPUExecutionProvider'], with options: {'CPUExecutionProvider': {}}
find model: C:\Users\gokul krishana\OneDrive\Desktop\FaceRecognitionAI\models\.insightface\models\buffalo_l\2d106det.onnx landmark_2d_106 ['None', 3, 192, 192] 0.0 1.0
Applied providers: ['CPUExecutionProvider'], with options: {'CPUExecutionProvider': {}}
find model: C:\Users\gokul krishana\OneDrive\Desktop\FaceRecognitionAI\models\.insightface\models\buffalo_l\det_10g.onnx detection [1, 3, '?', '?'] 127.5 128.0
Applied providers: ['CPUExecutionProvider'], with options: {'CPUExecutionProvider': {}}
find model: C:\Users\gokul krishana\OneDrive\Desktop\FaceRecognitionAI\models\.insightface\models\buffalo_l\genderage.onnx genderage ['None', 3, 96, 96] 0.0 1.0
Applied providers: ['CPUExecutionProvider'], with options: {'CPUExecutionProvider': {}}
find model: C:\Users\gokul krishana\OneDrive\Desktop\FaceRecognitionAI\models\.insightface\models\buffalo_l\w600k_r50.onnx recognition ['None', 3, 112, 112] 127.5 127.5
set det-size: (640, 640)
[ModelCache] Models loaded — 1 enrolled faces
[ModelCache] Loading shared AI models (YOLO, InsightFace, FAISS, AMFR)...
Applied providers: ['CPUExecutionProvider'], with options: {'CPUExecutionProvider': {}}
find model: C:\Users\gokul krishana\OneDrive\Desktop\FaceRecognitionAI\models\.insightface\models\buffalo_l\1k3d68.onnx landmark_3d_68 ['None', 3, 192, 192] 0.0 1.0
Applied providers: ['CPUExecutionProvider'], with options: {'CPUExecutionProvider': {}}
find model: C:\Users\gokul krishana\OneDrive\Desktop\FaceRecognitionAI\models\.insightface\models\buffalo_l\2d106det.onnx landmark_2d_106 ['None', 3, 192, 192] 0.0 1.0
Applied providers: ['CPUExecutionProvider'], with options: {'CPUExecutionProvider': {}}
find model: C:\Users\gokul krishana\OneDrive\Desktop\FaceRecognitionAI\models\.insightface\models\buffalo_l\det_10g.onnx detection [1, 3, '?', '?'] 127.5 128.0
Applied providers: ['CPUExecutionProvider'], with options: {'CPUExecutionProvider': {}}
find model: C:\Users\gokul krishana\OneDrive\Desktop\FaceRecognitionAI\models\.insightface\models\buffalo_l\genderage.onnx genderage ['None', 3, 96, 96] 0.0 1.0
Applied providers: ['CPUExecutionProvider'], with options: {'CPUExecutionProvider': {}}
find model: C:\Users\gokul krishana\OneDrive\Desktop\FaceRecognitionAI\models\.insightface\models\buffalo_l\w600k_r50.onnx recognition ['None', 3, 112, 112] 127.5 127.5
set det-size: (640, 640)
[ModelCache] Models loaded — 1 enrolled faces
[ModelCache] Loading shared AI models (YOLO, InsightFace, FAISS, AMFR)...
Applied providers: ['CPUExecutionProvider'], with options: {'CPUExecutionProvider': {}}
find model: C:\Users\gokul krishana\OneDrive\Desktop\FaceRecognitionAI\models\.insightface\models\buffalo_l\1k3d68.onnx landmark_3d_68 ['None', 3, 192, 192] 0.0 1.0
Applied providers: ['CPUExecutionProvider'], with options: {'CPUExecutionProvider': {}}
find model: C:\Users\gokul krishana\OneDrive\Desktop\FaceRecognitionAI\models\.insightface\models\buffalo_l\2d106det.onnx landmark_2d_106 ['None', 3, 192, 192] 0.0 1.0
Applied providers: ['CPUExecutionProvider'], with options: {'CPUExecutionProvider': {}}
find model: C:\Users\gokul krishana\OneDrive\Desktop\FaceRecognitionAI\models\.insightface\models\buffalo_l\det_10g.onnx detection [1, 3, '?', '?'] 127.5 128.0
Applied providers: ['CPUExecutionProvider'], with options: {'CPUExecutionProvider': {}}
find model: C:\Users\gokul krishana\OneDrive\Desktop\FaceRecognitionAI\models\.insightface\models\buffalo_l\genderage.onnx genderage ['None', 3, 96, 96] 0.0 1.0
Applied providers: ['CPUExecutionProvider'], with options: {'CPUExecutionProvider': {}}
find model: C:\Users\gokul krishana\OneDrive\Desktop\FaceRecognitionAI\models\.insightface\models\buffalo_l\w600k_r50.onnx recognition ['None', 3, 112, 112] 127.5 127.5
set det-size: (640, 640)
[ModelCache] Models loaded — 1 enrolled faces
[Webcam] Opened camera #0 via DirectShow
[ModelCache] Loading shared AI models (YOLO, InsightFace, FAISS, AMFR)...
Applied providers: ['CPUExecutionProvider'], with options: {'CPUExecutionProvider': {}}C:\Users\gokul krishana\AppData\Local\Programs\Python\Python312\Lib\site-packages\insightface\utils\face_align.py:23: FutureWarning: `estimate` is deprecated since version 0.26 and will be removed in version 2.2. Please use `SimilarityTransform.from_estimate` class constructor instead.
  tform.estimate(lmk, dst)
C:\Users\gokul krishana\AppData\Local\Programs\Python\Python312\Lib\site-packages\insightface\utils\face_align.py:23: FutureWarning: `estimate` is deprecated since version 0.26 and will be removed in version 2.2. Please use `SimilarityTransform.from_estimate` class constructor instead.
  tform.estimate(lmk, dst)
C:\Users\gokul krishana\AppData\Local\Programs\Python\Python312\Lib\site-packages\insightface\utils\face_align.py:23: FutureWarning: `estimate` is deprecated since version 0.26 and will be removed in version 2.2. Please use `SimilarityTransform.from_estimate` class constructor instead.
  tform.estimate(lmk, dst)
C:\Users\gokul krishana\AppData\Local\Programs\Python\Python312\Lib\site-packages\insightface\utils\face_align.py:23: FutureWarning: `estimate` is deprecated since version 0.26 and will be removed in version 2.2. Please use `SimilarityTransform.from_estimate` class constructor instead.
  tform.estimate(lmk, dst)

find model: C:\Users\gokul krishana\OneDrive\Desktop\FaceRecognitionAI\models\.insightface\models\buffalo_l\1k3d68.onnx landmark_3d_68 ['None', 3, 192, 192] 0.0 1.0
Applied providers: ['CPUExecutionProvider'], with options: {'CPUExecutionProvider': {}}
find model: C:\Users\gokul krishana\OneDrive\Desktop\FaceRecognitionAI\models\.insightface\models\buffalo_l\2d106det.onnx landmark_2d_106 ['None', 3, 192, 192] 0.0 1.0
Applied providers: ['CPUExecutionProvider'], with options: {'CPUExecutionProvider': {}}
find model: C:\Users\gokul krishana\OneDrive\Desktop\FaceRecognitionAI\models\.insightface\models\buffalo_l\det_10g.onnx detection [1, 3, '?', '?'] 127.5 128.0
Applied providers: ['CPUExecutionProvider'], with options: {'CPUExecutionProvider': {}}
find model: C:\Users\gokul krishana\OneDrive\Desktop\FaceRecognitionAI\models\.insightface\models\buffalo_l\genderage.onnx genderage ['None', 3, 96, 96] 0.0 1.0
Applied providers: ['CPUExecutionProvider'], with options: {'CPUExecutionProvider': {}}
find model: C:\Users\gokul krishana\OneDrive\Desktop\FaceRecognitionAI\models\.insightface\models\buffalo_l\w600k_r50.onnx recognition ['None', 3, 112, 112] 127.5 127.5
set det-size: (640, 640)
[ModelCache] Models loaded — 1 enrolled faces
[ModelCache] Loading shared AI models (YOLO, InsightFace, FAISS, AMFR)...
Applied providers: ['CPUExecutionProvider'], with options: {'CPUExecutionProvider': {}}
find model: C:\Users\gokul krishana\OneDrive\Desktop\FaceRecognitionAI\models\.insightface\models\buffalo_l\1k3d68.onnx landmark_3d_68 ['None', 3, 192, 192] 0.0 1.0
Applied providers: ['CPUExecutionProvider'], with options: {'CPUExecutionProvider': {}}
find model: C:\Users\gokul krishana\OneDrive\Desktop\FaceRecognitionAI\models\.insightface\models\buffalo_l\2d106det.onnx landmark_2d_106 ['None', 3, 192, 192] 0.0 1.0
Applied providers: ['CPUExecutionProvider'], with options: {'CPUExecutionProvider': {}}
find model: C:\Users\gokul krishana\OneDrive\Desktop\FaceRecognitionAI\models\.insightface\models\buffalo_l\det_10g.onnx detection [1, 3, '?', '?'] 127.5 128.0
Applied providers: ['CPUExecutionProvider'], with options: {'CPUExecutionProvider': {}}
find model: C:\Users\gokul krishana\OneDrive\Desktop\FaceRecognitionAI\models\.insightface\models\buffalo_l\genderage.onnx genderage ['None', 3, 96, 96] 0.0 1.0
Applied providers: ['CPUExecutionProvider'], with options: {'CPUExecutionProvider': {}}
find model: C:\Users\gokul krishana\OneDrive\Desktop\FaceRecognitionAI\models\.insightface\models\buffalo_l\w600k_r50.onnx recognition ['None', 3, 112, 112] 127.5 127.5
set det-size: (640, 640)
[ModelCache] Models loaded — 1 enrolled faces
[ModelCache] Loading shared AI models (YOLO, InsightFace, FAISS, AMFR)...
Applied providers: ['CPUExecutionProvider'], with options: {'CPUExecutionProvider': {}}
find model: C:\Users\gokul krishana\OneDrive\Desktop\FaceRecognitionAI\models\.insightface\models\buffalo_l\1k3d68.onnx landmark_3d_68 ['None', 3, 192, 192] 0.0 1.0
Applied providers: ['CPUExecutionProvider'], with options: {'CPUExecutionProvider': {}}
find model: C:\Users\gokul krishana\OneDrive\Desktop\FaceRecognitionAI\models\.insightface\models\buffalo_l\2d106det.onnx landmark_2d_106 ['None', 3, 192, 192] 0.0 1.0
Applied providers: ['CPUExecutionProvider'], with options: {'CPUExecutionProvider': {}}
find model: C:\Users\gokul krishana\OneDrive\Desktop\FaceRecognitionAI\models\.insightface\models\buffalo_l\det_10g.onnx detection [1, 3, '?', '?'] 127.5 128.0
Applied providers: ['CPUExecutionProvider'], with options: {'CPUExecutionProvider': {}}
find model: C:\Users\gokul krishana\OneDrive\Desktop\FaceRecognitionAI\models\.insightface\models\buffalo_l\genderage.onnx genderage ['None', 3, 96, 96] 0.0 1.0
Applied providers: ['CPUExecutionProvider'], with options: {'CPUExecutionProvider': {}}
find model: C:\Users\gokul krishana\OneDrive\Desktop\FaceRecognitionAI\models\.insightface\models\buffalo_l\w600k_r50.onnx recognition ['None', 3, 112, 112] 127.5 127.5
set det-size: (640, 640)
[ModelCache] Models loaded — 1 enrolled faces
[ModelCache] Loading shared AI models (YOLO, InsightFace, FAISS, AMFR)...
Applied providers: ['CPUExecutionProvider'], with options: {'CPUExecutionProvider': {}}
find model: C:\Users\gokul krishana\OneDrive\Desktop\FaceRecognitionAI\models\.insightface\models\buffalo_l\1k3d68.onnx landmark_3d_68 ['None', 3, 192, 192] 0.0 1.0
Applied providers: ['CPUExecutionProvider'], with options: {'CPUExecutionProvider': {}}
find model: C:\Users\gokul krishana\OneDrive\Desktop\FaceRecognitionAI\models\.insightface\models\buffalo_l\2d106det.onnx landmark_2d_106 ['None', 3, 192, 192] 0.0 1.0
Applied providers: ['CPUExecutionProvider'], with options: {'CPUExecutionProvider': {}}
find model: C:\Users\gokul krishana\OneDrive\Desktop\FaceRecognitionAI\models\.insightface\models\buffalo_l\det_10g.onnx detection [1, 3, '?', '?'] 127.5 128.0
Applied providers: ['CPUExecutionProvider'], with options: {'CPUExecutionProvider': {}}
find model: C:\Users\gokul krishana\OneDrive\Desktop\FaceRecognitionAI\models\.insightface\models\buffalo_l\genderage.onnx genderage ['None', 3, 96, 96] 0.0 1.0
Applied providers: ['CPUExecutionProvider'], with options: {'CPUExecutionProvider': {}}
find model: C:\Users\gokul krishana\OneDrive\Desktop\FaceRecognitionAI\models\.insightface\models\buffalo_l\w600k_r50.onnx recognition ['None', 3, 112, 112] 127.5 127.5
set det-size: (640, 640)
[ModelCache] Models loaded — 1 enrolled faces
[ModelCache] Loading shared AI models (YOLO, InsightFace, FAISS, AMFR)...
Applied providers: ['CPUExecutionProvider'], with options: {'CPUExecutionProvider': {}}
find model: C:\Users\gokul krishana\OneDrive\Desktop\FaceRecognitionAI\models\.insightface\models\buffalo_l\1k3d68.onnx landmark_3d_68 ['None', 3, 192, 192] 0.0 1.0
Applied providers: ['CPUExecutionProvider'], with options: {'CPUExecutionProvider': {}}
find model: C:\Users\gokul krishana\OneDrive\Desktop\FaceRecognitionAI\models\.insightface\models\buffalo_l\2d106det.onnx landmark_2d_106 ['None', 3, 192, 192] 0.0 1.0
Applied providers: ['CPUExecutionProvider'], with options: {'CPUExecutionProvider': {}}
find model: C:\Users\gokul krishana\OneDrive\Desktop\FaceRecognitionAI\models\.insightface\models\buffalo_l\det_10g.onnx detection [1, 3, '?', '?'] 127.5 128.0
Applied providers: ['CPUExecutionProvider'], with options: {'CPUExecutionProvider': {}}
find model: C:\Users\gokul krishana\OneDrive\Desktop\FaceRecognitionAI\models\.insightface\models\buffalo_l\genderage.onnx genderage ['None', 3, 96, 96] 0.0 1.0
Applied providers: ['CPUExecutionProvider'], with options: {'CPUExecutionProvider': {}}
find model: C:\Users\gokul krishana\OneDrive\Desktop\FaceRecognitionAI\models\.insightface\models\buffalo_l\w600k_r50.onnx recognition ['None', 3, 112, 112] 127.5 127.5
set det-size: (640, 640)
[ModelCache] Models loaded — 1 enrolled faces
[ModelCache] Loading shared AI models (YOLO, InsightFace, FAISS, AMFR)...
Applied providers: ['CPUExecutionProvider'], with options: {'CPUExecutionProvider': {}}
find model: C:\Users\gokul krishana\OneDrive\Desktop\FaceRecognitionAI\models\.insightface\models\buffalo_l\1k3d68.onnx landmark_3d_68 ['None', 3, 192, 192] 0.0 1.0
Applied providers: ['CPUExecutionProvider'], with options: {'CPUExecutionProvider': {}}
find model: C:\Users\gokul krishana\OneDrive\Desktop\FaceRecognitionAI\models\.insightface\models\buffalo_l\2d106det.onnx landmark_2d_106 ['None', 3, 192, 192] 0.0 1.0
Applied providers: ['CPUExecutionProvider'], with options: {'CPUExecutionProvider': {}}
find model: C:\Users\gokul krishana\OneDrive\Desktop\FaceRecognitionAI\models\.insightface\models\buffalo_l\det_10g.onnx detection [1, 3, '?', '?'] 127.5 128.0
Applied providers: ['CPUExecutionProvider'], with options: {'CPUExecutionProvider': {}}
find model: C:\Users\gokul krishana\OneDrive\Desktop\FaceRecognitionAI\models\.insightface\models\buffalo_l\genderage.onnx genderage ['None', 3, 96, 96] 0.0 1.0
Applied providers: ['CPUExecutionProvider'], with options: {'CPUExecutionProvider': {}}
find model: C:\Users\gokul krishana\OneDrive\Desktop\FaceRecognitionAI\models\.insightface\models\buffalo_l\w600k_r50.onnxC:\Users\gokul krishana\AppData\Local\Programs\Python\Python312\Lib\site-packages\insightface\utils\face_align.py:23: FutureWarning: `estimate` is deprecated since version 0.26 and will be removed in version 2.2. Please use `SimilarityTransform.from_estimate` class constructor instead.
  tform.estimate(lmk, dst)
C:\Users\gokul krishana\AppData\Local\Programs\Python\Python312\Lib\site-packages\insightface\utils\face_align.py:23: FutureWarning: `estimate` is deprecated since version 0.26 and will be removed in version 2.2. Please use `SimilarityTransform.from_estimate` class constructor instead.
  tform.estimate(lmk, dst)
C:\Users\gokul krishana\AppData\Local\Programs\Python\Python312\Lib\site-packages\insightface\utils\face_align.py:23: FutureWarning: `estimate` is deprecated since version 0.26 and will be removed in version 2.2. Please use `SimilarityTransform.from_estimate` class constructor instead.
  tform.estimate(lmk, dst)
 recognition ['None', 3, 112, 112] 127.5 127.5
set det-size: (640, 640)
[ModelCache] Models loaded — 1 enrolled faces
[ModelCache] Loading shared AI models (YOLO, InsightFace, FAISS, AMFR)...
Applied providers: ['CPUExecutionProvider'], with options: {'CPUExecutionProvider': {}}
find model: C:\Users\gokul krishana\OneDrive\Desktop\FaceRecognitionAI\models\.insightface\models\buffalo_l\1k3d68.onnx landmark_3d_68 ['None', 3, 192, 192] 0.0 1.0
Applied providers: ['CPUExecutionProvider'], with options: {'CPUExecutionProvider': {}}
find model: C:\Users\gokul krishana\OneDrive\Desktop\FaceRecognitionAI\models\.insightface\models\buffalo_l\2d106det.onnx landmark_2d_106 ['None', 3, 192, 192] 0.0 1.0
Applied providers: ['CPUExecutionProvider'], with options: {'CPUExecutionProvider': {}}
find model: C:\Users\gokul krishana\OneDrive\Desktop\FaceRecognitionAI\models\.insightface\models\buffalo_l\det_10g.onnx detection [1, 3, '?', '?'] 127.5 128.0
Applied providers: ['CPUExecutionProvider'], with options: {'CPUExecutionProvider': {}}
find model: C:\Users\gokul krishana\OneDrive\Desktop\FaceRecognitionAI\models\.insightface\models\buffalo_l\genderage.onnx genderage ['None', 3, 96, 96] 0.0 1.0
Applied providers: ['CPUExecutionProvider'], with options: {'CPUExecutionProvider': {}}
find model: C:\Users\gokul krishana\OneDrive\Desktop\FaceRecognitionAI\models\.insightface\models\buffalo_l\w600k_r50.onnx recognition ['None', 3, 112, 112] 127.5 127.5
set det-size: (640, 640)
[ModelCache] Models loaded — 1 enrolled faces
[ModelCache] Loading shared AI models (YOLO, InsightFace, FAISS, AMFR)...
Applied providers: ['CPUExecutionProvider'], with options: {'CPUExecutionProvider': {}}
find model: C:\Users\gokul krishana\OneDrive\Desktop\FaceRecognitionAI\models\.insightface\models\buffalo_l\1k3d68.onnx landmark_3d_68 ['None', 3, 192, 192] 0.0 1.0
Applied providers: ['CPUExecutionProvider'], with options: {'CPUExecutionProvider': {}}
find model: C:\Users\gokul krishana\OneDrive\Desktop\FaceRecognitionAI\models\.insightface\models\buffalo_l\2d106det.onnx landmark_2d_106 ['None', 3, 192, 192] 0.0 1.0
Applied providers: ['CPUExecutionProvider'], with options: {'CPUExecutionProvider': {}}
find model: C:\Users\gokul krishana\OneDrive\Desktop\FaceRecognitionAI\models\.insightface\models\buffalo_l\det_10g.onnx detection [1, 3, '?', '?'] 127.5 128.0
Applied providers: ['CPUExecutionProvider'], with options: {'CPUExecutionProvider': {}}
find model: C:\Users\gokul krishana\OneDrive\Desktop\FaceRecognitionAI\models\.insightface\models\buffalo_l\genderage.onnx genderage ['None', 3, 96, 96] 0.0 1.0
Applied providers: ['CPUExecutionProvider'], with options: {'CPUExecutionProvider': {}}
find model: C:\Users\gokul krishana\OneDrive\Desktop\FaceRecognitionAI\models\.insightface\models\buffalo_l\w600k_r50.onnx recognition ['None', 3, 112, 112] 127.5 127.5
set det-size: (640, 640)
[ModelCache] Models loaded — 1 enrolled faces
[ModelCache] Loading shared AI models (YOLO, InsightFace, FAISS, AMFR)...
Applied providers: ['CPUExecutionProvider'], with options: {'CPUExecutionProvider': {}}
find model: C:\Users\gokul krishana\OneDrive\Desktop\FaceRecognitionAI\models\.insightface\models\buffalo_l\1k3d68.onnx landmark_3d_68 ['None', 3, 192, 192] 0.0 1.0
Applied providers: ['CPUExecutionProvider'], with options: {'CPUExecutionProvider': {}}
find model: C:\Users\gokul krishana\OneDrive\Desktop\FaceRecognitionAI\models\.insightface\models\buffalo_l\2d106det.onnx landmark_2d_106 ['None', 3, 192, 192] 0.0 1.0
Applied providers: ['CPUExecutionProvider'], with options: {'CPUExecutionProvider': {}}
find model: C:\Users\gokul krishana\OneDrive\Desktop\FaceRecognitionAI\models\.insightface\models\buffalo_l\det_10g.onnx detection [1, 3, '?', '?'] 127.5 128.0
Applied providers: ['CPUExecutionProvider'], with options: {'CPUExecutionProvider': {}}
find model: C:\Users\gokul krishana\OneDrive\Desktop\FaceRecognitionAI\models\.insightface\models\buffalo_l\genderage.onnx genderage ['None', 3, 96, 96] 0.0 1.0
Applied providers: ['CPUExecutionProvider'], with options: {'CPUExecutionProvider': {}}
find model: C:\Users\gokul krishana\OneDrive\Desktop\FaceRecognitionAI\models\.insightface\models\buffalo_l\w600k_r50.onnx recognition ['None', 3, 112, 112] 127.5 127.5
set det-size: (640, 640)
[ModelCache] Models loaded — 1 enrolled faces
[ModelCache] Loading shared AI models (YOLO, InsightFace, FAISS, AMFR)...
Applied providers: ['CPUExecutionProvider'], with options: {'CPUExecutionProvider': {}}
find model: C:\Users\gokul krishana\OneDrive\Desktop\FaceRecognitionAI\models\.insightface\models\buffalo_l\1k3d68.onnx landmark_3d_68 ['None', 3, 192, 192] 0.0 1.0
Applied providers: ['CPUExecutionProvider'], with options: {'CPUExecutionProvider': {}}
find model: C:\Users\gokul krishana\OneDrive\Desktop\FaceRecognitionAI\models\.insightface\models\buffalo_l\2d106det.onnx landmark_2d_106 ['None', 3, 192, 192] 0.0 1.0
Applied providers: ['CPUExecutionProvider'], with options: {'CPUExecutionProvider': {}}
find model: C:\Users\gokul krishana\OneDrive\Desktop\FaceRecognitionAI\models\.insightface\models\buffalo_l\det_10g.onnx detection [1, 3, '?', '?'] 127.5 128.0
Applied providers: ['CPUExecutionProvider'], with options: {'CPUExecutionProvider': {}}
find model: C:\Users\gokul krishana\OneDrive\Desktop\FaceRecognitionAI\models\.insightface\models\buffalo_l\genderage.onnx genderage ['None', 3, 96, 96] 0.0 1.0
Applied providers: ['CPUExecutionProvider'], with options: {'CPUExecutionProvider': {}}
find model: C:\Users\gokul krishana\OneDrive\Desktop\FaceRecognitionAI\models\.insightface\models\buffalo_l\w600k_r50.onnx recognition ['None', 3, 112, 112] 127.5 127.5
set det-size: (640, 640)
[ModelCache] Models loaded — 1 enrolled faces
[ModelCache] Loading shared AI models (YOLO, InsightFace, FAISS, AMFR)...
Applied providers: ['CPUExecutionProvider'], with options: {'CPUExecutionProvider': {}}
find model: C:\Users\gokul krishana\OneDrive\Desktop\FaceRecognitionAI\models\.insightface\models\buffalo_l\1k3d68.onnx landmark_3d_68 ['None', 3, 192, 192] 0.0 1.0
Applied providers: ['CPUExecutionProvider'], with options: {'CPUExecutionProvider': {}}
find model: C:\Users\gokul krishana\OneDrive\Desktop\FaceRecognitionAI\models\.insightface\models\buffalo_l\2d106det.onnx landmark_2d_106 ['None', 3, 192, 192] 0.0 1.0
Applied providers: ['CPUExecutionProvider'], with options: {'CPUExecutionProvider': {}}
find model: C:\Users\gokul krishana\OneDrive\Desktop\FaceRecognitionAI\models\.insightface\models\buffalo_l\det_10g.onnx detection [1, 3, '?', '?'] 127.5 128.0
Applied providers: ['CPUExecutionProvider'], with options: {'CPUExecutionProvider': {}}
find model: C:\Users\gokul krishana\OneDrive\Desktop\FaceRecognitionAI\models\.insightface\models\buffalo_l\genderage.onnx genderage ['None', 3, 96, 96] 0.0 1.0
Applied providers: ['CPUExecutionProvider'], with options: {'CPUExecutionProvider': {}}
find model: C:\Users\gokul krishana\OneDrive\Desktop\FaceRecognitionAI\models\.insightface\models\buffalo_l\w600k_r50.onnx recognition ['None', 3, 112, 112] 127.5 127.5
set det-size: (640, 640)
[ModelCache] Models loaded — 1 enrolled faces
[ModelCache] Loading shared AI models (YOLO, InsightFace, FAISS, AMFR)...
Applied providers: ['CPUExecutionProvider'], with options: {'CPUExecutionProvider': {}}
find model: C:\Users\gokul krishana\OneDrive\Desktop\FaceRecognitionAI\models\.insightface\models\buffalo_l\1k3d68.onnx landmark_3d_68 ['None', 3, 192, 192] 0.0 1.0
Applied providers: ['CPUExecutionProvider'], with options: {'CPUExecutionProvider': {}}
find model: C:\Users\gokul krishana\OneDrive\Desktop\FaceRecognitionAI\models\.insightface\models\buffalo_l\2d106det.onnx landmark_2d_106 ['None', 3, 192, 192] 0.0 1.0
Applied providers: ['CPUExecutionProvider'], with options: {'CPUExecutionProvider': {}}
find model: C:\Users\gokul krishana\OneDrive\Desktop\FaceRecognitionAI\models\.insightface\models\buffalo_l\det_10g.onnx detection [1, 3, '?', '?'] 127.5 128.0
Applied providers: ['CPUExecutionProvider'], with options: {'CPUExecutionProvider': {}}
find model: C:\Users\gokul krishana\OneDrive\Desktop\FaceRecognitionAI\models\.insightface\models\buffalo_l\genderage.onnxC:\Users\gokul krishana\AppData\Local\Programs\Python\Python312\Lib\site-packages\insightface\utils\face_align.py:23: FutureWarning: `estimate` is deprecated since version 0.26 and will be removed in version 2.2. Please use `SimilarityTransform.from_estimate` class constructor instead.
  tform.estimate(lmk, dst)
C:\Users\gokul krishana\AppData\Local\Programs\Python\Python312\Lib\site-packages\insightface\utils\face_align.py:23: FutureWarning: `estimate` is deprecated since version 0.26 and will be removed in version 2.2. Please use `SimilarityTransform.from_estimate` class constructor instead.
  tform.estimate(lmk, dst)
C:\Users\gokul krishana\AppData\Local\Programs\Python\Python312\Lib\site-packages\insightface\utils\face_align.py:23: FutureWarning: `estimate` is deprecated since version 0.26 and will be removed in version 2.2. Please use `SimilarityTransform.from_estimate` class constructor instead.
  tform.estimate(lmk, dst)
C:\Users\gokul krishana\AppData\Local\Programs\Python\Python312\Lib\site-packages\insightface\utils\face_align.py:23: FutureWarning: `estimate` is deprecated since version 0.26 and will be removed in version 2.2. Please use `SimilarityTransform.from_estimate` class constructor instead.
  tform.estimate(lmk, dst)
C:\Users\gokul krishana\AppData\Local\Programs\Python\Python312\Lib\site-packages\insightface\utils\face_align.py:23: FutureWarning: `estimate` is deprecated since version 0.26 and will be removed in version 2.2. Please use `SimilarityTransform.from_estimate` class constructor instead.
  tform.estimate(lmk, dst)
 genderage ['None', 3, 96, 96] 0.0 1.0
Applied providers: ['CPUExecutionProvider'], with options: {'CPUExecutionProvider': {}}
find model: C:\Users\gokul krishana\OneDrive\Desktop\FaceRecognitionAI\models\.insightface\models\buffalo_l\w600k_r50.onnx recognition ['None', 3, 112, 112] 127.5 127.5
set det-size: (640, 640)
[ModelCache] Models loaded — 1 enrolled faces
[ModelCache] Loading shared AI models (YOLO, InsightFace, FAISS, AMFR)...
Applied providers: ['CPUExecutionProvider'], with options: {'CPUExecutionProvider': {}}
find model: C:\Users\gokul krishana\OneDrive\Desktop\FaceRecognitionAI\models\.insightface\models\buffalo_l\1k3d68.onnx landmark_3d_68 ['None', 3, 192, 192] 0.0 1.0
Applied providers: ['CPUExecutionProvider'], with options: {'CPUExecutionProvider': {}}
find model: C:\Users\gokul krishana\OneDrive\Desktop\FaceRecognitionAI\models\.insightface\models\buffalo_l\2d106det.onnx landmark_2d_106 ['None', 3, 192, 192] 0.0 1.0
Applied providers: ['CPUExecutionProvider'], with options: {'CPUExecutionProvider': {}}
find model: C:\Users\gokul krishana\OneDrive\Desktop\FaceRecognitionAI\models\.insightface\models\buffalo_l\det_10g.onnx detection [1, 3, '?', '?'] 127.5 128.0
Applied providers: ['CPUExecutionProvider'], with options: {'CPUExecutionProvider': {}}
find model: C:\Users\gokul krishana\OneDrive\Desktop\FaceRecognitionAI\models\.insightface\models\buffalo_l\genderage.onnx genderage ['None', 3, 96, 96] 0.0 1.0
Applied providers: ['CPUExecutionProvider'], with options: {'CPUExecutionProvider': {}}
find model: C:\Users\gokul krishana\OneDrive\Desktop\FaceRecognitionAI\models\.insightface\models\buffalo_l\w600k_r50.onnx recognition ['None', 3, 112, 112] 127.5 127.5
set det-size: (640, 640)
[ModelCache] Models loaded — 1 enrolled faces
[ModelCache] Loading shared AI models (YOLO, InsightFace, FAISS, AMFR)...
Applied providers: ['CPUExecutionProvider'], with options: {'CPUExecutionProvider': {}}
find model: C:\Users\gokul krishana\OneDrive\Desktop\FaceRecognitionAI\models\.insightface\models\buffalo_l\1k3d68.onnx landmark_3d_68 ['None', 3, 192, 192] 0.0 1.0
Applied providers: ['CPUExecutionProvider'], with options: {'CPUExecutionProvider': {}}
find model: C:\Users\gokul krishana\OneDrive\Desktop\FaceRecognitionAI\models\.insightface\models\buffalo_l\2d106det.onnx landmark_2d_106 ['None', 3, 192, 192] 0.0 1.0
Applied providers: ['CPUExecutionProvider'], with options: {'CPUExecutionProvider': {}}
find model: C:\Users\gokul krishana\OneDrive\Desktop\FaceRecognitionAI\models\.insightface\models\buffalo_l\det_10g.onnx detection [1, 3, '?', '?'] 127.5 128.0
Applied providers: ['CPUExecutionProvider'], with options: {'CPUExecutionProvider': {}}
find model: C:\Users\gokul krishana\OneDrive\Desktop\FaceRecognitionAI\models\.insightface\models\buffalo_l\genderage.onnx genderage ['None', 3, 96, 96] 0.0 1.0
Applied providers: ['CPUExecutionProvider'], with options: {'CPUExecutionProvider': {}}
find model: C:\Users\gokul krishana\OneDrive\Desktop\FaceRecognitionAI\models\.insightface\models\buffalo_l\w600k_r50.onnx recognition ['None', 3, 112, 112] 127.5 127.5
set det-size: (640, 640)
[ModelCache] Models loaded — 1 enrolled faces
[ModelCache] Loading shared AI models (YOLO, InsightFace, FAISS, AMFR)...
Applied providers: ['CPUExecutionProvider'], with options: {'CPUExecutionProvider': {}}
find model: C:\Users\gokul krishana\OneDrive\Desktop\FaceRecognitionAI\models\.insightface\models\buffalo_l\1k3d68.onnx landmark_3d_68 ['None', 3, 192, 192] 0.0 1.0
Applied providers: ['CPUExecutionProvider'], with options: {'CPUExecutionProvider': {}}
find model: C:\Users\gokul krishana\OneDrive\Desktop\FaceRecognitionAI\models\.insightface\models\buffalo_l\2d106det.onnx landmark_2d_106 ['None', 3, 192, 192] 0.0 1.0
Applied providers: ['CPUExecutionProvider'], with options: {'CPUExecutionProvider': {}}
find model: C:\Users\gokul krishana\OneDrive\Desktop\FaceRecognitionAI\models\.insightface\models\buffalo_l\det_10g.onnx detection [1, 3, '?', '?'] 127.5 128.0
Applied providers: ['CPUExecutionProvider'], with options: {'CPUExecutionProvider': {}}
find model: C:\Users\gokul krishana\OneDrive\Desktop\FaceRecognitionAI\models\.insightface\models\buffalo_l\genderage.onnx genderage ['None', 3, 96, 96] 0.0 1.0
Applied providers: ['CPUExecutionProvider'], with options: {'CPUExecutionProvider': {}}
find model: C:\Users\gokul krishana\OneDrive\Desktop\FaceRecognitionAI\models\.insightface\models\buffalo_l\w600k_r50.onnx recognition ['None', 3, 112, 112] 127.5 127.5
set det-size: (640, 640)
[ModelCache] Models loaded — 1 enrolled faces
[ModelCache] Loading shared AI models (YOLO, InsightFace, FAISS, AMFR)...
Applied providers: ['CPUExecutionProvider'], with options: {'CPUExecutionProvider': {}}
find model: C:\Users\gokul krishana\OneDrive\Desktop\FaceRecognitionAI\models\.insightface\models\buffalo_l\1k3d68.onnx landmark_3d_68 ['None', 3, 192, 192] 0.0 1.0
Applied providers: ['CPUExecutionProvider'], with options: {'CPUExecutionProvider': {}}
find model: C:\Users\gokul krishana\OneDrive\Desktop\FaceRecognitionAI\models\.insightface\models\buffalo_l\2d106det.onnx landmark_2d_106 ['None', 3, 192, 192] 0.0 1.0
Applied providers: ['CPUExecutionProvider'], with options: {'CPUExecutionProvider': {}}
find model: C:\Users\gokul krishana\OneDrive\Desktop\FaceRecognitionAI\models\.insightface\models\buffalo_l\det_10g.onnx detection [1, 3, '?', '?'] 127.5 128.0
Applied providers: ['CPUExecutionProvider'], with options: {'CPUExecutionProvider': {}}
find model: C:\Users\gokul krishana\OneDrive\Desktop\FaceRecognitionAI\models\.insightface\models\buffalo_l\genderage.onnx genderage ['None', 3, 96, 96] 0.0 1.0
Applied providers: ['CPUExecutionProvider'], with options: {'CPUExecutionProvider': {}}
find model: C:\Users\gokul krishana\OneDrive\Desktop\FaceRecognitionAI\models\.insightface\models\buffalo_l\w600k_r50.onnx recognition ['None', 3, 112, 112] 127.5 127.5
set det-size: (640, 640)
[ModelCache] Models loaded — 1 enrolled faces
[ModelCache] Loading shared AI models (YOLO, InsightFace, FAISS, AMFR)...
Applied providers: ['CPUExecutionProvider'], with options: {'CPUExecutionProvider': {}}
find model: C:\Users\gokul krishana\OneDrive\Desktop\FaceRecognitionAI\models\.insightface\models\buffalo_l\1k3d68.onnx landmark_3d_68 ['None', 3, 192, 192] 0.0 1.0
Applied providers: ['CPUExecutionProvider'], with options: {'CPUExecutionProvider': {}}
find model: C:\Users\gokul krishana\OneDrive\Desktop\FaceRecognitionAI\models\.insightface\models\buffalo_l\2d106det.onnx landmark_2d_106 ['None', 3, 192, 192] 0.0 1.0
Applied providers: ['CPUExecutionProvider'], with options: {'CPUExecutionProvider': {}}
find model: C:\Users\gokul krishana\OneDrive\Desktop\FaceRecognitionAI\models\.insightface\models\buffalo_l\det_10g.onnx detection [1, 3, '?', '?'] 127.5 128.0
Applied providers: ['CPUExecutionProvider'], with options: {'CPUExecutionProvider': {}}
find model: C:\Users\gokul krishana\OneDrive\Desktop\FaceRecognitionAI\models\.insightface\models\buffalo_l\genderage.onnx genderage ['None', 3, 96, 96] 0.0 1.0
Applied providers: ['CPUExecutionProvider'], with options: {'CPUExecutionProvider': {}}
find model: C:\Users\gokul krishana\OneDrive\Desktop\FaceRecognitionAI\models\.insightface\models\buffalo_l\w600k_r50.onnx recognition ['None', 3, 112, 112] 127.5 127.5
set det-size: (640, 640)
[ModelCache] Models loaded — 1 enrolled faces
[ModelCache] Loading shared AI models (YOLO, InsightFace, FAISS, AMFR)...
Applied providers: ['CPUExecutionProvider'], with options: {'CPUExecutionProvider': {}}
find model: C:\Users\gokul krishana\OneDrive\Desktop\FaceRecognitionAI\models\.insightface\models\buffalo_l\1k3d68.onnx landmark_3d_68 ['None', 3, 192, 192] 0.0 1.0
Applied providers: ['CPUExecutionProvider'], with options: {'CPUExecutionProvider': {}}
find model: C:\Users\gokul krishana\OneDrive\Desktop\FaceRecognitionAI\models\.insightface\models\buffalo_l\2d106det.onnx landmark_2d_106 ['None', 3, 192, 192] 0.0 1.0
Applied providers: ['CPUExecutionProvider'], with options: {'CPUExecutionProvider': {}}
find model: C:\Users\gokul krishana\OneDrive\Desktop\FaceRecognitionAI\models\.insightface\models\buffalo_l\det_10g.onnx